From,To,From_Lat,From_Lng,To_Lat,To_Lng,Distance_KM,Time_Min,Transfers,Buses,Route_Steps
"Secunderabad Railway Station","Afzalgunj",17.43426,78.50158,17.37331,78.47693,8.3,28,0,"251M/A","251M/A: Secunderabad Railway Station → Afzalgunj (7 stops)"
"Secunderabad Railway Station","Alugadda Bhavi",17.43426,78.50158,17.43531,78.51438,1.4,5,0,"186","186: Secunderabad Railway Station → Alugadda Bhavi (2 stops)"
"Secunderabad Railway Station","Patny",17.43426,78.50158,17.44318,78.49625,1.1,4,0,"30","30: Secunderabad Railway Station → Patny (2 stops)"
"Secunderabad Railway Station","Cbs",17.43426,78.50158,17.37823,78.48168,7.3,25,1,"219 → 1J","219: Secunderabad Railway Station → Rtc X Roads (6 stops) | 1J: Rtc X Roads → Cbs (8 stops)"
"Secunderabad Railway Station","Erragadda",17.43426,78.50158,17.45617,78.43378,9.1,31,1,"47YM → 10KH","47YM: Secunderabad Railway Station → Kanaka Durga Temple (6 stops) | 10KH: Kanaka Durga Temple → Erragadda (5 stops)"
"Secunderabad Railway Station","Gajularamaram X Road",17.43426,78.50158,17.50941,78.44817,12.3,42,1,"567G → 171SM","567G: Secunderabad Railway Station → Chintal (7 stops) | 171SM: Chintal → Gajularamaram X Road (3 stops)"
"Secunderabad Railway Station","Jbs",17.43426,78.50158,17.44757,78.49664,1.6,6,0,"290U","290U: Secunderabad Railway Station → Jbs (3 stops)"
"Secunderabad Railway Station","Hayathnagar Bus Station",17.43426,78.50158,17.32732,78.60489,20.4,69,1,"186 → 72/208C","186: Secunderabad Railway Station → Lb Nagar X Road (9 stops) | 72/208C: Lb Nagar X Road → Hayathnagar Bus Station (10 stops)"
"Secunderabad Railway Station","Rathifile Bus Station",17.43426,78.50158,17.43457,78.50488,0.4,2,0,"",""
"Secunderabad Railway Station","Nampally Public Garoaden",17.43426,78.50158,17.39628,78.47082,7.3,25,0,"8N","8N: Secunderabad Railway Station → Nampally Railway Station (6 stops)"
"Secunderabad Railway Station","Lakdikapool",17.43426,78.50158,17.40361,78.46497,5.6,19,0,"8N","8N: Secunderabad Railway Station → Rbi Birlamandir (5 stops)"
"Secunderabad Railway Station","Ecil Bus Terminal",17.43426,78.50158,17.47253,78.57006,11.6,39,0,"16AB/5K","16AB/5K: Secunderabad Railway Station → Ecil Bus Terminal (8 stops)"
"Secunderabad Railway Station","Secretariat",17.43426,78.50158,17.40812,78.47182,5.4,18,0,"AA","AA: Secunderabad Railway Station → Secretariat (4 stops)"
"Secunderabad Railway Station","Patancheruvu",17.43426,78.50158,17.52903,78.26428,29,97,3,"186 → 9EM → 224L → 300A/217","186: Secunderabad Railway Station → Kukatpally (8 stops) | 9EM: Kukatpally → Miyapur X Road (4 stops) | 224L: Miyapur X Road → Lingampally Bs (5 stops) | 300A/217: Lingampally Bs → Patancheruvu (5 stops)"
"Secunderabad Railway Station","Darul Shifa",17.43426,78.50158,17.37327,78.48299,8.9,30,0,"251M/A","251M/A: Secunderabad Railway Station → Afzalgunj (7 stops)"
"Secunderabad Railway Station","Plaza",17.43426,78.50158,17.44330,78.49066,1.5,6,0,"10JB","10JB: Secunderabad Railway Station → Plaza (2 stops)"
"Secunderabad Railway Station","Bluesea Cafe",17.43426,78.50158,17.43713,78.50515,0.5,2,0,"",""
"Secunderabad Railway Station","Tarnaka",17.43426,78.50158,17.42571,78.53223,3.5,12,0,"186","186: Secunderabad Railway Station → Tarnaka (3 stops)"
"Secunderabad Railway Station","Lb Nagar X Road",17.43426,78.50158,17.34699,78.55013,13.6,46,0,"186","186: Secunderabad Railway Station → Lb Nagar X Road (9 stops)"
"Secunderabad Railway Station","Lingampally Bs",17.43426,78.50158,17.49485,78.31689,22.1,74,2,"186 → 9EM → 224L","186: Secunderabad Railway Station → Kukatpally (8 stops) | 9EM: Kukatpally → Miyapur X Road (4 stops) | 224L: Miyapur X Road → Lingampally Bs (5 stops)"
"Secunderabad Railway Station","Kukatpally",17.43426,78.50158,17.48385,78.41242,11.5,39,0,"186","186: Secunderabad Railway Station → Kukatpally (8 stops)"
"Secunderabad Railway Station","Jublee Bus Station",17.43426,78.50158,17.44761,78.49758,1.5,6,0,"AC","AC: Secunderabad Railway Station → Jublee Bus Station (2 stops)"
"Secunderabad Railway Station","Ibrahimpatnam Bus Station",17.43426,78.50158,17.19144,78.64766,35.7,120,2,"186 → 300L/279K → 401","186: Secunderabad Railway Station → Lb Nagar X Road (9 stops) | 300L/279K: Lb Nagar → Bongloor X Road (16 stops) | 401: Bongloor X Road → Ibrahimpatnam Bus Station (3 stops)"
"Secunderabad Railway Station","Prashanth Nagar",17.43426,78.50158,17.47378,78.42698,5.2,18,1,"10Y/F → 16HP","10Y/F: Secunderabad Railway Station → Malkajgiri (4 stops) | 16HP: Malkajgiri → Prashanth Nagar (2 stops)"
"Secunderabad Railway Station","Moosapet",17.43426,78.50158,17.47081,78.42668,9.7,33,0,"186","186: Secunderabad Railway Station → Prashanth Nagar (7 stops)"
"Secunderabad Railway Station","Cherlapally Bus Stand",17.43426,78.50158,17.46329,78.61145,13.5,46,1,"186 → 250C/R","186: Secunderabad Railway Station → Tarnaka (3 stops) | 250C/R: Tarnaka → Cherlapally Bus Stand (7 stops)"
"Secunderabad Railway Station","Koti Medical College",17.43426,78.50158,17.38310,78.48282,6.7,23,1,"219 → 1J","219: Secunderabad Railway Station → Rtc X Roads (6 stops) | 1J: Rtc X Roads → Koti Medical College (7 stops)"
"Secunderabad Railway Station","Chadarghat",17.43426,78.50158,17.37722,78.49302,7.3,25,1,"219 → 1M/D","219: Secunderabad Railway Station → Rtc X Roads (6 stops) | 1M/D: Rtc X Roads → Chadarghat (5 stops)"
"Secunderabad Railway Station","Kachiguda X Road",17.43426,78.50158,17.39069,78.48938,5.6,19,1,"219 → 1J","219: Secunderabad Railway Station → Rtc X Roads (6 stops) | 1J: Rtc X Roads → Kachiguda X Road (5 stops)"
"Secunderabad Railway Station","Gandimaisamma",17.43426,78.50158,17.57508,78.42319,20.2,68,0,"567G","567G: Secunderabad Railway Station → Gandimaisamma (11 stops)"
"Secunderabad Railway Station","Mehdipatnam",17.43426,78.50158,17.39527,78.43980,8.5,29,2,"8N → 5R → 6L","8N: Secunderabad Railway Station → Rbi Birlamandir (5 stops) | 5R: Rbi Birlamandir → Mahavir Hospital (3 stops) | 6L: Mahavir Hospital → Mehdipatnam (2 stops)"
"Secunderabad Railway Station","Bata",17.43426,78.50158,17.43600,78.49370,0.8,3,0,"",""
"Secunderabad Railway Station","Jntu X Rd",17.43426,78.50158,17.49672,78.39445,14.6,49,1,"186 → 10JP","186: Secunderabad Railway Station → Kphb Temple Bus Stop (9 stops) | 10JP: Kphb Temple Bus Stop → Jntu X Rd (3 stops)"
"Secunderabad Railway Station","Super Bazar",17.43426,78.50158,17.37193,78.50992,8.8,30,1,"219 → 1M/D","219: Secunderabad Railway Station → Rtc X Roads (6 stops) | 1M/D: Rtc X Roads → Super Bazar (8 stops)"
"Secunderabad Railway Station","Race Course",17.43426,78.50158,17.45076,78.48820,2.3,8,0,"186","186: Secunderabad Railway Station → Race Course (3 stops)"
"Secunderabad Railway Station","Punjagutta",17.43426,78.50158,17.42645,78.45141,6.4,22,0,"AC","AC: Secunderabad Railway Station → Paryatak Bhavan (4 stops)"
"Secunderabad Railway Station","Balanagar",17.43426,78.50158,17.46697,78.44626,7.5,25,0,"186","186: Secunderabad Railway Station → Balanagar (6 stops)"
"Secunderabad Railway Station","Chintal",17.43426,78.50158,17.49540,78.45210,10.7,36,0,"567G","567G: Secunderabad Railway Station → Chintal (7 stops)"
"Secunderabad Railway Station","Nanal Nagar",17.43426,78.50158,17.39620,78.42700,9.9,33,2,"8N → 5R → 116G","8N: Secunderabad Railway Station → Rbi Birlamandir (5 stops) | 5R: Rbi Birlamandir → Mahavir Hospital (3 stops) | 116G: Mahavir Hospital → Nanal Nagar (3 stops)"
"Secunderabad Railway Station","Abids Gpo",17.43426,78.50158,17.38757,78.47617,6.7,23,0,"251M/A","251M/A: Secunderabad Railway Station → Abids Gpo (6 stops)"
"Secunderabad Railway Station","Kachiguda Railway Station",17.43426,78.50158,17.38950,78.49726,6.4,22,1,"219 → 2K","219: Secunderabad Railway Station → Tsrtc Bus Bhavan (7 stops) | 2K: Tsrtc Bus Bhavan → Tourist Hotel (5 stops)"
"Secunderabad Railway Station","Ghatkesar Bus Station",17.43426,78.50158,17.45213,78.68231,21.6,73,1,"290/186 → 500","290/186: Secunderabad Railway Station → Uppal X Road (6 stops) | 500: Uppal X Road → Ghatkesar Bus Station (2 stops)"
"Secunderabad Railway Station","Chengicherla",17.43426,78.50158,17.43313,78.60845,15.7,53,2,"290/186 → 115RR → 18C/R","290/186: Secunderabad Railway Station → Uppal X Road (6 stops) | 115RR: Uppal X Road → Boduppal Kamman (4 stops) | 18C/R: Boduppal Kamman → Chengicherla (9 stops)"
"Secunderabad Railway Station","Quthbullapur X Rd",17.43426,78.50158,17.49890,78.45176,11.1,37,0,"567G","567G: Secunderabad Railway Station → Chintal (7 stops)"
"Secunderabad Railway Station","Shapur Nagar",17.43426,78.50158,17.51600,78.44690,13,44,0,"567G","567G: Secunderabad Railway Station → Shapur Nagar (8 stops)"
"Secunderabad Railway Station","Panama Godown",17.43426,78.50158,17.33840,78.56864,15.8,53,0,"186","186: Secunderabad Railway Station → Panama Godown (10 stops)"
"Secunderabad Railway Station","Gachibowli X Road",17.43426,78.50158,17.43903,78.36295,17.3,58,1,"47YM → 10HW","47YM: Secunderabad Railway Station → Venkatagiri X Roads (8 stops) | 10HW: Venkatagiri X Roads → Telecom Nagar (6 stops)"
"Secunderabad Railway Station","Abids Grammar School",17.43426,78.50158,17.39333,78.47625,6.1,21,0,"251M/A","251M/A: Secunderabad Railway Station → Basheer Bagh (5 stops)"
"Secunderabad Railway Station","Dilsukhnagar",17.43426,78.50158,17.36862,78.52366,11.8,40,0,"107JL","107JL: Secunderabad Railway Station → Dilsukhnagar (18 stops)"
"Secunderabad Railway Station","Sathamrai",17.43426,78.50158,17.27452,78.40118,22.4,75,0,"251M/A","251M/A: Secunderabad Railway Station → Sathamrai (14 stops)"
"Secunderabad Railway Station","Gajularam X Road",17.43426,78.50158,17.51010,78.44771,12.4,42,1,"567G → 9M/X","567G: Secunderabad Railway Station → Chintal (7 stops) | 9M/X: Chintal → Gajularam X Road (3 stops)"
"Secunderabad Railway Station","Rc Puram",17.43426,78.50158,17.51362,78.28780,26,87,3,"186 → 9EM → 224L → 300A/217","186: Secunderabad Railway Station → Kukatpally (8 stops) | 9EM: Kukatpally → Miyapur X Road (4 stops) | 224L: Miyapur X Road → Lingampally Bs (5 stops) | 300A/217: Lingampally Bs → Rc Puram (3 stops)"
"Secunderabad Railway Station","Kphb",17.43426,78.50158,17.49456,78.40081,14.2,48,0,"186","186: Secunderabad Railway Station → Kphb (10 stops)"
"Secunderabad Railway Station","Pisal Banda",17.43426,78.50158,17.33995,78.50379,11.8,40,3,"219 → 1M/D → 277K → 460","219: Secunderabad Railway Station → Rtc X Roads (6 stops) | 1M/D: Rtc X Roads → Chadarghat (5 stops) | 277K: Chadarghat → Is Sadan (5 stops) | 460: Is Sadan → Pisal Banda (3 stops)"
"Secunderabad Railway Station","Police Lines",17.43426,78.50158,17.44365,78.47499,3.2,11,0,"47YN","47YN: Secunderabad Railway Station → Police Lines (3 stops)"
"Secunderabad Railway Station","Uppal X Road",17.43426,78.50158,17.40126,78.56007,7.7,26,0,"290/186","290/186: Secunderabad Railway Station → Uppal X Road (6 stops)"
"Secunderabad Railway Station","Boats Club",17.43426,78.50158,17.42644,78.48664,1.8,7,0,"251M/A","251M/A: Secunderabad Railway Station → Boats Club (3 stops)"
"Secunderabad Railway Station","Womens College",17.43426,78.50158,17.38481,78.48762,6.3,23,1,"219 → 1J","219: Secunderabad Railway Station → Rtc X Roads (6 stops) | 1J: Rtc X Roads → Koti Maternity Hospital (6 stops)"
"Secunderabad Railway Station","Hydernagar",17.43426,78.50158,17.49919,78.38352,15,51,1,"186 → 431","186: Secunderabad Railway Station → Kukatpally (8 stops) | 431: Kukatpally → Hydernagar (3 stops)"
"Secunderabad Railway Station","Charminar",17.43426,78.50158,17.35868,78.47403,10.8,37,1,"251M/A → 253M","251M/A: Secunderabad Railway Station → Afzalgunj (7 stops) | 253M: Afzalgunj → Charminar (3 stops)"
"Secunderabad Railway Station","Hitech City",17.43426,78.50158,17.44995,78.38257,14.3,48,1,"47YM → 10HW","47YM: Secunderabad Railway Station → Venkatagiri X Roads (8 stops) | 10HW: Venkatagiri X Roads → Hitech City (4 stops)"
"Secunderabad Railway Station","Ameerpet",17.43426,78.50158,17.43155,78.44765,6.5,24,0,"47YM","47YM: Secunderabad Railway Station → Kanaka Durga Temple (6 stops)"
"Secunderabad Railway Station","Gandipet X Road",17.43426,78.50158,17.38500,78.33100,21.8,73,3,"47YM → 47L → 47YN → 505","47YM: Secunderabad Railway Station → Panchavati Colony (14 stops) | 47L: Panchavati Colony → Manikonda (2 stops) | 47YN: Manikonda → Narsingi (4 stops) | 505: Narsingi → Gandipet X Road (4 stops)"
"Secunderabad Railway Station","Gachibowli",17.43426,78.50158,17.43966,78.36356,17.3,58,1,"47YM → 10HW","47YM: Secunderabad Railway Station → Venkatagiri X Roads (8 stops) | 10HW: Venkatagiri X Roads → Telecom Nagar (6 stops)"
"Secunderabad Railway Station","Miyapur",17.43426,78.50158,17.49669,78.36077,17.5,59,1,"186 → 9EM","186: Secunderabad Railway Station → Kukatpally (8 stops) | 9EM: Kukatpally → Miyapur X Road (4 stops)"
"Secunderabad Railway Station","Sr Nagar",17.43426,78.50158,17.44027,78.44260,7.5,25,1,"47YM → 10KH","47YM: Secunderabad Railway Station → Kanaka Durga Temple (6 stops) | 10KH: Kanaka Durga Temple → Sr Nagar (3 stops)"
"Secunderabad Railway Station","Begumpet",17.43426,78.50158,17.10805,78.55358,45.3,152,2,"251M/A → 8A/253M → 478","251M/A: Secunderabad Railway Station → Afzalgunj (7 stops) | 8A/253M: Afzalgunj → Imamguda (16 stops) | 478: Imamguda → Begumpet (7 stops)"
"Secunderabad Railway Station","Tolichowki",17.43426,78.50158,17.39924,78.41552,11.2,38,2,"8N → 5R → 116G","8N: Secunderabad Railway Station → Rbi Birlamandir (5 stops) | 5R: Rbi Birlamandir → Mahavir Hospital (3 stops) | 116G: Mahavir Hospital → Tolichowki (4 stops)"
"Secunderabad Railway Station","Kondapur",17.43426,78.50158,17.46392,78.36725,16.7,56,2,"47YM → 10HW → 113Y/K","47YM: Secunderabad Railway Station → Venkatagiri X Roads (8 stops) | 10HW: Venkatagiri X Roads → Hitech City (4 stops) | 113Y/K: Hitech City → Kothaguda X Rd (3 stops)"
"Secunderabad Railway Station","Madhapur",17.43426,78.50158,17.63017,78.77482,42.9,143,1,"16AB/5K → 546","16AB/5K: Secunderabad Railway Station → Rampally X Road (11 stops) | 546: Rampally X Road → Madhapur (12 stops)"
"Secunderabad Railway Station","Shamshabad",17.43426,78.50158,17.26205,78.38824,24.4,82,0,"251M/A","251M/A: Secunderabad Railway Station → Shamshabad (15 stops)"
"Afzalgunj","Secunderabad Railway Station",17.37331,78.47693,17.43426,78.50158,8.9,32,0,"1/25S","1/25S: Cbs → Secunderabad Railway Station (13 stops)"
"Afzalgunj","Alugadda Bhavi",17.37331,78.47693,17.43531,78.51438,10,35,1,"8/26S → 16/20","8/26S: Afzalgunj → Middle Tank Bund (7 stops) | 16/20: Middle Tank Bund → Alugaddabavi (4 stops)"
"Afzalgunj","Patny",17.37331,78.47693,17.44318,78.49625,9.7,34,0,"8/26S","8/26S: Afzalgunj → Plaza (11 stops)"
"Afzalgunj","Cbs",17.37331,78.47693,17.37823,78.48168,0.8,4,0,"",""
"Afzalgunj","Erragadda",17.37331,78.47693,17.45617,78.43378,10.5,37,0,"9M","9M: Afzalgunj → Erragadda (15 stops)"
"Afzalgunj","Gajularamaram X Road",17.37331,78.47693,17.50941,78.44817,18.4,64,1,"9M → 9M/X","9M: Afzalgunj → Sanath Nagar (17 stops) | 9M/X: Sanath Nagar → Gajularam X Road (9 stops)"
"Afzalgunj","Jbs",17.37331,78.47693,17.44757,78.49664,10.7,38,0,"1/25S","1/25S: Cbs → Jbs (15 stops)"
"Afzalgunj","Hayathnagar Bus Station",17.37331,78.47693,17.32732,78.60489,16,55,0,"72H/463","72H/463: Afzalgunj → Hayathnagar Bus Station (26 stops)"
"Afzalgunj","Rathifile Bus Station",17.37331,78.47693,17.43457,78.50488,8.6,31,0,"95M/1Z","95M/1Z: Cbs → Rathifile Bus Station (13 stops)"
"Afzalgunj","Nampally Public Garoaden",17.37331,78.47693,17.39628,78.47082,2.6,10,0,"8/26S","8/26S: Afzalgunj → Nampally Public Garoaden (4 stops)"
"Afzalgunj","Lakdikapool",17.37331,78.47693,17.40361,78.46497,3.7,14,0,"9M","9M: Afzalgunj → Lakdikapool (5 stops)"
"Afzalgunj","Ecil Bus Terminal",17.37331,78.47693,17.47253,78.57006,16.6,57,2,"65K/123 → 2U → 86J","65K/123: Afzalgunj → Kachiguda Railway Station (4 stops) | 2U: Kachiguda Railway Station → Shankar Matt (3 stops) | 86J: Shankar Matt → Ecil Bus Terminal (17 stops)"
"Afzalgunj","Secretariat",17.37331,78.47693,17.40812,78.47182,4.3,16,0,"8/26S","8/26S: Afzalgunj → Secretariat (6 stops)"
"Afzalgunj","Patancheruvu",17.37331,78.47693,17.52903,78.26428,32.3,109,1,"9M → 222A","9M: Afzalgunj → Lakdikapool (5 stops) | 222A: Lakdikapool → Patancheruvu (36 stops)"
"Afzalgunj","Darul Shifa",17.37331,78.47693,17.37327,78.48299,0.8,4,0,"",""
"Afzalgunj","Plaza",17.37331,78.47693,17.44330,78.49066,9.1,31,0,"8/26S","8/26S: Afzalgunj → Plaza (11 stops)"
"Afzalgunj","Bluesea Cafe",17.37331,78.47693,17.43713,78.50515,10.8,38,1,"8/26S → 227G","8/26S: Afzalgunj → Plaza (11 stops) | 227G: Plaza → Bluesea Cafe (4 stops)"
"Afzalgunj","Tarnaka",17.37331,78.47693,17.42571,78.53223,8.5,30,2,"65K/123 → 2U → 3","65K/123: Afzalgunj → Kachiguda Railway Station (4 stops) | 2U: Kachiguda Railway Station → Shankar Matt (3 stops) | 3: Shankar Matt → Tarnaka (6 stops)"
"Afzalgunj","Lb Nagar X Road",17.37331,78.47693,17.34699,78.55013,9.8,35,0,"72H/463","72H/463: Afzalgunj → Lb Nagar X Road (16 stops)"
"Afzalgunj","Lingampally Bs",17.37331,78.47693,17.49485,78.31689,25.5,87,1,"9M → 222A","9M: Afzalgunj → Lakdikapool (5 stops) | 222A: Lakdikapool → Lingampally Bs (29 stops)"
"Afzalgunj","Kukatpally",17.37331,78.47693,17.48385,78.41242,14.4,49,1,"9M → 10MN","9M: Afzalgunj → Erragadda (15 stops) | 10MN: Erragadda → Kukatpally (3 stops)"
"Afzalgunj","Jublee Bus Station",17.37331,78.47693,17.44761,78.49758,10.5,37,1,"1/25S → AC","1/25S: Cbs → Secunderabad Railway Station (13 stops) | AC: Secunderabad Railway Station → Jublee Bus Station (2 stops)"
"Afzalgunj","Ibrahimpatnam Bus Station",17.37331,78.47693,17.19144,78.64766,31.2,106,2,"72V → 277Y → 401","72V: Afzalgunj → Chadarghat (4 stops) | 277Y: Chadarghat → Turkyamjal (10 stops) | 401: Turkyamjal → Ibrahimpatnam Bus Station (4 stops)"
"Afzalgunj","Prashanth Nagar",17.37331,78.47693,17.47378,78.42698,12.6,47,1,"9M → 9EM","9M: Afzalgunj → Erragadda (15 stops) | 9EM: Erragadda → Moosapet (2 stops)"
"Afzalgunj","Moosapet",17.37331,78.47693,17.47081,78.42668,12.3,43,1,"9M → 9EM","9M: Afzalgunj → Erragadda (15 stops) | 9EM: Erragadda → Moosapet (2 stops)"
"Afzalgunj","Cherlapally Bus Stand",17.37331,78.47693,17.46329,78.61145,18.8,64,3,"65K/123 → 2U → 203A/3K → 250C/R","65K/123: Afzalgunj → Kachiguda Railway Station (4 stops) | 2U: Kachiguda Railway Station → Shankar Matt (3 stops) | 203A/3K: Shankar Matt → Mallapur (10 stops) | 250C/R: Mallapur → Cherlapally Bus Stand (4 stops)"
"Afzalgunj","Koti Medical College",17.37331,78.47693,17.38310,78.48282,1.4,6,0,"536","536: Afzalgunj → Koti Medical College (3 stops)"
"Afzalgunj","Chadarghat",17.37331,78.47693,17.37722,78.49302,2,8,0,"65K/123","65K/123: Afzalgunj → Chadarghat (3 stops)"
"Afzalgunj","Kachiguda X Road",17.37331,78.47693,17.39069,78.48938,3.9,15,0,"65K/123","65K/123: Afzalgunj → Kachiguda Railway Station (4 stops)"
"Afzalgunj","Gandimaisamma",17.37331,78.47693,17.57508,78.42319,23.6,80,0,"72H/463","72H/463: Afzalgunj → Gandimaisamma (31 stops)"
"Afzalgunj","Mehdipatnam",17.37331,78.47693,17.39527,78.43980,6.6,23,1,"9M → 6L","9M: Afzalgunj → Lakdikapool (5 stops) | 6L: Lakdikapool → Mehdipatnam (3 stops)"
"Afzalgunj","Bata",17.37331,78.47693,17.43600,78.49370,8.2,29,1,"8/26S → 5K","8/26S: Afzalgunj → Middle Tank Bund (7 stops) | 5K: Middle Tank Bund → Bata (3 stops)"
"Afzalgunj","Jntu X Rd",17.37331,78.47693,17.49672,78.39445,16.8,58,1,"9M → 113K","9M: Afzalgunj → Erragadda (15 stops) | 113K: Erragadda → Kphb Main Road (4 stops)"
"Afzalgunj","Super Bazar",17.37331,78.47693,17.37193,78.50992,3.8,14,0,"72V","72V: Afzalgunj → Super Bazar (7 stops)"
"Afzalgunj","Race Course",17.37331,78.47693,17.45076,78.48820,10,35,0,"8/26S","8/26S: Afzalgunj → Race Course (12 stops)"
"Afzalgunj","Punjagutta",17.37331,78.47693,17.42645,78.45141,6.6,24,0,"9M","9M: Afzalgunj → Nims Hospital (9 stops)"
"Afzalgunj","Balanagar",17.37331,78.47693,17.46697,78.44626,13.5,47,1,"9M → 9M/X","9M: Afzalgunj → Sanath Nagar (17 stops) | 9M/X: Sanath Nagar → Balanagar (3 stops)"
"Afzalgunj","Chintal",17.37331,78.47693,17.49540,78.45210,16.6,57,1,"9M → 9M/X","9M: Afzalgunj → Sanath Nagar (17 stops) | 9M/X: Sanath Nagar → Chintal (7 stops)"
"Afzalgunj","Nanal Nagar",17.37331,78.47693,17.39620,78.42700,8,28,1,"9M → 116G","9M: Afzalgunj → Lakdikapool (5 stops) | 116G: Lakdikapool → Nanal Nagar (4 stops)"
"Afzalgunj","Abids Gpo",17.37331,78.47693,17.38757,78.47617,1.6,6,0,"70A","70A: Afzalgunj → Abids Gpo (2 stops)"
"Afzalgunj","Kachiguda Railway Station",17.37331,78.47693,17.38950,78.49726,3.1,12,0,"65K/123","65K/123: Afzalgunj → Kachiguda Railway Station (4 stops)"
"Afzalgunj","Ghatkesar Bus Station",17.37331,78.47693,17.45213,78.68231,24.4,83,2,"65K/123 → 113Z/M → 500","65K/123: Afzalgunj → Kachiguda Railway Station (4 stops) | 113Z/M: Fever Hospital → Uppal X Road (10 stops) | 500: Uppal X Road → Ghatkesar Bus Station (2 stops)"
"Afzalgunj","Chengicherla",17.37331,78.47693,17.43313,78.60845,20.2,70,3,"65K/123 → 2U → 203A/3K → 250S","65K/123: Afzalgunj → Kachiguda Railway Station (4 stops) | 2U: Kachiguda Railway Station → Shankar Matt (3 stops) | 203A/3K: Shankar Matt → Mallapur (10 stops) | 250S: Mallapur Bus Stop → Chengicherla (5 stops)"
"Afzalgunj","Quthbullapur X Rd",17.37331,78.47693,17.49890,78.45176,18,61,1,"9M → 9M/X","9M: Afzalgunj → Sanath Nagar (17 stops) | 9M/X: Sanath Nagar → Quthbullapur X Rd (9 stops)"
"Afzalgunj","Shapur Nagar",17.37331,78.47693,17.51600,78.44690,19,65,1,"9M → 9M/X","9M: Afzalgunj → Sanath Nagar (17 stops) | 9M/X: Sanath Nagar → Shapur Nagar (10 stops)"
"Afzalgunj","Panama Godown",17.37331,78.47693,17.33840,78.56864,11.9,41,0,"72H/463","72H/463: Afzalgunj → Panama Godown (19 stops)"
"Afzalgunj","Gachibowli X Road",17.37331,78.47693,17.43903,78.36295,16.4,56,1,"9M → 6L","9M: Afzalgunj → Lakdikapool (5 stops) | 6L: Lakdikapool → Gachibowli X Road (8 stops)"
"Afzalgunj","Abids Grammar School",17.37331,78.47693,17.39333,78.47625,3.5,13,1,"9M → 1M/D","9M: Afzalgunj → Nampally Railway Station (3 stops) | 1M/D: Nampally Railway Station → Abids Grammar School (3 stops)"
"Afzalgunj","Dilsukhnagar",17.37331,78.47693,17.36862,78.52366,5.4,20,0,"72V","72V: Afzalgunj → Dilsukhnagar (9 stops)"
"Afzalgunj","Sathamrai",17.37331,78.47693,17.27452,78.40118,14,48,1,"AA → 188","AA: Afzalgunj → Aramghar (3 stops) | 188: Aramghar → Sathamrai (4 stops)"
"Afzalgunj","Gajularam X Road",17.37331,78.47693,17.51010,78.44771,18.3,63,1,"9M → 9M/X","9M: Afzalgunj → Sanath Nagar (17 stops) | 9M/X: Sanath Nagar → Gajularam X Road (9 stops)"
"Afzalgunj","Rc Puram",17.37331,78.47693,17.51362,78.28780,29.3,99,1,"9M → 222A","9M: Afzalgunj → Lakdikapool (5 stops) | 222A: Lakdikapool → Rc Puram (33 stops)"
"Afzalgunj","Kphb",17.37331,78.47693,17.49456,78.40081,16.1,56,1,"9M → 9EM","9M: Afzalgunj → Erragadda (15 stops) | 9EM: Erragadda → Kphb Metro Station (4 stops)"
"Afzalgunj","Pisal Banda",17.37331,78.47693,17.33995,78.50379,6.8,25,2,"72V → 277K → 460","72V: Afzalgunj → Chadarghat (4 stops) | 277K: Chadarghat → Is Sadan (5 stops) | 460: Is Sadan → Pisal Banda (3 stops)"
"Afzalgunj","Police Lines",17.37331,78.47693,17.44365,78.47499,10.1,37,1,"8/26S → 147","8/26S: Afzalgunj → Paradise (10 stops) | 147: Paradise Metro Station → Police Lines (2 stops)"
"Afzalgunj","Uppal X Road",17.37331,78.47693,17.40126,78.56007,10.4,37,1,"65K/123 → 113Z/M","65K/123: Afzalgunj → Kachiguda Railway Station (4 stops) | 113Z/M: Fever Hospital → Uppal X Road (10 stops)"
"Afzalgunj","Boats Club",17.37331,78.47693,17.42644,78.48664,6.9,24,0,"8/26S","8/26S: Afzalgunj → Boats Club (8 stops)"
"Afzalgunj","Womens College",17.37331,78.47693,17.38481,78.48762,3,12,1,"65K/123 → 152","65K/123: Afzalgunj → Chadarghat (3 stops) | 152: Chadarghat → Womens College (2 stops)"
"Afzalgunj","Hydernagar",17.37331,78.47693,17.49919,78.38352,18,61,1,"9M → 9EM","9M: Afzalgunj → Erragadda (15 stops) | 9EM: Erragadda → Hydernagar (5 stops)"
"Afzalgunj","Charminar",17.37331,78.47693,17.35868,78.47403,2.6,11,0,"253M","253M: Darul Shifa → Charminar (2 stops)"
"Afzalgunj","Hitech City",17.37331,78.47693,17.44995,78.38257,15.6,53,1,"9M → 222A","9M: Afzalgunj → Lakdikapool (5 stops) | 222A: Lakdikapool → Hitech City (16 stops)"
"Afzalgunj","Ameerpet",17.37331,78.47693,17.43155,78.44765,7.4,26,0,"9M","9M: Afzalgunj → Ameerpet (11 stops)"
"Afzalgunj","Gandipet X Road",17.37331,78.47693,17.38500,78.33100,16.5,57,1,"1JK → 94/220K","1JK: Afzalgunj → Langar House (9 stops) | 94/220K: Langar House → Gandipet X Road (13 stops)"
"Afzalgunj","Gachibowli",17.37331,78.47693,17.43966,78.36356,16.5,57,1,"9M → 6L","9M: Afzalgunj → Lakdikapool (5 stops) | 6L: Lakdikapool → Gachibowli X Road (8 stops)"
"Afzalgunj","Miyapur",17.37331,78.47693,17.49669,78.36077,20.4,70,1,"9M → 9EM","9M: Afzalgunj → Erragadda (15 stops) | 9EM: Erragadda → Miyapur X Road (6 stops)"
"Afzalgunj","Sr Nagar",17.37331,78.47693,17.44027,78.44260,8.8,31,0,"9M","9M: Afzalgunj → Sr Nagar (13 stops)"
"Afzalgunj","Begumpet",17.37331,78.47693,17.10805,78.55358,37.2,126,1,"8A/253M → 478","8A/253M: Darul Shifa → Imamguda (15 stops) | 478: Imamguda → Begumpet (7 stops)"
"Afzalgunj","Tolichowki",17.37331,78.47693,17.39924,78.41552,9.3,32,1,"9M → 116G","9M: Afzalgunj → Lakdikapool (5 stops) | 116G: Lakdikapool → Tolichowki (5 stops)"
"Afzalgunj","Kondapur",17.37331,78.47693,17.46392,78.36725,18.1,62,1,"9M → 222A","9M: Afzalgunj → Lakdikapool (5 stops) | 222A: Lakdikapool → Kondapur (21 stops)"
"Afzalgunj","Madhapur",17.37331,78.47693,17.63017,78.77482,59.1,199,2,"8A/253M → 8A/178G → 546","8A/253M: Darul Shifa → Falaknuma Rly Bridge (5 stops) | 8A/178G: Falaknuma Rly Bridge → Bandlaguda (4 stops) | 546: Bandlaguda → Madhapur (13 stops)"
"Afzalgunj","Shamshabad",17.37331,78.47693,17.26205,78.38824,15.8,54,0,"AA","AA: Afzalgunj → Shamshabad (4 stops)"
"Alugadda Bhavi","Secunderabad Railway Station",17.43531,78.51438,17.43426,78.50158,1.4,5,0,"431","431: Alugadda Bhavi → Secunderabad Railway Station (3 stops)"
"Alugadda Bhavi","Afzalgunj",17.43531,78.51438,17.37331,78.47693,8.4,29,2,"280/20M → 102/277 → 1/25S","280/20M: Alugadda Bhavi → Gandhi Hospital (4 stops) | 102/277: Gandhi Hospital → Badi Chowdi (7 stops) | 1/25S: Badi Chowdi → Afzalgunj (4 stops)"
"Alugadda Bhavi","Patny",17.43531,78.51438,17.44318,78.49625,2.1,7,0,"17H/47W","17H/47W: Alugadda Bhavi → Patny (3 stops)"
"Alugadda Bhavi","Cbs",17.43531,78.51438,17.37823,78.48168,7.7,26,2,"280/20M → 102/277 → 1/25S","280/20M: Alugadda Bhavi → Gandhi Hospital (4 stops) | 102/277: Gandhi Hospital → Badi Chowdi (7 stops) | 1/25S: Badi Chowdi → Cbs (3 stops)"
"Alugadda Bhavi","Erragadda",17.43531,78.51438,17.45617,78.43378,10.5,36,1,"17H/47W → 19BM","17H/47W: Alugadda Bhavi → Rj College (10 stops) | 19BM: Rj College → Erragadda (3 stops)"
"Alugadda Bhavi","Gajularamaram X Road",17.43531,78.51438,17.50941,78.44817,13.5,45,3,"17H/47W → 431 → 567G → 171SM","17H/47W: Alugadda Bhavi → Patny (3 stops) | 431: Patny → Bowenpally X Road (5 stops) | 567G: Bowenpally X Road → Chintal (4 stops) | 171SM: Chintal → Gajularamaram X Road (3 stops)"
"Alugadda Bhavi","Jbs",17.43531,78.51438,17.44757,78.49664,2.3,8,0,"AL","AL: Sangeet Junction → Jbs (2 stops)"
"Alugadda Bhavi","Hayathnagar Bus Station",17.43531,78.51438,17.32732,78.60489,19,64,1,"186 → 72/208C","186: Alugadda Bhavi → Lb Nagar X Road (8 stops) | 72/208C: Lb Nagar X Road → Hayathnagar Bus Station (10 stops)"
"Alugadda Bhavi","Rathifile Bus Station",17.43531,78.51438,17.43457,78.50488,1,4,0,"431","431: Alugadda Bhavi → Rathifile Bus Station (2 stops)"
"Alugadda Bhavi","Nampally Public Garoaden",17.43531,78.51438,17.39628,78.47082,7.2,25,1,"16/20 → 8C","16/20: Alugadda Bhavi → Rbi Birlamandir (5 stops) | 8C: Rbi Birlamandir → Public Garden (3 stops)"
"Alugadda Bhavi","Lakdikapool",17.43531,78.51438,17.40361,78.46497,6.4,22,0,"16/20","16/20: Alugadda Bhavi → Rbi Birlamandir (5 stops)"
"Alugadda Bhavi","Ecil Bus Terminal",17.43531,78.51438,17.47253,78.57006,9.4,32,0,"17D","17D: Alugaddabavi → Ecil Bus Terminal (7 stops)"
"Alugadda Bhavi","Secretariat",17.43531,78.51438,17.40812,78.47182,5.5,19,0,"16/20","16/20: Alugadda Bhavi → Middle Tank Bund (4 stops)"
"Alugadda Bhavi","Patancheruvu",17.43531,78.51438,17.52903,78.26428,30.4,102,2,"17H/47W → 431 → 219/272G","17H/47W: Alugadda Bhavi → Patny (3 stops) | 431: Patny → Hydernagar (10 stops) | 219/272G: Hydernagar → Patancheruvu (14 stops)"
"Alugadda Bhavi","Darul Shifa",17.43531,78.51438,17.37327,78.48299,9.1,31,2,"280/20M → 102/277 → 1/25S","280/20M: Alugadda Bhavi → Gandhi Hospital (4 stops) | 102/277: Gandhi Hospital → Badi Chowdi (7 stops) | 1/25S: Badi Chowdi → Afzalgunj (4 stops)"
"Alugadda Bhavi","Plaza",17.43531,78.51438,17.44330,78.49066,2.8,10,0,"17H/47W","17H/47W: Alugadda Bhavi → Plaza (4 stops)"
"Alugadda Bhavi","Bluesea Cafe",17.43531,78.51438,17.43713,78.50515,1,4,0,"242","242: Alugadda Bhavi → Bluesea Cafe (2 stops)"
"Alugadda Bhavi","Tarnaka",17.43531,78.51438,17.42571,78.53223,2,8,0,"250/281","250/281: Alugaddabavi → Tarnaka (2 stops)"
"Alugadda Bhavi","Lb Nagar X Road",17.43531,78.51438,17.34699,78.55013,12.2,41,0,"186","186: Alugadda Bhavi → Lb Nagar X Road (8 stops)"
"Alugadda Bhavi","Lingampally Bs",17.43531,78.51438,17.49485,78.31689,23.5,79,2,"17H/47W → 431 → 219/272G","17H/47W: Alugadda Bhavi → Patny (3 stops) | 431: Patny → Hydernagar (10 stops) | 219/272G: Hydernagar → Lingampally Bs (8 stops)"
"Alugadda Bhavi","Kukatpally",17.43531,78.51438,17.48385,78.41242,12.8,43,1,"17H/47W → 431","17H/47W: Alugadda Bhavi → Patny (3 stops) | 431: Patny → Kukatpally (8 stops)"
"Alugadda Bhavi","Jublee Bus Station",17.43531,78.51438,17.44761,78.49758,2.6,9,0,"17H/47W","17H/47W: Alugadda Bhavi → Patny (3 stops)"
"Alugadda Bhavi","Ibrahimpatnam Bus Station",17.43531,78.51438,17.19144,78.64766,34.4,116,2,"186 → 300L/279K → 401","186: Alugadda Bhavi → Lb Nagar X Road (8 stops) | 300L/279K: Lb Nagar → Bongloor X Road (16 stops) | 401: Bongloor X Road → Ibrahimpatnam Bus Station (3 stops)"
"Alugadda Bhavi","Prashanth Nagar",17.43531,78.51438,17.47378,78.42698,3.9,14,1,"10Y/F → 16HP","10Y/F: Alugaddabavi → Malkajgiri (3 stops) | 16HP: Malkajgiri → Prashanth Nagar (2 stops)"
"Alugadda Bhavi","Moosapet",17.43531,78.51438,17.47081,78.42668,12.3,42,1,"17H/47W → 10JB","17H/47W: Alugadda Bhavi → Rj College (10 stops) | 10JB: Rj College → Moosapet (4 stops)"
"Alugadda Bhavi","Cherlapally Bus Stand",17.43531,78.51438,17.46329,78.61145,12.2,41,0,"250C/R","250C/R: Alugadda Bhavi → Cherlapally Bus Stand (8 stops)"
"Alugadda Bhavi","Koti Medical College",17.43531,78.51438,17.38310,78.48282,7.1,24,1,"280/20M → 102/277","280/20M: Alugadda Bhavi → Gandhi Hospital (4 stops) | 102/277: Gandhi Hospital → Badi Chowdi (7 stops)"
"Alugadda Bhavi","Chadarghat",17.43531,78.51438,17.37722,78.49302,7.8,26,1,"280/20M → 1M/D","280/20M: Alugadda Bhavi → Gandhi Hospital (4 stops) | 1M/D: Gandhi Hospital → Chadarghat (8 stops)"
"Alugadda Bhavi","Kachiguda X Road",17.43531,78.51438,17.39069,78.48938,6,21,1,"280/20M → 203K","280/20M: Alugadda Bhavi → Gandhi Hospital (4 stops) | 203K: Gandhi Hospital → Kachiguda X Road (8 stops)"
"Alugadda Bhavi","Gandimaisamma",17.43531,78.51438,17.57508,78.42319,21.3,72,2,"17H/47W → 431 → 567G","17H/47W: Alugadda Bhavi → Patny (3 stops) | 431: Patny → Bowenpally X Road (5 stops) | 567G: Bowenpally X Road → Gandimaisamma (8 stops)"
"Alugadda Bhavi","Mehdipatnam",17.43531,78.51438,17.39527,78.43980,9.3,31,2,"16/20 → 5R → 6L","16/20: Alugadda Bhavi → Rbi Birlamandir (5 stops) | 5R: Rbi Birlamandir → Mahavir Hospital (3 stops) | 6L: Mahavir Hospital → Mehdipatnam (2 stops)"
"Alugadda Bhavi","Bata",17.43531,78.51438,17.43600,78.49370,2.2,8,0,"431","431: Alugadda Bhavi → Secunderabad Railway Station (3 stops)"
"Alugadda Bhavi","Jntu X Rd",17.43531,78.51438,17.49672,78.39445,15.2,52,1,"17H/47W → 431","17H/47W: Alugadda Bhavi → Patny (3 stops) | 431: Patny → Kphb Metro Station (9 stops)"
"Alugadda Bhavi","Super Bazar",17.43531,78.51438,17.37193,78.50992,9.3,32,1,"280/20M → 1M/D","280/20M: Alugadda Bhavi → Gandhi Hospital (4 stops) | 1M/D: Gandhi Hospital → Super Bazar (11 stops)"
"Alugadda Bhavi","Race Course",17.43531,78.51438,17.45076,78.48820,3.8,13,1,"17H/47W → 171","17H/47W: Alugadda Bhavi → Patny (3 stops) | 171: Patny → Race Course (3 stops)"
"Alugadda Bhavi","Punjagutta",17.43531,78.51438,17.42645,78.45141,8.1,28,0,"17H/47W","17H/47W: Alugadda Bhavi → Punjagutta (11 stops)"
"Alugadda Bhavi","Balanagar",17.43531,78.51438,17.46697,78.44626,8.8,30,1,"17H/47W → 431","17H/47W: Alugadda Bhavi → Patny (3 stops) | 431: Patny → Balanagar (6 stops)"
"Alugadda Bhavi","Chintal",17.43531,78.51438,17.49540,78.45210,11.9,40,2,"17H/47W → 431 → 567G","17H/47W: Alugadda Bhavi → Patny (3 stops) | 431: Patny → Bowenpally X Road (5 stops) | 567G: Bowenpally X Road → Chintal (4 stops)"
"Alugadda Bhavi","Nanal Nagar",17.43531,78.51438,17.39620,78.42700,10.6,36,2,"16/20 → 5R → 116G","16/20: Alugadda Bhavi → Rbi Birlamandir (5 stops) | 5R: Rbi Birlamandir → Mahavir Hospital (3 stops) | 116G: Mahavir Hospital → Nanal Nagar (3 stops)"
"Alugadda Bhavi","Abids Gpo",17.43531,78.51438,17.38757,78.47617,7.8,26,1,"16/20 → 85M","16/20: Alugadda Bhavi → Kalpana (3 stops) | 85M: Middle Tank Bund → Abids Gpo (3 stops)"
"Alugadda Bhavi","Kachiguda Railway Station",17.43531,78.51438,17.38950,78.49726,6.7,23,1,"26/20 → 2V","26/20: Secunderabad → Musheerabad-2 Bus Depot (2 stops) | 2V: Musheerabad-2 Bus Depot → Kachiguda Station (5 stops)"
"Alugadda Bhavi","Ghatkesar Bus Station",17.43531,78.51438,17.45213,78.68231,20.3,68,1,"290/186 → 500","290/186: Alugadda Bhavi → Uppal X Road (5 stops) | 500: Uppal X Road → Ghatkesar Bus Station (2 stops)"
"Alugadda Bhavi","Chengicherla",17.43531,78.51438,17.43313,78.60845,15.5,52,1,"250C/R → 250C","250C/R: Alugadda Bhavi → Cherlapally Bus Stand (8 stops) | 250C: Cherlapally Bus Stand → Chengicherla (3 stops)"
"Alugadda Bhavi","Quthbullapur X Rd",17.43531,78.51438,17.49890,78.45176,12.3,41,2,"17H/47W → 431 → 567G","17H/47W: Alugadda Bhavi → Patny (3 stops) | 431: Patny → Bowenpally X Road (5 stops) | 567G: Bowenpally X Road → Chintal (4 stops)"
"Alugadda Bhavi","Shapur Nagar",17.43531,78.51438,17.51600,78.44690,14.2,48,2,"17H/47W → 431 → 567G","17H/47W: Alugadda Bhavi → Patny (3 stops) | 431: Patny → Bowenpally X Road (5 stops) | 567G: Bowenpally X Road → Shapur Nagar (5 stops)"
"Alugadda Bhavi","Panama Godown",17.43531,78.51438,17.33840,78.56864,14.5,49,0,"186","186: Alugadda Bhavi → Panama Godown (9 stops)"
"Alugadda Bhavi","Gachibowli X Road",17.43531,78.51438,17.43903,78.36295,20.9,70,0,"17H/47W","17H/47W: Alugadda Bhavi → Gachibowli X Road (26 stops)"
"Alugadda Bhavi","Abids Grammar School",17.43531,78.51438,17.39333,78.47625,7.7,26,1,"16/20 → 102B","16/20: Alugadda Bhavi → Rbi Birlamandir (5 stops) | 102B: Rbi Birlamandir → Abids Grammar School (3 stops)"
"Alugadda Bhavi","Dilsukhnagar",17.43531,78.51438,17.36862,78.52366,10.9,37,1,"280/20M → 1M/D","280/20M: Alugadda Bhavi → Gandhi Hospital (4 stops) | 1M/D: Gandhi Hospital → Dilsukhnagar (13 stops)"
"Alugadda Bhavi","Sathamrai",17.43531,78.51438,17.27452,78.40118,23.9,80,1,"16/20 → 85M","16/20: Alugadda Bhavi → Kalpana (3 stops) | 85M: Middle Tank Bund → Sathamrai (11 stops)"
"Alugadda Bhavi","Gajularam X Road",17.43531,78.51438,17.51010,78.44771,13.6,46,3,"17H/47W → 431 → 567G → 9M/X","17H/47W: Alugadda Bhavi → Patny (3 stops) | 431: Patny → Bowenpally X Road (5 stops) | 567G: Bowenpally X Road → Chintal (4 stops) | 9M/X: Chintal → Gajularam X Road (3 stops)"
"Alugadda Bhavi","Rc Puram",17.43531,78.51438,17.51362,78.28780,27.4,92,2,"17H/47W → 431 → 219/272G","17H/47W: Alugadda Bhavi → Patny (3 stops) | 431: Patny → Hydernagar (10 stops) | 219/272G: Hydernagar → Rc Puram (12 stops)"
"Alugadda Bhavi","Kphb",17.43531,78.51438,17.49456,78.40081,14.6,50,1,"17H/47W → 431","17H/47W: Alugadda Bhavi → Patny (3 stops) | 431: Patny → Kphb Metro Station (9 stops)"
"Alugadda Bhavi","Pisal Banda",17.43531,78.51438,17.33995,78.50379,12.3,42,3,"280/20M → 1M/D → 277K → 460","280/20M: Alugadda Bhavi → Gandhi Hospital (4 stops) | 1M/D: Gandhi Hospital → Chadarghat (8 stops) | 277K: Chadarghat → Is Sadan (5 stops) | 460: Is Sadan → Pisal Banda (3 stops)"
"Alugadda Bhavi","Police Lines",17.43531,78.51438,17.44365,78.47499,4.4,15,0,"17H/47W","17H/47W: Alugadda Bhavi → Police Lines (5 stops)"
"Alugadda Bhavi","Uppal X Road",17.43531,78.51438,17.40126,78.56007,6.3,22,0,"290/186","290/186: Alugadda Bhavi → Uppal X Road (5 stops)"
"Alugadda Bhavi","Boats Club",17.43531,78.51438,17.42644,78.48664,3.2,11,1,"431 → 251M/A","431: Alugadda Bhavi → Secunderabad Railway Station (3 stops) | 251M/A: Secunderabad Railway Station → Boats Club (3 stops)"
"Alugadda Bhavi","Womens College",17.43531,78.51438,17.38481,78.48762,6.9,26,1,"280/20M → 1M/D","280/20M: Alugadda Bhavi → Gandhi Hospital (4 stops) | 1M/D: Gandhi Hospital → Koti Womens College (7 stops)"
"Alugadda Bhavi","Hydernagar",17.43531,78.51438,17.49919,78.38352,16.4,55,1,"17H/47W → 431","17H/47W: Alugadda Bhavi → Patny (3 stops) | 431: Patny → Hydernagar (10 stops)"
"Alugadda Bhavi","Charminar",17.43531,78.51438,17.35868,78.47403,10.9,37,3,"280/20M → 102/277 → 1/25S → 253M","280/20M: Alugadda Bhavi → Gandhi Hospital (4 stops) | 102/277: Gandhi Hospital → Badi Chowdi (7 stops) | 1/25S: Badi Chowdi → Afzalgunj (4 stops) | 253M: Afzalgunj → Charminar (3 stops)"
"Alugadda Bhavi","Hitech City",17.43531,78.51438,17.44995,78.38257,16.6,56,0,"17H/47W","17H/47W: Alugadda Bhavi → Hitech City (21 stops)"
"Alugadda Bhavi","Ameerpet",17.43531,78.51438,17.43155,78.44765,7.7,28,1,"17H/47W → 47YM","17H/47W: Alugadda Bhavi → Police Lines (5 stops) | 47YM: Police Lines → Kanaka Durga Temple (4 stops)"
"Alugadda Bhavi","Gandipet X Road",17.43531,78.51438,17.38500,78.33100,23.2,78,2,"16/20 → 5P → 120","16/20: Alugadda Bhavi → Rbi Birlamandir (5 stops) | 5P: Rbi Birlamandir → Mehdipatnam Bus Depot (6 stops) | 120: Mehdipatnam Bus Depot → Gandipet X Road (16 stops)"
"Alugadda Bhavi","Gachibowli",17.43531,78.51438,17.43966,78.36356,21,71,0,"17H/47W","17H/47W: Alugadda Bhavi → Gachibowli X Road (26 stops)"
"Alugadda Bhavi","Miyapur",17.43531,78.51438,17.49669,78.36077,19.1,64,2,"17H/47W → 431 → 10MN","17H/47W: Alugadda Bhavi → Patny (3 stops) | 431: Patny → Hydernagar (10 stops) | 10MN: Hydernagar → Miyapur (2 stops)"
"Alugadda Bhavi","Sr Nagar",17.43531,78.51438,17.44027,78.44260,8.9,30,1,"17H/47W → 19BM","17H/47W: Alugadda Bhavi → Rj College (10 stops) | 19BM: Rj College → Sr Nagar (2 stops)"
"Alugadda Bhavi","Tolichowki",17.43531,78.51438,17.39924,78.41552,11.9,40,2,"16/20 → 5R → 116G","16/20: Alugadda Bhavi → Rbi Birlamandir (5 stops) | 5R: Rbi Birlamandir → Mahavir Hospital (3 stops) | 116G: Mahavir Hospital → Tolichowki (4 stops)"
"Alugadda Bhavi","Kondapur",17.43531,78.51438,17.46392,78.36725,19.1,64,1,"17H/47W → 113Y/K","17H/47W: Alugadda Bhavi → Hitech City (21 stops) | 113Y/K: Hitech City → Kothaguda X Rd (3 stops)"
"Alugadda Bhavi","Madhapur",17.43531,78.51438,17.63017,78.77482,40.7,136,1,"17D → 546","17D: Alugaddabavi → Nagaram (8 stops) | 546: Nagaram → Madhapur (13 stops)"
"Alugadda Bhavi","Shamshabad",17.43531,78.51438,17.26205,78.38824,25.8,87,1,"16/20 → 85M","16/20: Alugadda Bhavi → Kalpana (3 stops) | 85M: Middle Tank Bund → Shamshabad (12 stops)"
"Patny","Secunderabad Railway Station",17.44318,78.49625,17.43426,78.50158,1.1,4,0,"10","10: Patny → Secunderabad Railway Station (2 stops)"
"Patny","Afzalgunj",17.44318,78.49625,17.37331,78.47693,8.8,30,0,"7Z/452","7Z/452: Patny → Afzalgunj (9 stops)"
"Patny","Alugadda Bhavi",17.44318,78.49625,17.43531,78.51438,2.5,9,0,"10Y/F","10Y/F: Patny → Alugaddabavi (3 stops)"
"Patny","Cbs",17.44318,78.49625,17.37823,78.48168,8,28,0,"7Z/452","7Z/452: Patny → Cbs (8 stops)"
"Patny","Erragadda",17.44318,78.49625,17.45617,78.43378,8.3,29,1,"47YM → 10KH","47YM: Patny → Kanaka Durga Temple (6 stops) | 10KH: Kanaka Durga Temple → Erragadda (5 stops)"
"Patny","Gajularamaram X Road",17.44318,78.49625,17.50941,78.44817,12.4,43,1,"186 → 30S","186: Patny → Balanagar (5 stops) | 30S: Balanagar → Gajularamaram X Road (7 stops)"
"Patny","Jbs",17.44318,78.49625,17.44757,78.49664,0.5,3,0,"",""
"Patny","Hayathnagar Bus Station",17.44318,78.49625,17.32732,78.60489,20.7,70,2,"49 → AL → 290U/F","49: Patny → Sangeeth Cross Road (4 stops) | AL: Sangeeth Cross Road → Nagole X Road (4 stops) | 290U/F: Nagole X Road → Hayathnagar Bus Station (10 stops)"
"Patny","Rathifile Bus Station",17.44318,78.49625,17.43457,78.50488,1.5,5,0,"219","219: Patny → Rathifile Bus Station (3 stops)"
"Patny","Nampally Public Garoaden",17.44318,78.49625,17.39628,78.47082,7.1,28,0,"AA","AA: Taj Tri-Star → Nampally Railway Station (5 stops)"
"Patny","Lakdikapool",17.44318,78.49625,17.40361,78.46497,5.6,23,0,"AA","AA: Taj Tri-Star → Secretariat (3 stops)"
"Patny","Ecil Bus Terminal",17.44318,78.49625,17.47253,78.57006,10.4,38,0,"37/8A","37/8A: Clock Tower → Ecil Bus Terminal (7 stops)"
"Patny","Secretariat",17.44318,78.49625,17.40812,78.47182,4.8,20,0,"100M","100M: Taj Tristar Patny → Secretariat (6 stops)"
"Patny","Patancheruvu",17.44318,78.49625,17.52903,78.26428,27.8,94,3,"186 → 9EM → 224L → 300A/217","186: Patny → Kukatpally (7 stops) | 9EM: Kukatpally → Miyapur X Road (4 stops) | 224L: Miyapur X Road → Lingampally Bs (5 stops) | 300A/217: Lingampally Bs → Patancheruvu (5 stops)"
"Patny","Darul Shifa",17.44318,78.49625,17.37327,78.48299,9.4,32,0,"7Z/452","7Z/452: Patny → Afzalgunj (9 stops)"
"Patny","Plaza",17.44318,78.49625,17.44330,78.49066,0.6,2,0,"",""
"Patny","Bluesea Cafe",17.44318,78.49625,17.43713,78.50515,1.2,4,0,"227G","227G: Patny → Bluesea Cafe (3 stops)"
"Patny","Tarnaka",17.44318,78.49625,17.42571,78.53223,4.3,15,1,"227G → 17S","227G: Patny → Bluesea Cafe (3 stops) | 17S: Bluesea Cafe → Tarnaka (4 stops)"
"Patny","Lb Nagar X Road",17.44318,78.49625,17.34699,78.55013,14.6,49,2,"49 → AL → 290U/F","49: Patny → Sangeeth Cross Road (4 stops) | AL: Sangeeth Cross Road → Nagole X Road (4 stops) | 290U/F: Nagole X Road → Lb Nagar X Road (4 stops)"
"Patny","Lingampally Bs",17.44318,78.49625,17.49485,78.31689,21,72,2,"186 → 9EM → 224L","186: Patny → Kukatpally (7 stops) | 9EM: Kukatpally → Miyapur X Road (4 stops) | 224L: Miyapur X Road → Lingampally Bs (5 stops)"
"Patny","Kukatpally",17.44318,78.49625,17.48385,78.41242,10.3,36,0,"186","186: Patny → Kukatpally (7 stops)"
"Patny","Jublee Bus Station",17.44318,78.49625,17.44761,78.49758,0.6,3,0,"",""
"Patny","Ibrahimpatnam Bus Station",17.44318,78.49625,17.19144,78.64766,36.9,124,2,"49 → AL → 279U","49: Patny → Sangeeth Cross Road (4 stops) | AL: Sangeeth Cross Road → Nagole X Road (4 stops) | 279U: Nagole X Road → Ibrahimpatnam Bus Station (19 stops)"
"Patny","Prashanth Nagar",17.44318,78.49625,17.47378,78.42698,8.4,30,0,"186","186: Patny → Prashanth Nagar (6 stops)"
"Patny","Moosapet",17.44318,78.49625,17.47081,78.42668,8.6,31,0,"186","186: Patny → Prashanth Nagar (6 stops)"
"Patny","Cherlapally Bus Stand",17.44318,78.49625,17.46329,78.61145,14.7,50,1,"10Y/F → 250C/R","10Y/F: Patny → Alugaddabavi (3 stops) | 250C/R: Alugadda Bhavi → Cherlapally Bus Stand (8 stops)"
"Patny","Koti Medical College",17.44318,78.49625,17.38310,78.48282,7.4,26,0,"7Z/452","7Z/452: Patny → Koti Medical College (7 stops)"
"Patny","Chadarghat",17.44318,78.49625,17.37722,78.49302,8.5,29,1,"219 → 1M/D","219: Patny → Rtc X Roads (7 stops) | 1M/D: Rtc X Roads → Chadarghat (5 stops)"
"Patny","Kachiguda X Road",17.44318,78.49625,17.39069,78.48938,6.7,23,1,"219 → 1J","219: Patny → Rtc X Roads (7 stops) | 1J: Rtc X Roads → Kachiguda X Road (5 stops)"
"Patny","Gandimaisamma",17.44318,78.49625,17.57508,78.42319,20.3,70,2,"186 → 30S → 217G/189M","186: Patny → Balanagar (5 stops) | 30S: Balanagar → Bahadurpally X Road (14 stops) | 217G/189M: Bahadur Pally X Road → Gandimaisamma (2 stops)"
"Patny","Mehdipatnam",17.44318,78.49625,17.39527,78.43980,8.5,32,1,"AA → 5R","AA: Taj Tri-Star → Secretariat (3 stops) | 5R: Secretariat → Mehdipatnam (6 stops)"
"Patny","Bata",17.44318,78.49625,17.43600,78.49370,0.8,3,0,"",""
"Patny","Jntu X Rd",17.44318,78.49625,17.49672,78.39445,13.5,47,1,"186 → 10JP","186: Patny → Kphb Temple Bus Stop (8 stops) | 10JP: Kphb Temple Bus Stop → Jntu X Rd (3 stops)"
"Patny","Super Bazar",17.44318,78.49625,17.37193,78.50992,10,34,1,"219 → 1M/D","219: Patny → Rtc X Roads (7 stops) | 1M/D: Rtc X Roads → Super Bazar (8 stops)"
"Patny","Race Course",17.44318,78.49625,17.45076,78.48820,1.2,6,0,"186","186: Patny → Race Course (2 stops)"
"Patny","Punjagutta",17.44318,78.49625,17.42645,78.45141,6.1,21,0,"17H/47W","17H/47W: Patny → Punjagutta (9 stops)"
"Patny","Balanagar",17.44318,78.49625,17.46697,78.44626,6.3,23,0,"186","186: Patny → Balanagar (5 stops)"
"Patny","Chintal",17.44318,78.49625,17.49540,78.45210,9.6,33,1,"186 → 30S","186: Patny → Balanagar (5 stops) | 30S: Balanagar → Chintal (5 stops)"
"Patny","Nanal Nagar",17.44318,78.49625,17.39620,78.42700,9.9,37,2,"AA → 5R → 113M/217","AA: Taj Tri-Star → Secretariat (3 stops) | 5R: Secretariat → Mehdipatnam (6 stops) | 113M/217: Mehdipatnam → Nanal Nagar (2 stops)"
"Patny","Abids Gpo",17.44318,78.49625,17.38757,78.47617,6.8,24,1,"7Z/452 → 85M","7Z/452: Patny → Boats Club (2 stops) | 85M: Boats Club → Abids Gpo (4 stops)"
"Patny","Kachiguda Railway Station",17.44318,78.49625,17.38950,78.49726,7.6,26,1,"219 → 2K","219: Patny → Tsrtc Bus Bhavan (8 stops) | 2K: Tsrtc Bus Bhavan → Tourist Hotel (5 stops)"
"Patny","Ghatkesar Bus Station",17.44318,78.49625,17.45213,78.68231,22.8,77,2,"10Y/F → 290/186 → 500","10Y/F: Patny → Alugaddabavi (3 stops) | 290/186: Alugadda Bhavi → Uppal X Road (5 stops) | 500: Uppal X Road → Ghatkesar Bus Station (2 stops)"
"Patny","Chengicherla",17.44318,78.49625,17.43313,78.60845,14.8,50,3,"10Y/F → 290U/202T → 3N → 50B","10Y/F: Patny → Alugaddabavi (3 stops) | 290U/202T: Alugaddabavi → Habsiguda (3 stops) | 3N: Habsiguda → Ts Food X Road (6 stops) | 50B: Ts Food X Road → Chengicherla (8 stops)"
"Patny","Quthbullapur X Rd",17.44318,78.49625,17.49890,78.45176,10,35,1,"186 → 30S","186: Patny → Balanagar (5 stops) | 30S: Balanagar → Chintal (5 stops)"
"Patny","Shapur Nagar",17.44318,78.49625,17.51600,78.44690,13.2,45,1,"186 → 30S","186: Patny → Balanagar (5 stops) | 30S: Balanagar → Shapur Nagar (8 stops)"
"Patny","Panama Godown",17.44318,78.49625,17.33840,78.56864,16.7,56,2,"49 → AL → 290U/F","49: Patny → Sangeeth Cross Road (4 stops) | AL: Sangeeth Cross Road → Nagole X Road (4 stops) | 290U/F: Nagole X Road → Panama Godown (7 stops)"
"Patny","Gachibowli X Road",17.44318,78.49625,17.43903,78.36295,18.8,64,0,"17H/47W","17H/47W: Patny → Gachibowli X Road (24 stops)"
"Patny","Abids Grammar School",17.44318,78.49625,17.39333,78.47625,6.1,21,0,"7Z/452","7Z/452: Patny → Abids Grammar School (6 stops)"
"Patny","Dilsukhnagar",17.44318,78.49625,17.36862,78.52366,11.6,39,1,"219 → 1M/D","219: Patny → Rtc X Roads (7 stops) | 1M/D: Rtc X Roads → Dilsukhnagar (10 stops)"
"Patny","Sathamrai",17.44318,78.49625,17.27452,78.40118,23.1,78,0,"7Z/452","7Z/452: Patny → Sathamrai (22 stops)"
"Patny","Gajularam X Road",17.44318,78.49625,17.51010,78.44771,11.3,39,2,"186 → 30S → 9M/X","186: Patny → Balanagar (5 stops) | 30S: Balanagar → Chintal (5 stops) | 9M/X: Chintal → Gajularam X Road (3 stops)"
"Patny","Rc Puram",17.44318,78.49625,17.51362,78.28780,24.8,84,3,"186 → 9EM → 224L → 300A/217","186: Patny → Kukatpally (7 stops) | 9EM: Kukatpally → Miyapur X Road (4 stops) | 224L: Miyapur X Road → Lingampally Bs (5 stops) | 300A/217: Lingampally Bs → Rc Puram (3 stops)"
"Patny","Kphb",17.44318,78.49625,17.49456,78.40081,13.1,45,0,"186","186: Patny → Kphb (9 stops)"
"Patny","Pisal Banda",17.44318,78.49625,17.33995,78.50379,13,44,3,"219 → 1M/D → 277K → 460","219: Patny → Rtc X Roads (7 stops) | 1M/D: Rtc X Roads → Chadarghat (5 stops) | 277K: Chadarghat → Is Sadan (5 stops) | 460: Is Sadan → Pisal Banda (3 stops)"
"Patny","Police Lines",17.44318,78.49625,17.44365,78.47499,2.4,9,0,"47YM","47YM: Patny → Police Lines (3 stops)"
"Patny","Uppal X Road",17.44318,78.49625,17.40126,78.56007,8.7,31,1,"49 → AL","49: Patny → Sangeeth Cross Road (4 stops) | AL: Sangeeth Cross Road → Uppal X Roads (3 stops)"
"Patny","Boats Club",17.44318,78.49625,17.42644,78.48664,2.2,8,0,"7Z/452","7Z/452: Patny → Boats Club (2 stops)"
"Patny","Womens College",17.44318,78.49625,17.38481,78.48762,7.4,26,1,"219 → 1J","219: Patny → Rtc X Roads (7 stops) | 1J: Rtc X Roads → Koti Maternity Hospital (6 stops)"
"Patny","Hydernagar",17.44318,78.49625,17.49919,78.38352,13.9,48,1,"186 → 431","186: Patny → Kukatpally (7 stops) | 431: Kukatpally → Hydernagar (3 stops)"
"Patny","Charminar",17.44318,78.49625,17.35868,78.47403,11.3,39,1,"7Z/452 → 253M","7Z/452: Patny → Afzalgunj (9 stops) | 253M: Afzalgunj → Charminar (3 stops)"
"Patny","Hitech City",17.44318,78.49625,17.44995,78.38257,14.6,50,0,"17H/47W","17H/47W: Patny → Hitech City (19 stops)"
"Patny","Ameerpet",17.44318,78.49625,17.43155,78.44765,5.6,22,0,"47YM","47YM: Patny → Kanaka Durga Temple (6 stops)"
"Patny","Gandipet X Road",17.44318,78.49625,17.38500,78.33100,21,71,3,"47YM → 47L → 47YN → 505","47YM: Patny → Panchavati Colony (14 stops) | 47L: Panchavati Colony → Manikonda (2 stops) | 47YN: Manikonda → Narsingi (4 stops) | 505: Narsingi → Gandipet X Road (4 stops)"
"Patny","Gachibowli",17.44318,78.49625,17.43966,78.36356,18.9,65,0,"17H/47W","17H/47W: Patny → Gachibowli X Road (24 stops)"
"Patny","Miyapur",17.44318,78.49625,17.49669,78.36077,16.3,56,1,"186 → 9EM","186: Patny → Kukatpally (7 stops) | 9EM: Kukatpally → Miyapur X Road (4 stops)"
"Patny","Sr Nagar",17.44318,78.49625,17.44027,78.44260,6.6,23,1,"47YM → 10KH","47YM: Patny → Kanaka Durga Temple (6 stops) | 10KH: Kanaka Durga Temple → Sr Nagar (3 stops)"
"Patny","Begumpet",17.44318,78.49625,17.10805,78.55358,45.8,154,2,"7Z/452 → 8A/253M → 478","7Z/452: Patny → Afzalgunj (9 stops) | 8A/253M: Afzalgunj → Imamguda (16 stops) | 478: Imamguda → Begumpet (7 stops)"
"Patny","Tolichowki",17.44318,78.49625,17.39924,78.41552,13.4,46,1,"47YM → 113M/217","47YM: Patny → Shaikpet Nala (12 stops) | 113M/217: Shaikpet Nala → Tolichowki (3 stops)"
"Patny","Kondapur",17.44318,78.49625,17.46392,78.36725,17,58,1,"17H/47W → 113Y/K","17H/47W: Patny → Hitech City (19 stops) | 113Y/K: Hitech City → Kothaguda X Rd (3 stops)"
"Patny","Madhapur",17.44318,78.49625,17.63017,78.77482,41.7,142,1,"37/8A → 546","37/8A: Clock Tower → Kushaiguda (8 stops) | 546: Kushaiguda → Madhapur (14 stops)"
"Patny","Shamshabad",17.44318,78.49625,17.26205,78.38824,25.1,85,0,"7Z/452","7Z/452: Patny → Shamshabad (23 stops)"
"Cbs","Secunderabad Railway Station",17.37823,78.48168,17.43426,78.50158,8,27,0,"1/25S","1/25S: Cbs → Secunderabad Railway Station (13 stops)"
"Cbs","Afzalgunj",17.37823,78.48168,17.37331,78.47693,0.7,3,0,"",""
"Cbs","Alugadda Bhavi",17.37823,78.48168,17.43531,78.51438,9.4,32,1,"1/25S → 186","1/25S: Cbs → Secunderabad Railway Station (13 stops) | 186: Secunderabad Railway Station → Alugadda Bhavi (2 stops)"
"Cbs","Patny",17.37823,78.48168,17.44318,78.49625,9.1,31,0,"1/25S","1/25S: Cbs → Patny (14 stops)"
"Cbs","Erragadda",17.37823,78.48168,17.45617,78.43378,10.4,35,0,"9K/230P","9K/230P: Cbs → Erragadda (19 stops)"
"Cbs","Gajularamaram X Road",17.37823,78.48168,17.50941,78.44817,19.9,68,0,"9K/230P","9K/230P: Cbs → Gajularam X Road (30 stops)"
"Cbs","Jbs",17.37823,78.48168,17.44757,78.49664,9.8,33,0,"1/25S","1/25S: Cbs → Jbs (15 stops)"
"Cbs","Hayathnagar Bus Station",17.37823,78.48168,17.32732,78.60489,15.8,54,1,"65K/123 → 72/208C","65K/123: Cbs → Chadarghat (2 stops) | 72/208C: Jail Garden → Hayathnagar Bus Station (19 stops)"
"Cbs","Rathifile Bus Station",17.37823,78.48168,17.43457,78.50488,7.8,27,0,"95M/1Z","95M/1Z: Cbs → Rathifile Bus Station (13 stops)"
"Cbs","Nampally Public Garoaden",17.37823,78.48168,17.39628,78.47082,2.5,9,0,"7Z","7Z: Cbs → Nampally Public Garoaden (5 stops)"
"Cbs","Lakdikapool",17.37823,78.48168,17.40361,78.46497,3.6,12,0,"9K/230P","9K/230P: Cbs → Lakdikapool (7 stops)"
"Cbs","Ecil Bus Terminal",17.37823,78.48168,17.47253,78.57006,17.3,60,1,"86J → 86J","86J: Cbs → Ramnagar Gundu (11 stops) | 86J: Adikmet → Ecil Bus Terminal (15 stops)"
"Cbs","Secretariat",17.37823,78.48168,17.40812,78.47182,3.8,13,1,"7Z → 277S","7Z: Cbs → Nampally Railway Station (4 stops) | 277S: Nampally Railway Station → Secretariat (2 stops)"
"Cbs","Patancheruvu",17.37823,78.48168,17.52903,78.26428,30.8,104,0,"116N/220K","116N/220K: Koti Medical College → Patancheruvu (35 stops)"
"Cbs","Darul Shifa",17.37823,78.48168,17.37327,78.48299,1.4,5,0,"2U","2U: Cbs → Darul Shifa (3 stops)"
"Cbs","Plaza",17.37823,78.48168,17.44330,78.49066,8.4,29,0,"7Z","7Z: Cbs → Paradise (12 stops)"
"Cbs","Bluesea Cafe",17.37823,78.48168,17.43713,78.50515,8,28,0,"95M/1Z","95M/1Z: Cbs → Rathifile Bus Station (13 stops)"
"Cbs","Tarnaka",17.37823,78.48168,17.42571,78.53223,9.3,33,1,"86J → 3","86J: Cbs → Ramnagar Gundu (11 stops) | 3: Adikmet → Tarnaka (4 stops)"
"Cbs","Lb Nagar X Road",17.37823,78.48168,17.34699,78.55013,8.9,31,1,"65K/123 → 72/208C","65K/123: Cbs → Chadarghat (2 stops) | 72/208C: Jail Garden → Lb Nagar X Road (10 stops)"
"Cbs","Lingampally Bs",17.37823,78.48168,17.49485,78.31689,25.3,85,1,"9K/230P → 222A","9K/230P: Cbs → Lakdikapool (7 stops) | 222A: Lakdikapool → Lingampally Bs (29 stops)"
"Cbs","Kukatpally",17.37823,78.48168,17.48385,78.41242,14.3,48,1,"9K/230P → 218I","9K/230P: Cbs → Moosapet (21 stops) | 218I: Moosapet → Kukatpally (2 stops)"
"Cbs","Jublee Bus Station",17.37823,78.48168,17.44761,78.49758,9.6,32,1,"1/25S → AC","1/25S: Cbs → Secunderabad Railway Station (13 stops) | AC: Secunderabad Railway Station → Jublee Bus Station (2 stops)"
"Cbs","Ibrahimpatnam Bus Station",17.37823,78.48168,17.19144,78.64766,32.1,110,0,"277/412","277/412: Mgbs Bs → Ibrahimpatnam Bus Station (20 stops)"
"Cbs","Prashanth Nagar",17.37823,78.48168,17.47378,78.42698,12.8,46,0,"9K/230P","9K/230P: Cbs → Prashanth Ngr (22 stops)"
"Cbs","Moosapet",17.37823,78.48168,17.47081,78.42668,12.2,41,0,"9K/230P","9K/230P: Cbs → Moosapet (21 stops)"
"Cbs","Cherlapally Bus Stand",17.37823,78.48168,17.46329,78.61145,20.2,68,1,"71A/D → 16H/49M","71A/D: Cbs → Ioc X Roads (27 stops) | 16H/49M: Ioc X Roads → Cherlapally Bus Stand (2 stops)"
"Cbs","Koti Medical College",17.37823,78.48168,17.38310,78.48282,0.5,2,0,"",""
"Cbs","Chadarghat",17.37823,78.48168,17.37722,78.49302,1.1,4,0,"3","3: Cbs → Chadarghat (2 stops)"
"Cbs","Kachiguda X Road",17.37823,78.48168,17.39069,78.48938,3.4,12,0,"83J/A","83J/A: Cbs → Kachiguda X Road (5 stops)"
"Cbs","Gandimaisamma",17.37823,78.48168,17.57508,78.42319,27.6,93,0,"9K/230P","9K/230P: Cbs → Gandimaisamma (38 stops)"
"Cbs","Mehdipatnam",17.37823,78.48168,17.39527,78.43980,5.6,19,0,"116N","116N: Koti Medical College → Mehdipatnam (8 stops)"
"Cbs","Bata",17.37823,78.48168,17.43600,78.49370,7.6,26,1,"7Z → 5K","7Z: Cbs → Middle Tank Bund (9 stops) | 5K: Middle Tank Bund → Bata (3 stops)"
"Cbs","Jntu X Rd",17.37823,78.48168,17.49672,78.39445,16.7,57,1,"9K/230P → 113K","9K/230P: Cbs → Moosapet (21 stops) | 113K: Moosapet → Kphb Main Road (3 stops)"
"Cbs","Super Bazar",17.37823,78.48168,17.37193,78.50992,3,13,1,"277/412 → 443","277/412: Mgbs Bs → Chadarghat (2 stops) | 443: Chadarghat → Super Bazar (2 stops)"
"Cbs","Race Course",17.37823,78.48168,17.45076,78.48820,9.4,32,1,"7Z → 8/26S","7Z: Cbs → Paradise (12 stops) | 8/26S: Paradise → Race Course (3 stops)"
"Cbs","Punjagutta",17.37823,78.48168,17.42645,78.45141,6.5,22,0,"9K/230P","9K/230P: Cbs → Punjagutta (13 stops)"
"Cbs","Balanagar",17.37823,78.48168,17.46697,78.44626,14.9,51,0,"9K/230P","9K/230P: Cbs → Balanagar (23 stops)"
"Cbs","Chintal",17.37823,78.48168,17.49540,78.45210,18.1,61,0,"9K/230P","9K/230P: Cbs → Chintal (27 stops)"
"Cbs","Nanal Nagar",17.37823,78.48168,17.39620,78.42700,7,24,0,"216","216: Koti Medical College → Nanal Nagar (9 stops)"
"Cbs","Abids Gpo",17.37823,78.48168,17.38757,78.47617,1.2,4,0,"7Z","7Z: Cbs → Abids Gpo (3 stops)"
"Cbs","Kachiguda Railway Station",17.37823,78.48168,17.38950,78.49726,2.2,8,0,"65K/123","65K/123: Cbs → Kachiguda Railway Station (3 stops)"
"Cbs","Ghatkesar Bus Station",17.37823,78.48168,17.45213,78.68231,23.3,78,1,"71A/D → 500","71A/D: Cbs → Uppal X Road (15 stops) | 500: Uppal X Road → Ghatkesar Bus Station (2 stops)"
"Cbs","Chengicherla",17.37823,78.48168,17.43313,78.60845,16.8,57,0,"71A/D","71A/D: Cbs → Chengicherla (26 stops)"
"Cbs","Quthbullapur X Rd",17.37823,78.48168,17.49890,78.45176,18.4,62,0,"9K/230P","9K/230P: Cbs → Quthbullapur X Rd (28 stops)"
"Cbs","Shapur Nagar",17.37823,78.48168,17.51600,78.44690,20.4,69,0,"9K/230P","9K/230P: Cbs → Shapur Nagar (31 stops)"
"Cbs","Panama Godown",17.37823,78.48168,17.33840,78.56864,10.8,39,2,"277/412 → 443 → 524","277/412: Mgbs Bs → Chadarghat (2 stops) | 443: Chadarghat → Dwaraka Nagar Ashtalakshmi Temple (4 stops) | 524: Dwaraka Nagar Ashtalakshmi Temple → Panama Godown (5 stops)"
"Cbs","Gachibowli X Road",17.37823,78.48168,17.43903,78.36295,15.4,52,0,"116N/220K","116N/220K: Koti Medical College → Gachibowli X Road (17 stops)"
"Cbs","Abids Grammar School",17.37823,78.48168,17.39333,78.47625,3.3,12,1,"7Z → 1M/D","7Z: Cbs → Nampally Railway Station (4 stops) | 1M/D: Nampally Railway Station → Abids Grammar School (3 stops)"
"Cbs","Dilsukhnagar",17.37823,78.48168,17.36862,78.52366,4.6,18,1,"277/412 → 443","277/412: Mgbs Bs → Chadarghat (2 stops) | 443: Chadarghat → Dilsukhnagar (3 stops)"
"Cbs","Sathamrai",17.37823,78.48168,17.27452,78.40118,15.1,51,0,"7Z/452","7Z/452: Cbs → Sathamrai (15 stops)"
"Cbs","Gajularam X Road",17.37823,78.48168,17.51010,78.44771,19.8,67,0,"9K/230P","9K/230P: Cbs → Gajularam X Road (30 stops)"
"Cbs","Rc Puram",17.37823,78.48168,17.51362,78.28780,27.8,93,0,"116N/220K","116N/220K: Koti Medical College → Rc Puram (32 stops)"
"Cbs","Kphb",17.37823,78.48168,17.49456,78.40081,16,55,1,"9K/230P → 9EM","9K/230P: Cbs → Moosapet (21 stops) | 9EM: Moosapet → Kphb Metro Station (3 stops)"
"Cbs","Pisal Banda",17.37823,78.48168,17.33995,78.50379,6.1,24,1,"277/412 → 460","277/412: Mgbs Bs → Is Sadan (5 stops) | 460: Is Sadan → Pisal Banda (3 stops)"
"Cbs","Police Lines",17.37823,78.48168,17.44365,78.47499,9.4,34,1,"7Z → 147","7Z: Cbs → Paradise (12 stops) | 147: Paradise Metro Station → Police Lines (2 stops)"
"Cbs","Uppal X Road",17.37823,78.48168,17.40126,78.56007,9,31,0,"71A/D","71A/D: Cbs → Uppal X Road (14 stops)"
"Cbs","Boats Club",17.37823,78.48168,17.42644,78.48664,6.3,22,0,"7Z","7Z: Cbs → Boats Club (10 stops)"
"Cbs","Womens College",17.37823,78.48168,17.38481,78.48762,1.8,7,0,"3","3: Cbs → Koti Maternity Hospital (3 stops)"
"Cbs","Hydernagar",17.37823,78.48168,17.49919,78.38352,17.8,60,1,"9K/230P → 9EM","9K/230P: Cbs → Moosapet (21 stops) | 9EM: Moosapet → Hydernagar (4 stops)"
"Cbs","Charminar",17.37823,78.48168,17.35868,78.47403,3.6,13,0,"2U","2U: Cbs → Charminar (7 stops)"
"Cbs","Hitech City",17.37823,78.48168,17.44995,78.38257,15.5,52,1,"9K/230P → 222A","9K/230P: Cbs → Lakdikapool (7 stops) | 222A: Lakdikapool → Hitech City (16 stops)"
"Cbs","Ameerpet",17.37823,78.48168,17.43155,78.44765,7.3,25,0,"9K/230P","9K/230P: Cbs → Ameerpet (15 stops)"
"Cbs","Gandipet X Road",17.37823,78.48168,17.38500,78.33100,17.1,58,1,"1JK → 94/220K","1JK: Cbs → Langar House (10 stops) | 94/220K: Langar House → Gandipet X Road (13 stops)"
"Cbs","Gachibowli",17.37823,78.48168,17.43966,78.36356,15.5,53,0,"116N/220K","116N/220K: Koti Medical College → Gachibowli X Road (17 stops)"
"Cbs","Miyapur",17.37823,78.48168,17.49669,78.36077,20.3,69,1,"9K/230P → 9EM","9K/230P: Cbs → Moosapet (21 stops) | 9EM: Moosapet → Miyapur X Road (5 stops)"
"Cbs","Sr Nagar",17.37823,78.48168,17.44027,78.44260,8.7,30,0,"9K/230P","9K/230P: Cbs → Sr Nagar (17 stops)"
"Cbs","Begumpet",17.37823,78.48168,17.10805,78.55358,38.3,128,2,"2U → 471/92C → 478","2U: Cbs → Chandrayangutta (12 stops) | 471/92C: Chandrayangutta → Imamguda (8 stops) | 478: Imamguda → Begumpet (7 stops)"
"Cbs","Tolichowki",17.37823,78.48168,17.39924,78.41552,8.2,28,0,"216","216: Koti Medical College → Tolichowki (10 stops)"
"Cbs","Kondapur",17.37823,78.48168,17.46392,78.36725,18,61,1,"9K/230P → 222A","9K/230P: Cbs → Lakdikapool (7 stops) | 222A: Lakdikapool → Kondapur (21 stops)"
"Cbs","Madhapur",17.37823,78.48168,17.63017,78.77482,35.6,122,2,"277/412 → 277P → 486","277/412: Mgbs Bs → Mangalpalle (17 stops) | 277P: Mangalpalle → Yeliminedu (6 stops) | 486: Yeliminedu → Madhapur (2 stops)"
"Cbs","Shamshabad",17.37823,78.48168,17.26205,78.38824,17.1,58,0,"7Z/452","7Z/452: Cbs → Shamshabad (16 stops)"
"Erragadda","Secunderabad Railway Station",17.45617,78.43378,17.43426,78.50158,8.5,29,0,"10S/K","10S/K: Erragadda → Secunderabad Railway Station (6 stops)"
"Erragadda","Afzalgunj",17.45617,78.43378,17.37331,78.47693,10.2,34,2,"113K → 127N → 8","113K: Erragadda → Telephone Bhavan (5 stops) | 127N: Telephone Bhavan → Abids Grammar School (3 stops) | 8: Abids Grammar School → Afzalgunj (4 stops)"
"Erragadda","Alugadda Bhavi",17.45617,78.43378,17.43531,78.51438,9,31,0,"250/281","250/281: Erragadda → Alugaddabavi (4 stops)"
"Erragadda","Patny",17.45617,78.43378,17.44318,78.49625,7.4,25,0,"10S/K","10S/K: Erragadda → Plaza (5 stops)"
"Erragadda","Cbs",17.45617,78.43378,17.37823,78.48168,9.8,33,1,"113K → 116G","113K: Erragadda → Telephone Bhavan (5 stops) | 116G: Assembly → Cbs (3 stops)"
"Erragadda","Gajularamaram X Road",17.45617,78.43378,17.50941,78.44817,7.9,28,1,"9M → 9M/X","9M: Erragadda → Sanath Nagar (3 stops) | 9M/X: Sanath Nagar → Gajularam X Road (9 stops)"
"Erragadda","Jbs",17.45617,78.43378,17.44757,78.49664,8.1,28,1,"10S/K → 49E/22","10S/K: Erragadda → Plaza (5 stops) | 49E/22: Plaza → Jbs (3 stops)"
"Erragadda","Hayathnagar Bus Station",17.45617,78.43378,17.32732,78.60489,24.3,82,3,"113K → 127N → 277MP → 524","113K: Erragadda → Telephone Bhavan (5 stops) | 127N: Telephone Bhavan → Abids Grammar School (3 stops) | 277MP: Abids Grammar School → Ntr Nagar (12 stops) | 524: Ntr Nagar → Hayathnagar Bus Station (8 stops)"
"Erragadda","Rathifile Bus Station",17.45617,78.43378,17.43457,78.50488,8.9,30,0,"10S/K","10S/K: Erragadda → Secunderabad Railway Station (6 stops)"
"Erragadda","Nampally Public Garoaden",17.45617,78.43378,17.39628,78.47082,7.4,26,0,"113K","113K: Erragadda → Telephone Bhavan (5 stops)"
"Erragadda","Lakdikapool",17.45617,78.43378,17.40361,78.46497,5.9,20,0,"113K","113K: Erragadda → Khairatabad (4 stops)"
"Erragadda","Ecil Bus Terminal",17.45617,78.43378,17.47253,78.57006,18.4,62,1,"250/281 → 17D","250/281: Erragadda → Alugaddabavi (4 stops) | 17D: Alugaddabavi → Ecil Bus Terminal (7 stops)"
"Erragadda","Secretariat",17.45617,78.43378,17.40812,78.47182,6.6,23,0,"113K","113K: Erragadda → Telephone Bhavan (5 stops)"
"Erragadda","Patancheruvu",17.45617,78.43378,17.52903,78.26428,21.4,72,2,"10MN → 224L → 300A/217","10MN: Erragadda → Miyapur (7 stops) | 224L: Miyapur → Lingampally Bs (4 stops) | 300A/217: Lingampally Bs → Patancheruvu (5 stops)"
"Erragadda","Darul Shifa",17.45617,78.43378,17.37327,78.48299,10.8,37,2,"113K → 127N → 8A","113K: Erragadda → Telephone Bhavan (5 stops) | 127N: Telephone Bhavan → Abids Grammar School (3 stops) | 8A: Abids Grammar School → Darul Shifa (5 stops)"
"Erragadda","Plaza",17.45617,78.43378,17.44330,78.49066,7,24,0,"10S/K","10S/K: Erragadda → Plaza (5 stops)"
"Erragadda","Bluesea Cafe",17.45617,78.43378,17.43713,78.50515,8.7,30,1,"10S/K → 227G","10S/K: Erragadda → Plaza (5 stops) | 227G: Plaza → Bluesea Cafe (4 stops)"
"Erragadda","Tarnaka",17.45617,78.43378,17.42571,78.53223,11,37,0,"250/281","250/281: Erragadda → Tarnaka (5 stops)"
"Erragadda","Lb Nagar X Road",17.45617,78.43378,17.34699,78.55013,18.4,63,2,"113K → 127N → 277MP","113K: Erragadda → Telephone Bhavan (5 stops) | 127N: Telephone Bhavan → Abids Grammar School (3 stops) | 277MP: Abids Grammar School → Lb Nagar (14 stops)"
"Erragadda","Lingampally Bs",17.45617,78.43378,17.49485,78.31689,14.5,49,1,"10MN → 224L","10MN: Erragadda → Miyapur (7 stops) | 224L: Miyapur → Lingampally Bs (4 stops)"
"Erragadda","Kukatpally",17.45617,78.43378,17.48385,78.41242,3.9,13,0,"10MN","10MN: Erragadda → Kukatpally (3 stops)"
"Erragadda","Jublee Bus Station",17.45617,78.43378,17.44761,78.49758,10,34,1,"10S/K → AC","10S/K: Erragadda → Secunderabad Railway Station (6 stops) | AC: Secunderabad Railway Station → Jublee Bus Station (2 stops)"
"Erragadda","Ibrahimpatnam Bus Station",17.45617,78.43378,17.19144,78.64766,41.2,138,2,"113K → 127N → 277MP","113K: Erragadda → Telephone Bhavan (5 stops) | 127N: Telephone Bhavan → Abids Grammar School (3 stops) | 277MP: Abids Grammar School → Ibrahimpatnam Bus Station (30 stops)"
"Erragadda","Prashanth Nagar",17.45617,78.43378,17.47378,78.42698,2.1,11,0,"19BM","19BM: Erragadda → Moosapet (2 stops)"
"Erragadda","Moosapet",17.45617,78.43378,17.47081,78.42668,1.8,6,0,"9EM","9EM: Erragadda → Moosapet (2 stops)"
"Erragadda","Cherlapally Bus Stand",17.45617,78.43378,17.46329,78.61145,21.2,73,1,"250/281 → 250C/R","250/281: Erragadda → Tarnaka (5 stops) | 250C/R: Tarnaka → Cherlapally Bus Stand (7 stops)"
"Erragadda","Koti Medical College",17.45617,78.43378,17.38310,78.48282,9.3,31,2,"113K → 127N → 218I","113K: Erragadda → Telephone Bhavan (5 stops) | 127N: Telephone Bhavan → Abids Grammar School (3 stops) | 218I: Abids Grammar School → Koti Medical College (2 stops)"
"Erragadda","Chadarghat",17.45617,78.43378,17.37722,78.49302,10.7,36,2,"113K → 127N → 277MP","113K: Erragadda → Telephone Bhavan (5 stops) | 127N: Telephone Bhavan → Abids Grammar School (3 stops) | 277MP: Abids Grammar School → Chadarghat (3 stops)"
"Erragadda","Kachiguda X Road",17.45617,78.43378,17.39069,78.48938,11.9,41,1,"113K → 83/272","113K: Erragadda → Telephone Bhavan (5 stops) | 83/272: Telephone Bhavan → Kachiguda X Road (13 stops)"
"Erragadda","Gandimaisamma",17.45617,78.43378,17.57508,78.42319,15.7,53,1,"9M → 9M/X","9M: Erragadda → Sanath Nagar (3 stops) | 9M/X: Sanath Nagar → Gandimaisamma (16 stops)"
"Erragadda","Mehdipatnam",17.45617,78.43378,17.39527,78.43980,7.7,26,0,"19MP/272","19MP/272: Erragadda → Mehdipatnam (6 stops)"
"Erragadda","Bata",17.45617,78.43378,17.43600,78.49370,8.4,28,1,"10S/K → 8/26S","10S/K: Erragadda → Plaza (5 stops) | 8/26S: Plaza → Bata (3 stops)"
"Erragadda","Jntu X Rd",17.45617,78.43378,17.49672,78.39445,6.3,22,0,"10MN","10MN: Erragadda → Jntu X Road (5 stops)"
"Erragadda","Super Bazar",17.45617,78.43378,17.37193,78.50992,12.2,41,2,"113K → 127N → 277MP","113K: Erragadda → Telephone Bhavan (5 stops) | 127N: Telephone Bhavan → Abids Grammar School (3 stops) | 277MP: Abids Grammar School → Super Bazar (6 stops)"
"Erragadda","Race Course",17.45617,78.43378,17.45076,78.48820,7.8,27,0,"10S/K","10S/K: Erragadda → Plaza (5 stops)"
"Erragadda","Punjagutta",17.45617,78.43378,17.42645,78.45141,3.4,12,0,"19MP/272","19MP/272: Erragadda → Punjagutta (3 stops)"
"Erragadda","Balanagar",17.45617,78.43378,17.46697,78.44626,3,11,1,"9M → 9M/X","9M: Erragadda → Sanath Nagar (3 stops) | 9M/X: Sanath Nagar → Balanagar (3 stops)"
"Erragadda","Chintal",17.45617,78.43378,17.49540,78.45210,6.1,21,1,"9M → 9M/X","9M: Erragadda → Sanath Nagar (3 stops) | 9M/X: Sanath Nagar → Chintal (7 stops)"
"Erragadda","Nanal Nagar",17.45617,78.43378,17.39620,78.42700,9,30,1,"19MP/272 → 116G","19MP/272: Erragadda → Mehdipatnam (6 stops) | 116G: Mehdipatnam → Nanal Nagar (2 stops)"
"Erragadda","Abids Gpo",17.45617,78.43378,17.38757,78.47617,10.2,35,1,"113K → 127N","113K: Erragadda → Telephone Bhavan (5 stops) | 127N: Telephone Bhavan → Abids Gpo (6 stops)"
"Erragadda","Kachiguda Railway Station",17.45617,78.43378,17.38950,78.49726,10.6,39,1,"113K → 83/272","113K: Erragadda → Telephone Bhavan (5 stops) | 83/272: Telephone Bhavan → Tourist Hotel (11 stops)"
"Erragadda","Ghatkesar Bus Station",17.45617,78.43378,17.45213,78.68231,30.6,102,2,"113K → 113M → 500","113K: Erragadda → Modern Bakery (11 stops) | 113M: Modern Bakery → Uppal X Road (2 stops) | 500: Uppal X Road → Ghatkesar Bus Station (2 stops)"
"Erragadda","Chengicherla",17.45617,78.43378,17.43313,78.60845,21.2,71,1,"250/281 → 6X","250/281: Erragadda → Bell Company (7 stops) | 6X: Shakti Sai Nagar X Road → Chengicherla (4 stops)"
"Erragadda","Quthbullapur X Rd",17.45617,78.43378,17.49890,78.45176,7.5,25,1,"9M → 9M/X","9M: Erragadda → Sanath Nagar (3 stops) | 9M/X: Sanath Nagar → Quthbullapur X Rd (9 stops)"
"Erragadda","Shapur Nagar",17.45617,78.43378,17.51600,78.44690,8.5,29,1,"9M → 9M/X","9M: Erragadda → Sanath Nagar (3 stops) | 9M/X: Sanath Nagar → Shapur Nagar (10 stops)"
"Erragadda","Panama Godown",17.45617,78.43378,17.33840,78.56864,20.3,68,3,"113K → 127N → 277MP → 524","113K: Erragadda → Telephone Bhavan (5 stops) | 127N: Telephone Bhavan → Abids Grammar School (3 stops) | 277MP: Abids Grammar School → Ntr Nagar (12 stops) | 524: Ntr Nagar → Panama Godown (4 stops)"
"Erragadda","Gachibowli X Road",17.45617,78.43378,17.43903,78.36295,10.2,35,1,"10F/V → 195SP","10F/V: Erragadda → Tcs Deccan Park (9 stops) | 195SP: Tcs Deccan Park → Gachibowli X Road (3 stops)"
"Erragadda","Abids Grammar School",17.45617,78.43378,17.39333,78.47625,7.9,27,1,"113K → 127N","113K: Erragadda → Telephone Bhavan (5 stops) | 127N: Telephone Bhavan → Abids Grammar School (3 stops)"
"Erragadda","Dilsukhnagar",17.45617,78.43378,17.36862,78.52366,13.8,47,2,"113K → 127N → 277MP","113K: Erragadda → Telephone Bhavan (5 stops) | 127N: Telephone Bhavan → Abids Grammar School (3 stops) | 277MP: Abids Grammar School → Dilsukhnagar (8 stops)"
"Erragadda","Sathamrai",17.45617,78.43378,17.27452,78.40118,23.9,80,1,"19MP/272 → 92A/251S","19MP/272: Erragadda → Mehdipatnam (6 stops) | 92A/251S: Mehdipatnam → Sathamrai (13 stops)"
"Erragadda","Gajularam X Road",17.45617,78.43378,17.51010,78.44771,7.9,27,1,"9M → 9M/X","9M: Erragadda → Sanath Nagar (3 stops) | 9M/X: Sanath Nagar → Gajularam X Road (9 stops)"
"Erragadda","Rc Puram",17.45617,78.43378,17.51362,78.28780,18.4,62,2,"10MN → 224L → 300A/217","10MN: Erragadda → Miyapur (7 stops) | 224L: Miyapur → Lingampally Bs (4 stops) | 300A/217: Lingampally Bs → Rc Puram (3 stops)"
"Erragadda","Kphb",17.45617,78.43378,17.49456,78.40081,5.7,20,0,"19V/M","19V/M: Erragadda → Kphb Metro Station (4 stops)"
"Erragadda","Pisal Banda",17.45617,78.43378,17.33995,78.50379,21.8,74,3,"113K → 127N → 8A/253S → 300/253","113K: Erragadda → Telephone Bhavan (5 stops) | 127N: Telephone Bhavan → Abids Grammar School (3 stops) | 8A/253S: Abids Grammar School → Barkas (17 stops) | 300/253: Barkas → Pisal Banda (3 stops)"
"Erragadda","Police Lines",17.45617,78.43378,17.44365,78.47499,5.7,20,1,"19MB → 10JB","19MB: Erragadda → Rj College (3 stops) | 10JB: Rj College → Police Lines (2 stops)"
"Erragadda","Uppal X Road",17.45617,78.43378,17.40126,78.56007,16.3,55,0,"113K","113K: Erragadda → Modern Bakery (11 stops)"
"Erragadda","Boats Club",17.45617,78.43378,17.42644,78.48664,9.1,31,1,"113K → 5K","113K: Erragadda → Telephone Bhavan (5 stops) | 5K: Telephone Bhavan → Boats Club (3 stops)"
"Erragadda","Womens College",17.45617,78.43378,17.38481,78.48762,9.6,33,1,"113K → 127N","113K: Erragadda → Telephone Bhavan (5 stops) | 127N: Telephone Bhavan → Koti Bank Strret (4 stops)"
"Erragadda","Hydernagar",17.45617,78.43378,17.49919,78.38352,7.5,25,0,"10MN","10MN: Erragadda → Hydernagar (6 stops)"
"Erragadda","Charminar",17.45617,78.43378,17.35868,78.47403,13.1,44,2,"113K → 127N → 8A","113K: Erragadda → Telephone Bhavan (5 stops) | 127N: Telephone Bhavan → Abids Grammar School (3 stops) | 8A: Abids Grammar School → Charminar (9 stops)"
"Erragadda","Hitech City",17.45617,78.43378,17.44995,78.38257,6.2,23,0,"10F/V","10F/V: Erragadda → Cyber Towers (8 stops)"
"Erragadda","Ameerpet",17.45617,78.43378,17.43155,78.44765,2.3,8,0,"113K","113K: Erragadda → Sr Nagar (2 stops)"
"Erragadda","Gandipet X Road",17.45617,78.43378,17.38500,78.33100,21,71,2,"19MP/272 → 95K → 505","19MP/272: Erragadda → Mehdipatnam (6 stops) | 95K: Mehdipatnam → Bapu Ghat (4 stops) | 505: Bapu Ghat → Gandipet X Road (12 stops)"
"Erragadda","Gachibowli",17.45617,78.43378,17.43966,78.36356,8.9,30,1,"10F/V → 10HW","10F/V: Erragadda → Tcs Deccan Park (9 stops) | 10HW: Tcs Deccan Park → Telecom Nagar (2 stops)"
"Erragadda","Miyapur",17.45617,78.43378,17.49669,78.36077,10.2,34,0,"10MN","10MN: Erragadda → Miyapur (7 stops)"
"Erragadda","Sr Nagar",17.45617,78.43378,17.44027,78.44260,1.6,6,0,"113K","113K: Erragadda → Sr Nagar (2 stops)"
"Erragadda","Tolichowki",17.45617,78.43378,17.39924,78.41552,10.2,35,1,"19MP/272 → 216","19MP/272: Erragadda → Mehdipatnam (6 stops) | 216: Mehdipatnam → Tolichowki (3 stops)"
"Erragadda","Kondapur",17.45617,78.43378,17.46392,78.36725,8.5,30,1,"10F/V → 282K","10F/V: Erragadda → Cyber Towers (8 stops) | 282K: Cyber Towers → Kothaguda X Rd (4 stops)"
"Erragadda","Madhapur",17.45617,78.43378,17.63017,78.77482,49.6,166,2,"250/281 → 17D → 546","250/281: Erragadda → Alugaddabavi (4 stops) | 17D: Alugaddabavi → Nagaram (8 stops) | 546: Nagaram → Madhapur (13 stops)"
"Erragadda","Shamshabad",17.45617,78.43378,17.26205,78.38824,25.9,87,1,"19MP/272 → 92A/251S","19MP/272: Erragadda → Mehdipatnam (6 stops) | 92A/251S: Mehdipatnam → Shamshabad (14 stops)"
"Gajularamaram X Road","Secunderabad Railway Station",17.50941,78.44817,17.43426,78.50158,12.4,42,1,"29B/250C → 219P","29B/250C: Gajularamaram X Road → Race Course (14 stops) | 219P: Race Course → Secunderabad Railway Station (3 stops)"
"Gajularamaram X Road","Afzalgunj",17.50941,78.44817,17.37331,78.47693,20.4,69,1,"29B/250C → 9K","29B/250C: Gajularamaram X Road → Idpl Water Tank (6 stops) | 9K: Idpl Water Tank → Afzalgunj (24 stops)"
"Gajularamaram X Road","Alugadda Bhavi",17.50941,78.44817,17.43531,78.51438,13.8,47,0,"29B/250C","29B/250C: Gajularamaram X Road → Alugaddabavi (19 stops)"
"Gajularamaram X Road","Patny",17.50941,78.44817,17.44318,78.49625,11.8,40,0,"29B/250C","29B/250C: Gajularamaram X Road → Patny (16 stops)"
"Gajularamaram X Road","Cbs",17.50941,78.44817,17.37823,78.48168,19.6,66,1,"29B/250C → 9K","29B/250C: Gajularamaram X Road → Idpl Water Tank (6 stops) | 9K: Idpl Water Tank → Cbs (23 stops)"
"Gajularamaram X Road","Erragadda",17.50941,78.44817,17.45617,78.43378,9.6,33,1,"29B/250C → 9K","29B/250C: Gajularamaram X Road → Idpl Water Tank (6 stops) | 9K: Idpl Water Tank → Erragadda (6 stops)"
"Gajularamaram X Road","Jbs",17.50941,78.44817,17.44757,78.49664,11.1,39,1,"29B/250C → 511","29B/250C: Gajularamaram X Road → Tadbund (13 stops) | 511: Tadbund → Jublee Bus Station (2 stops)"
"Gajularamaram X Road","Hayathnagar Bus Station",17.50941,78.44817,17.32732,78.60489,29.9,101,1,"186 → 216/118W","186: Rythubazar-Jdm → Ngos Colony Bus Stop (2 stops) | 216/118W: Ngos Colony Bus Stop → Hayathnagar Bus Station (2 stops)"
"Gajularamaram X Road","Rathifile Bus Station",17.50941,78.44817,17.43457,78.50488,13.1,44,0,"29B/250C","29B/250C: Gajularamaram X Road → Bluesea Cafe (18 stops)"
"Gajularamaram X Road","Nampally Public Garoaden",17.50941,78.44817,17.39628,78.47082,17.1,59,1,"29B/250C → 9K","29B/250C: Gajularamaram X Road → Idpl Water Tank (6 stops) | 9K: Idpl Water Tank → Assembly (18 stops)"
"Gajularamaram X Road","Lakdikapool",17.50941,78.44817,17.40361,78.46497,15.6,53,1,"29B/250C → 9K","29B/250C: Gajularamaram X Road → Idpl Water Tank (6 stops) | 9K: Idpl Water Tank → Lakdikapool (17 stops)"
"Gajularamaram X Road","Ecil Bus Terminal",17.50941,78.44817,17.47253,78.57006,15.1,51,0,"290/186","290/186: Rythubazar-Jdm → Kamala Nagar (2 stops)"
"Gajularamaram X Road","Secretariat",17.50941,78.44817,17.40812,78.47182,15.3,52,2,"29B/250C → 498K → 113KP","29B/250C: Gajularamaram X Road → Race Course (14 stops) | 498K: Race Course → Paradise (2 stops) | 113KP: Paradise → Secretariat (5 stops)"
"Gajularamaram X Road","Patancheruvu",17.50941,78.44817,17.52903,78.26428,23.6,81,3,"171D → 9EM → 224L → 300A/217","171D: Gajularamaram X Road → Kphb Metro Station (14 stops) | 9EM: Kphb Metro Station → Miyapur X Road (3 stops) | 224L: Miyapur X Road → Lingampally Bs (5 stops) | 300A/217: Lingampally Bs → Patancheruvu (5 stops)"
"Gajularamaram X Road","Darul Shifa",17.50941,78.44817,17.37327,78.48299,21,71,1,"29B/250C → 9K","29B/250C: Gajularamaram X Road → Idpl Water Tank (6 stops) | 9K: Idpl Water Tank → Darul Shifa (25 stops)"
"Gajularamaram X Road","Plaza",17.50941,78.44817,17.44330,78.49066,10.9,37,0,"29B/250C","29B/250C: Gajularamaram X Road → Plaza (15 stops)"
"Gajularamaram X Road","Bluesea Cafe",17.50941,78.44817,17.43713,78.50515,12.8,43,0,"29B/250C","29B/250C: Gajularamaram X Road → Bluesea Cafe (18 stops)"
"Gajularamaram X Road","Tarnaka",17.50941,78.44817,17.42571,78.53223,16.1,54,0,"29B/250C","29B/250C: Gajularamaram X Road → Tarnaka (21 stops)"
"Gajularamaram X Road","Lb Nagar X Road",17.50941,78.44817,17.34699,78.55013,26.3,88,2,"29B/250C → 113T/L → 290U/F","29B/250C: Gajularamaram X Road → Tarnaka (21 stops) | 113T/L: Tarnaka → Survey Of India (3 stops) | 290U/F: Survey Of India → Lb Nagar X Road (7 stops)"
"Gajularamaram X Road","Lingampally Bs",17.50941,78.44817,17.49485,78.31689,16.8,59,2,"171D → 9EM → 224L","171D: Gajularamaram X Road → Kphb Metro Station (14 stops) | 9EM: Kphb Metro Station → Miyapur X Road (3 stops) | 224L: Miyapur X Road → Lingampally Bs (5 stops)"
"Gajularamaram X Road","Kukatpally",17.50941,78.44817,17.48385,78.41242,8.6,31,1,"171D → 10JB","171D: Gajularamaram X Road → Bhagyanagar (12 stops) | 10JB: Bhagyanagar → Kukatpally (2 stops)"
"Gajularamaram X Road","Jublee Bus Station",17.50941,78.44817,17.44761,78.49758,11,37,1,"29B/250C → 511","29B/250C: Gajularamaram X Road → Tadbund (13 stops) | 511: Tadbund → Jublee Bus Station (2 stops)"
"Gajularamaram X Road","Ibrahimpatnam Bus Station",17.50941,78.44817,17.19144,78.64766,48.6,163,2,"29B/250C → 113T/L → 279U","29B/250C: Gajularamaram X Road → Tarnaka (21 stops) | 113T/L: Tarnaka → Survey Of India (3 stops) | 279U: Survey Of India → Ibrahimpatnam Bus Station (22 stops)"
"Gajularamaram X Road","Prashanth Nagar",17.50941,78.44817,17.47378,78.42698,6.9,24,1,"29B/250C → 9K","29B/250C: Gajularamaram X Road → Idpl Water Tank (6 stops) | 9K: Idpl Water Tank → Prashanth Nagar (3 stops)"
"Gajularamaram X Road","Moosapet",17.50941,78.44817,17.47081,78.42668,7.1,25,1,"29B/250C → 9K","29B/250C: Gajularamaram X Road → Idpl Water Tank (6 stops) | 9K: Idpl Water Tank → Moosapet (4 stops)"
"Gajularamaram X Road","Cherlapally Bus Stand",17.50941,78.44817,17.46329,78.61145,20.6,70,1,"290/186 → 16C/250X","290/186: Rythubazar-Jdm → Kamala Nagar (2 stops) | 16C/250X: Kamla Nagar → Cherlapally Bus Stand (6 stops)"
"Gajularamaram X Road","Koti Medical College",17.50941,78.44817,17.38310,78.48282,19,65,1,"29B/250C → 9K","29B/250C: Gajularamaram X Road → Idpl Water Tank (6 stops) | 9K: Idpl Water Tank → Koti Medical College (22 stops)"
"Gajularamaram X Road","Chadarghat",17.50941,78.44817,17.37722,78.49302,20.1,68,2,"29B/250C → 1/25S → 1M/D","29B/250C: Gajularamaram X Road → Bluesea Cafe (18 stops) | 1/25S: Bluesea Cafe → Narayanguda (9 stops) | 1M/D: Narayanguda → Chadarghat (3 stops)"
"Gajularamaram X Road","Kachiguda X Road",17.50941,78.44817,17.39069,78.48938,18.3,62,2,"29B/250C → 1/25S → 3X","29B/250C: Gajularamaram X Road → Bluesea Cafe (18 stops) | 1/25S: Bluesea Cafe → Chikkadapally (8 stops) | 3X: Chikkadapally → Kachiguda X Road (2 stops)"
"Gajularamaram X Road","Gandimaisamma",17.50941,78.44817,17.57508,78.42319,7.9,27,0,"511","511: Shapur Nagar → Gandimaisamma (4 stops)"
"Gajularamaram X Road","Mehdipatnam",17.50941,78.44817,17.39527,78.43980,16.7,57,3,"29B/250C → 9K → 224/47D → 19KA","29B/250C: Gajularamaram X Road → Idpl Water Tank (6 stops) | 9K: Idpl Water Tank → Sr Nagar (8 stops) | 224/47D: Sr Nagar → Punjagutta (2 stops) | 19KA: Punjagutta → Mehdipatnam (3 stops)"
"Gajularamaram X Road","Bata",17.50941,78.44817,17.43600,78.49370,12.1,41,1,"29B/250C → 219P","29B/250C: Gajularamaram X Road → Race Course (14 stops) | 219P: Race Course → Patny (2 stops)"
"Gajularamaram X Road","Jntu X Rd",17.50941,78.44817,17.49672,78.39445,8.5,32,0,"171D","171D: Gajularamaram X Road → Kphb Metro Station (14 stops)"
"Gajularamaram X Road","Super Bazar",17.50941,78.44817,17.37193,78.50992,21.7,73,2,"29B/250C → 1/25S → 1M/D","29B/250C: Gajularamaram X Road → Bluesea Cafe (18 stops) | 1/25S: Bluesea Cafe → Narayanguda (9 stops) | 1M/D: Narayanguda → Super Bazar (6 stops)"
"Gajularamaram X Road","Race Course",17.50941,78.44817,17.45076,78.48820,10.1,34,0,"29B/250C","29B/250C: Gajularamaram X Road → Race Course (14 stops)"
"Gajularamaram X Road","Punjagutta",17.50941,78.44817,17.42645,78.45141,13,44,1,"29B/250C → 9K","29B/250C: Gajularamaram X Road → Idpl Water Tank (6 stops) | 9K: Idpl Water Tank → Punjagutta (11 stops)"
"Gajularamaram X Road","Balanagar",17.50941,78.44817,17.46697,78.44626,4.8,17,0,"29B/250C","29B/250C: Gajularamaram X Road → Balanagar (7 stops)"
"Gajularamaram X Road","Chintal",17.50941,78.44817,17.49540,78.45210,1.6,6,0,"9K","9K: Gajularamaram X Road → Chintal (2 stops)"
"Gajularamaram X Road","Nanal Nagar",17.50941,78.44817,17.39620,78.42700,22.8,78,2,"171D → 198 → 10W","171D: Gajularamaram X Road → Kphb Metro Station (14 stops) | 198: Kphb Metro Station → Bio Diversity Complex (11 stops) | 10W: Bio Diversity Complex → Nanal Nagar (6 stops)"
"Gajularamaram X Road","Abids Gpo",17.50941,78.44817,17.38757,78.47617,18.4,62,2,"29B/250C → 9K → 8A/253M","29B/250C: Gajularamaram X Road → Idpl Water Tank (6 stops) | 9K: Idpl Water Tank → Nizam College (19 stops) | 8A/253M: Nizam College → Abids Gpo (2 stops)"
"Gajularamaram X Road","Kachiguda Railway Station",17.50941,78.44817,17.38950,78.49726,19.1,66,1,"29B/250C → 1/25S","29B/250C: Gajularamaram X Road → Bluesea Cafe (18 stops) | 1/25S: Bluesea Cafe → Kacheguda X Road (10 stops)"
"Gajularamaram X Road","Ghatkesar Bus Station",17.50941,78.44817,17.45213,78.68231,34.2,114,1,"29B/250C → 500","29B/250C: Gajularamaram X Road → Tarnaka (21 stops) | 500: Tarnaka → Ghatkesar Bus Station (3 stops)"
"Gajularamaram X Road","Chengicherla",17.50941,78.44817,17.43313,78.60845,27.7,93,1,"29B/250C → 250S","29B/250C: Gajularamaram X Road → Mallapur Bus Stop (28 stops) | 250S: Mallapur Bus Stop → Chengicherla (5 stops)"
"Gajularamaram X Road","Quthbullapur X Rd",17.50941,78.44817,17.49890,78.45176,1.2,5,0,"9X","9X: Gajularamaram X Road → Quthbullapur X Rd (2 stops)"
"Gajularamaram X Road","Shapur Nagar",17.50941,78.44817,17.51600,78.44690,0.7,3,0,"",""
"Gajularamaram X Road","Panama Godown",17.50941,78.44817,17.33840,78.56864,27.7,93,1,"186 → 100V/208","186: Rythubazar-Jdm → Ngos Colony Bus Stop (2 stops) | 100V/208: Ngos Colony Bus Stop → Panama Godown (5 stops)"
"Gajularamaram X Road","Gachibowli X Road",17.50941,78.44817,17.43903,78.36295,17.8,62,1,"171D → 198","171D: Gajularamaram X Road → Kphb Metro Station (14 stops) | 198: Kphb Metro Station → Gachibowli X Road (14 stops)"
"Gajularamaram X Road","Abids Grammar School",17.50941,78.44817,17.39333,78.47625,17.7,60,1,"29B/250C → 9K","29B/250C: Gajularamaram X Road → Idpl Water Tank (6 stops) | 9K: Idpl Water Tank → Abids Grammar School (20 stops)"
"Gajularamaram X Road","Dilsukhnagar",17.50941,78.44817,17.36862,78.52366,23.3,78,2,"29B/250C → 1/25S → 1M/D","29B/250C: Gajularamaram X Road → Bluesea Cafe (18 stops) | 1/25S: Bluesea Cafe → Narayanguda (9 stops) | 1M/D: Narayanguda → Dilsukhnagar (8 stops)"
"Gajularamaram X Road","Sathamrai",17.50941,78.44817,17.27452,78.40118,34.2,115,3,"29B/250C → 9K → AA → 188","29B/250C: Gajularamaram X Road → Idpl Water Tank (6 stops) | 9K: Idpl Water Tank → Afzalgunj (24 stops) | AA: Afzalgunj → Aramghar (3 stops) | 188: Aramghar → Sathamrai (4 stops)"
"Gajularamaram X Road","Gajularam X Road",17.50941,78.44817,17.51010,78.44771,0.1,2,0,"",""
"Gajularamaram X Road","Rc Puram",17.50941,78.44817,17.51362,78.28780,20.6,71,3,"171D → 9EM → 224L → 300A/217","171D: Gajularamaram X Road → Kphb Metro Station (14 stops) | 9EM: Kphb Metro Station → Miyapur X Road (3 stops) | 224L: Miyapur X Road → Lingampally Bs (5 stops) | 300A/217: Lingampally Bs → Rc Puram (3 stops)"
"Gajularamaram X Road","Kphb",17.50941,78.44817,17.49456,78.40081,7.9,30,0,"171D","171D: Gajularamaram X Road → Kphb Metro Station (14 stops)"
"Gajularamaram X Road","Pisal Banda",17.50941,78.44817,17.33995,78.50379,31.7,106,3,"29B/250C → 113T/L → 412 → 300/253","29B/250C: Gajularamaram X Road → Tarnaka (21 stops) | 113T/L: Tarnaka → Survey Of India (3 stops) | 412: Survey Of India → Lb Nagar (6 stops) | 300/253: Lb Nagar → Pisal Banda (5 stops)"
"Gajularamaram X Road","Police Lines",17.50941,78.44817,17.44365,78.47499,12.6,42,1,"29B/250C → 10JB","29B/250C: Gajularamaram X Road → Plaza (15 stops) | 10JB: Plaza → Police Lines (2 stops)"
"Gajularamaram X Road","Uppal X Road",17.50941,78.44817,17.40126,78.56007,20.2,68,1,"29B/250C → 500","29B/250C: Gajularamaram X Road → Tarnaka (21 stops) | 500: Tarnaka → Uppal X Road (2 stops)"
"Gajularamaram X Road","Boats Club",17.50941,78.44817,17.42644,78.48664,12.8,43,2,"29B/250C → 498K → 8C","29B/250C: Gajularamaram X Road → Race Course (14 stops) | 498K: Race Course → Paradise (2 stops) | 8C: Paradise → Boats Club (3 stops)"
"Gajularamaram X Road","Womens College",17.50941,78.44817,17.38481,78.48762,19.1,65,2,"29B/250C → 1/25S → 3X","29B/250C: Gajularamaram X Road → Bluesea Cafe (18 stops) | 1/25S: Bluesea Cafe → Chikkadapally (8 stops) | 3X: Chikkadapally → Koti Maternity Hospital (3 stops)"
"Gajularamaram X Road","Hydernagar",17.50941,78.44817,17.49919,78.38352,9.7,35,1,"171D → 431","171D: Gajularamaram X Road → Kphb Metro Station (14 stops) | 431: Kphb Metro Station → Hydernagar (2 stops)"
"Gajularamaram X Road","Charminar",17.50941,78.44817,17.35868,78.47403,23.2,78,1,"29B/250C → 9K","29B/250C: Gajularamaram X Road → Idpl Water Tank (6 stops) | 9K: Idpl Water Tank → Charminar (29 stops)"
"Gajularamaram X Road","Hitech City",17.50941,78.44817,17.44995,78.38257,13.7,50,1,"171D → 198","171D: Gajularamaram X Road → Kphb Metro Station (14 stops) | 198: Kphb Metro Station → Cyber Towers (8 stops)"
"Gajularamaram X Road","Ameerpet",17.50941,78.44817,17.43155,78.44765,12.3,42,1,"29B/250C → 9K","29B/250C: Gajularamaram X Road → Idpl Water Tank (6 stops) | 9K: Idpl Water Tank → Ameerpet (10 stops)"
"Gajularamaram X Road","Gandipet X Road",17.50941,78.44817,17.38500,78.33100,26.6,92,3,"171D → 198 → 316 → 120","171D: Gajularamaram X Road → Kphb Metro Station (14 stops) | 198: Kphb Metro Station → Gachibowli X Road (14 stops) | 316: Gachibowli Orr → Manchirevula X Road (4 stops) | 120: Manchirevula X Road → Gandipet X Road (4 stops)"
"Gajularamaram X Road","Gachibowli",17.50941,78.44817,17.43966,78.36356,17.9,63,1,"171D → 198","171D: Gajularamaram X Road → Kphb Metro Station (14 stops) | 198: Kphb Metro Station → Gachibowli X Road (14 stops)"
"Gajularamaram X Road","Miyapur",17.50941,78.44817,17.49669,78.36077,12.1,43,1,"171D → 9EM","171D: Gajularamaram X Road → Kphb Metro Station (14 stops) | 9EM: Kphb Metro Station → Miyapur X Road (3 stops)"
"Gajularamaram X Road","Sr Nagar",17.50941,78.44817,17.44027,78.44260,11.1,38,1,"29B/250C → 9K","29B/250C: Gajularamaram X Road → Idpl Water Tank (6 stops) | 9K: Idpl Water Tank → Sr Nagar (8 stops)"
"Gajularamaram X Road","Begumpet",17.50941,78.44817,17.10805,78.55358,57.8,194,3,"29B/250C → 9K → 8A/253M → 478","29B/250C: Gajularamaram X Road → Idpl Water Tank (6 stops) | 9K: Idpl Water Tank → Aliabad (32 stops) | 8A/253M: Aliabad → Imamguda (12 stops) | 478: Imamguda → Begumpet (7 stops)"
"Gajularamaram X Road","Tolichowki",17.50941,78.44817,17.39924,78.41552,21.5,74,2,"171D → 198 → 10W","171D: Gajularamaram X Road → Kphb Metro Station (14 stops) | 198: Kphb Metro Station → Bio Diversity Complex (11 stops) | 10W: Bio Diversity Complex → Brindavan Colony (5 stops)"
"Gajularamaram X Road","Kondapur",17.50941,78.44817,17.46392,78.36725,16.5,58,2,"171D → 9EM → 222M","171D: Gajularamaram X Road → Kphb Metro Station (14 stops) | 9EM: Kphb Metro Station → Miyapur X Road (3 stops) | 222M: Miyapur X Road → Kondapur (4 stops)"
"Gajularamaram X Road","Shamshabad",17.50941,78.44817,17.26205,78.38824,36,121,2,"29B/250C → 9K → AA","29B/250C: Gajularamaram X Road → Idpl Water Tank (6 stops) | 9K: Idpl Water Tank → Afzalgunj (24 stops) | AA: Afzalgunj → Shamshabad (4 stops)"
"Jbs","Secunderabad Railway Station",17.44757,78.49664,17.43426,78.50158,1.6,6,0,"AA","AA: Jbs → Secunderabad Railway Station (2 stops)"
"Jbs","Afzalgunj",17.44757,78.49664,17.37331,78.47693,9.3,31,1,"5K/25S → 7Z/452","5K/25S: Jbs → Tankbund (5 stops) | 7Z/452: Tankbund → Afzalgunj (7 stops)"
"Jbs","Alugadda Bhavi",17.44757,78.49664,17.43531,78.51438,2.9,11,0,"290U/S","290U/S: Jbs → Alugaddabavi (5 stops)"
"Jbs","Patny",17.44757,78.49664,17.44318,78.49625,0.4,2,0,"",""
"Jbs","Cbs",17.44757,78.49664,17.37823,78.48168,8.5,29,1,"5K/25S → 7Z/452","5K/25S: Jbs → Tankbund (5 stops) | 7Z/452: Tankbund → Cbs (6 stops)"
"Jbs","Erragadda",17.44757,78.49664,17.45617,78.43378,8.4,29,1,"147 → 10KM","147: Jbs → Begumpet Hps (5 stops) | 10KM: Begumpet Hps → Erragadda (7 stops)"
"Jbs","Gajularamaram X Road",17.44757,78.49664,17.50941,78.44817,10.9,38,1,"567G → 171SM","567G: Jublee Bus Station → Chintal (6 stops) | 171SM: Chintal → Gajularamaram X Road (3 stops)"
"Jbs","Hayathnagar Bus Station",17.44757,78.49664,17.32732,78.60489,20.9,70,1,"AL → 290U/F","AL: Jbs → Nagole X Road (5 stops) | 290U/F: Nagole X Road → Hayathnagar Bus Station (10 stops)"
"Jbs","Rathifile Bus Station",17.44757,78.49664,17.43457,78.50488,1.8,7,0,"",""
"Jbs","Nampally Public Garoaden",17.44757,78.49664,17.39628,78.47082,7.7,26,1,"5K/25S → AA","5K/25S: Jbs → Secretariat (6 stops) | AA: Secretariat → Nampally Railway Station (3 stops)"
"Jbs","Lakdikapool",17.44757,78.49664,17.40361,78.46497,6.2,21,0,"5K/25S","5K/25S: Jbs → Lakdikapool (8 stops)"
"Jbs","Ecil Bus Terminal",17.44757,78.49664,17.47253,78.57006,10.3,37,0,"16ES","16ES: Jbs → Ecil Bus Terminal (14 stops)"
"Jbs","Secretariat",17.44757,78.49664,17.40812,78.47182,5.2,18,0,"8R/251M","8R/251M: Jbs → Secretariat (6 stops)"
"Jbs","Patancheruvu",17.44757,78.49664,17.52903,78.26428,27.8,94,1,"567G → 219/27G","567G: Jublee Bus Station → Balanagar (4 stops) | 219/27G: Balanagar → Patancheruvu (19 stops)"
"Jbs","Darul Shifa",17.44757,78.49664,17.37327,78.48299,9.9,34,1,"5K/25S → 7Z/452","5K/25S: Jbs → Tankbund (5 stops) | 7Z/452: Tankbund → Afzalgunj (7 stops)"
"Jbs","Plaza",17.44757,78.49664,17.44330,78.49066,0.8,3,0,"",""
"Jbs","Bluesea Cafe",17.44757,78.49664,17.43713,78.50515,1.6,6,0,"290U/S","290U/S: Jbs → Bluesea Cafe (3 stops)"
"Jbs","Tarnaka",17.44757,78.49664,17.42571,78.53223,4.5,17,0,"500","500: Jublee Bus Station → Tarnaka (2 stops)"
"Jbs","Lb Nagar X Road",17.44757,78.49664,17.34699,78.55013,14.8,50,1,"AL → 290U/F","AL: Jbs → Nagole X Road (5 stops) | 290U/F: Nagole X Road → Lb Nagar X Road (4 stops)"
"Jbs","Lingampally Bs",17.44757,78.49664,17.49485,78.31689,20.9,72,1,"567G → 219/27G","567G: Jublee Bus Station → Balanagar (4 stops) | 219/27G: Balanagar → Lingampally (13 stops)"
"Jbs","Kukatpally",17.44757,78.49664,17.48385,78.41242,10.1,35,1,"567G → 219/27G","567G: Jublee Bus Station → Balanagar (4 stops) | 219/27G: Balanagar → Kukatpally (3 stops)"
"Jbs","Jublee Bus Station",17.44757,78.49664,17.44761,78.49758,0.1,2,0,"",""
"Jbs","Ibrahimpatnam Bus Station",17.44757,78.49664,17.19144,78.64766,37.1,124,1,"AL → 279U","AL: Jbs → Nagole X Road (5 stops) | 279U: Nagole X Road → Ibrahimpatnam Bus Station (19 stops)"
"Jbs","Prashanth Nagar",17.44757,78.49664,17.47378,78.42698,6.3,22,2,"AL → 38S → 16HP","AL: Jbs → Sangeeth Cross Road (2 stops) | 38S: Sangeeth Cross Road → Malkajgiri (4 stops) | 16HP: Malkajgiri → Prashanth Nagar (2 stops)"
"Jbs","Moosapet",17.44757,78.49664,17.47081,78.42668,10.2,35,1,"147 → 10KM","147: Jbs → Begumpet Hps (5 stops) | 10KM: Begumpet Hps → Moosapet (9 stops)"
"Jbs","Cherlapally Bus Stand",17.44757,78.49664,17.46329,78.61145,15.8,55,1,"16ES → 250X","16ES: Jbs → Ecil Bus Terminal (14 stops) | 250X: Ecil Bus Terminal → Cherlapally Bus Stand (7 stops)"
"Jbs","Koti Medical College",17.44757,78.49664,17.38310,78.48282,7.9,27,1,"5K/25S → 7Z/452","5K/25S: Jbs → Tankbund (5 stops) | 7Z/452: Tankbund → Koti Medical College (5 stops)"
"Jbs","Chadarghat",17.44757,78.49664,17.37722,78.49302,9,32,1,"290U/S → 1M/D","290U/S: Jbs → Chilkalguda (4 stops) | 1M/D: Chilkalguda → Chadarghat (9 stops)"
"Jbs","Kachiguda X Road",17.44757,78.49664,17.39069,78.48938,7.2,26,1,"290U/S → 203K","290U/S: Jbs → Chilkalguda (4 stops) | 203K: Chilkalguda → Kachiguda X Road (9 stops)"
"Jbs","Gandimaisamma",17.44757,78.49664,17.57508,78.42319,18.7,64,0,"567G","567G: Jublee Bus Station → Gandimaisamma (10 stops)"
"Jbs","Mehdipatnam",17.44757,78.49664,17.39527,78.43980,9.1,31,0,"5K/25S","5K/25S: Jbs → Mehdipatnam (12 stops)"
"Jbs","Bata",17.44757,78.49664,17.43600,78.49370,1.3,5,0,"8R","8R: Jbs → Bata (2 stops)"
"Jbs","Jntu X Rd",17.44757,78.49664,17.49672,78.39445,12.6,44,1,"567G → 219/27G","567G: Jublee Bus Station → Balanagar (4 stops) | 219/27G: Balanagar → Jntu X Road (5 stops)"
"Jbs","Super Bazar",17.44757,78.49664,17.37193,78.50992,10.5,37,1,"290U/S → 1M/D","290U/S: Jbs → Chilkalguda (4 stops) | 1M/D: Chilkalguda → Super Bazar (12 stops)"
"Jbs","Race Course",17.44757,78.49664,17.45076,78.48820,1.5,6,0,"186","186: Patny → Race Course (2 stops)"
"Jbs","Punjagutta",17.44757,78.49664,17.42645,78.45141,6.1,21,0,"147","147: Jbs → Punjagutta (7 stops)"
"Jbs","Balanagar",17.44757,78.49664,17.46697,78.44626,6.1,22,0,"567G","567G: Jublee Bus Station → Balanagar (4 stops)"
"Jbs","Chintal",17.44757,78.49664,17.49540,78.45210,9.2,32,0,"567G","567G: Jublee Bus Station → Chintal (6 stops)"
"Jbs","Nanal Nagar",17.44757,78.49664,17.39620,78.42700,10.5,35,1,"5K/25S → 113M/217","5K/25S: Jbs → Mehdipatnam (12 stops) | 113M/217: Mehdipatnam → Nanal Nagar (2 stops)"
"Jbs","Abids Gpo",17.44757,78.49664,17.38757,78.47617,7.3,25,2,"5K/25S → 8 → 85M","5K/25S: Jbs → Tankbund (5 stops) | 8: Tankbund → Basheer Bagh (3 stops) | 85M: Basheer Bagh → Abids Gpo (2 stops)"
"Jbs","Kachiguda Railway Station",17.44757,78.49664,17.38950,78.49726,10.7,36,2,"5K/25S → 7Z/452 → 65K/123","5K/25S: Jbs → Tankbund (5 stops) | 7Z/452: Tankbund → Cbs (6 stops) | 65K/123: Cbs → Kachiguda Railway Station (3 stops)"
"Jbs","Ghatkesar Bus Station",17.44757,78.49664,17.45213,78.68231,22.6,77,0,"500","500: Jublee Bus Station → Ghatkesar Bus Station (4 stops)"
"Jbs","Chengicherla",17.44757,78.49664,17.43313,78.60845,14.6,50,2,"500 → 3N → 50B","500: Jublee Bus Station → Tarnaka (2 stops) | 3N: Tarnaka → Ts Food X Road (7 stops) | 50B: Ts Food X Road → Chengicherla (8 stops)"
"Jbs","Quthbullapur X Rd",17.44757,78.49664,17.49890,78.45176,9.6,34,0,"567G","567G: Jublee Bus Station → Chintal (6 stops)"
"Jbs","Shapur Nagar",17.44757,78.49664,17.51600,78.44690,11.6,40,0,"567G","567G: Jublee Bus Station → Shapur Nagar (7 stops)"
"Jbs","Panama Godown",17.44757,78.49664,17.33840,78.56864,16.8,57,1,"AL → 290U/F","AL: Jbs → Nagole X Road (5 stops) | 290U/F: Nagole X Road → Panama Godown (7 stops)"
"Jbs","Gachibowli X Road",17.44757,78.49664,17.43903,78.36295,18.6,63,1,"147 → 10H/220","147: Jbs → Madhapur Ps (13 stops) | 10H/220: Madhapur Ps → Gachibowli X Road (5 stops)"
"Jbs","Abids Grammar School",17.44757,78.49664,17.39333,78.47625,6.6,23,1,"5K/25S → 7Z/449","5K/25S: Jbs → Tankbund (5 stops) | 7Z/449: Tankbund → Abids Grammar School (4 stops)"
"Jbs","Dilsukhnagar",17.44757,78.49664,17.36862,78.52366,12.1,42,1,"290U/S → 1M/D","290U/S: Jbs → Chilkalguda (4 stops) | 1M/D: Chilkalguda → Dilsukhnagar (14 stops)"
"Jbs","Sathamrai",17.44757,78.49664,17.27452,78.40118,23.6,79,1,"5K/25S → 7Z/452","5K/25S: Jbs → Tankbund (5 stops) | 7Z/452: Tankbund → Sathamrai (20 stops)"
"Jbs","Gajularam X Road",17.44757,78.49664,17.51010,78.44771,10.9,38,1,"567G → 9M/X","567G: Jublee Bus Station → Chintal (6 stops) | 9M/X: Chintal → Gajularam X Road (3 stops)"
"Jbs","Rc Puram",17.44757,78.49664,17.51362,78.28780,24.7,84,1,"567G → 219/27G","567G: Jublee Bus Station → Balanagar (4 stops) | 219/27G: Balanagar → Rc Puram (17 stops)"
"Jbs","Kphb",17.44757,78.49664,17.49456,78.40081,11.9,41,1,"567G → 219/27G","567G: Jublee Bus Station → Balanagar (4 stops) | 219/27G: Balanagar → Kphb (4 stops)"
"Jbs","Pisal Banda",17.44757,78.49664,17.33995,78.50379,13.5,47,3,"290U/S → 1M/D → 277K → 460","290U/S: Jbs → Chilkalguda (4 stops) | 1M/D: Chilkalguda → Chadarghat (9 stops) | 277K: Chadarghat → Is Sadan (5 stops) | 460: Is Sadan → Pisal Banda (3 stops)"
"Jbs","Police Lines",17.44757,78.49664,17.44365,78.47499,2.5,9,0,"147","147: Jbs → Police Lines (4 stops)"
"Jbs","Uppal X Road",17.44757,78.49664,17.40126,78.56007,8.7,30,0,"500","500: Jublee Bus Station → Uppal X Road (3 stops)"
"Jbs","Boats Club",17.44757,78.49664,17.42644,78.48664,2.4,8,0,"5K/25S","5K/25S: Jbs → Boats Club (4 stops)"
"Jbs","Womens College",17.44757,78.49664,17.38481,78.48762,8.3,29,1,"5K/25S → 7Z/449","5K/25S: Jbs → Tankbund (5 stops) | 7Z/449: Tankbund → Koti Bank Strret (5 stops)"
"Jbs","Hydernagar",17.44757,78.49664,17.49919,78.38352,13.8,47,1,"567G → 219/27G","567G: Jublee Bus Station → Balanagar (4 stops) | 219/27G: Balanagar → Hydernagar (6 stops)"
"Jbs","Charminar",17.44757,78.49664,17.35868,78.47403,11.8,40,2,"5K/25S → 7Z/452 → 253M","5K/25S: Jbs → Tankbund (5 stops) | 7Z/452: Tankbund → Afzalgunj (7 stops) | 253M: Afzalgunj → Charminar (3 stops)"
"Jbs","Hitech City",17.44757,78.49664,17.44995,78.38257,14.5,49,1,"147 → 10HW","147: Jbs → Madhapur Ps (13 stops) | 10HW: Madhapur Ps → Hitech City (2 stops)"
"Jbs","Ameerpet",17.44757,78.49664,17.43155,78.44765,5.9,22,1,"147 → 10KM/224G","147: Jbs → Begumpet Hps (5 stops) | 10KM/224G: Begumpet Hps → Kanaka Durga Temple (3 stops)"
"Jbs","Gandipet X Road",17.44757,78.49664,17.38500,78.33100,22.3,75,2,"5K/25S → 65M/123 → 505","5K/25S: Jbs → Mehdipatnam (12 stops) | 65M/123: Mehdipatnam → Narsingi (11 stops) | 505: Narsingi → Gandipet X Road (4 stops)"
"Jbs","Gachibowli",17.44757,78.49664,17.43966,78.36356,17.5,59,1,"147 → 10HW","147: Jbs → Madhapur Ps (13 stops) | 10HW: Madhapur Ps → Telecom Nagar (4 stops)"
"Jbs","Miyapur",17.44757,78.49664,17.49669,78.36077,16.5,57,1,"567G → 219/27G","567G: Jublee Bus Station → Balanagar (4 stops) | 219/27G: Balanagar → Miyapur (8 stops)"
"Jbs","Sr Nagar",17.44757,78.49664,17.44027,78.44260,6.8,23,1,"147 → 10KM","147: Jbs → Begumpet Hps (5 stops) | 10KM: Begumpet Hps → Sr Nagar (5 stops)"
"Jbs","Begumpet",17.44757,78.49664,17.10805,78.55358,46.7,158,1,"AL → 203A/479","AL: Jbs → Balapur X Road (8 stops) | 203A/479: Balapur X Road → Begumpet (17 stops)"
"Jbs","Tolichowki",17.44757,78.49664,17.39924,78.41552,11.7,40,1,"5K/25S → 116","5K/25S: Jbs → Mehdipatnam (12 stops) | 116: Mehdipatnam → Tolichowki (3 stops)"
"Jbs","Kondapur",17.44757,78.49664,17.46392,78.36725,17.1,57,1,"147 → 104R/127K","147: Jbs → Image Hospital (15 stops) | 104R/127K: Image Hospital → Kondapur (5 stops)"
"Jbs","Madhapur",17.44757,78.49664,17.63017,78.77482,41.5,141,2,"16ES → 16AB/5K → 546","16ES: Jbs → Ecil Bus Terminal (14 stops) | 16AB/5K: Ecil Bus Terminal → Rampally X Road (4 stops) | 546: Rampally X Road → Madhapur (12 stops)"
"Jbs","Shamshabad",17.44757,78.49664,17.26205,78.38824,25.6,86,1,"5K/25S → 7Z/452","5K/25S: Jbs → Tankbund (5 stops) | 7Z/452: Tankbund → Shamshabad (21 stops)"
"Hayathnagar Bus Station","Secunderabad Railway Station",17.32732,78.60489,17.43426,78.50158,19.8,66,0,"186","186: Hayathnagar Bus Station → Secunderabad Railway Station (12 stops)"
"Hayathnagar Bus Station","Afzalgunj",17.32732,78.60489,17.37331,78.47693,15.5,52,3,"186 → 555 → 100V/208 → 277S","186: Hayathnagar Bus Station → Lb Nagar X Road (4 stops) | 555: Lb Nagar X Road → Dilsukhnagar (3 stops) | 100V/208: Dilsukhnagar → Mgbs Exit (5 stops) | 277S: Mgbs Exit → Afzalgunj (2 stops)"
"Hayathnagar Bus Station","Alugadda Bhavi",17.32732,78.60489,17.43531,78.51438,18.4,62,0,"186","186: Hayathnagar Bus Station → Alugadda Bhavi (11 stops)"
"Hayathnagar Bus Station","Patny",17.32732,78.60489,17.44318,78.49625,21,71,0,"186","186: Hayathnagar Bus Station → Patny (13 stops)"
"Hayathnagar Bus Station","Cbs",17.32732,78.60489,17.37823,78.48168,15.9,53,2,"186 → 555 → 72D","186: Hayathnagar Bus Station → Lb Nagar X Road (4 stops) | 555: Lb Nagar X Road → Dilsukhnagar (3 stops) | 72D: Dilsukhnagar → Koti Medical College (7 stops)"
"Hayathnagar Bus Station","Erragadda",17.32732,78.60489,17.45617,78.43378,25.3,85,2,"186 → 555 → 72D","186: Hayathnagar Bus Station → Lb Nagar X Road (4 stops) | 555: Lb Nagar X Road → Dilsukhnagar (3 stops) | 72D: Dilsukhnagar → Erragadda (23 stops)"
"Hayathnagar Bus Station","Gajularamaram X Road",17.32732,78.60489,17.50941,78.44817,28.6,96,0,"186","186: Hayathnagar Bus Station → Rythubazar-Jdm (4 stops)"
"Hayathnagar Bus Station","Jbs",17.32732,78.60489,17.44757,78.49664,20.7,70,1,"186 → AL","186: Hayathnagar Bus Station → Tarnaka (10 stops) | AL: Tarnaka → Jbs (3 stops)"
"Hayathnagar Bus Station","Rathifile Bus Station",17.32732,78.60489,17.43457,78.50488,19.4,65,1,"186 → 431","186: Hayathnagar Bus Station → Alugadda Bhavi (11 stops) | 431: Alugadda Bhavi → Rathifile Bus Station (2 stops)"
"Hayathnagar Bus Station","Nampally Public Garoaden",17.32732,78.60489,17.39628,78.47082,17.5,59,2,"186 → 555 → 72D","186: Hayathnagar Bus Station → Lb Nagar X Road (4 stops) | 555: Lb Nagar X Road → Dilsukhnagar (3 stops) | 72D: Dilsukhnagar → Nampally Public Garoaden (10 stops)"
"Hayathnagar Bus Station","Lakdikapool",17.32732,78.60489,17.40361,78.46497,18.6,62,2,"186 → 555 → 72D","186: Hayathnagar Bus Station → Lb Nagar X Road (4 stops) | 555: Lb Nagar X Road → Dilsukhnagar (3 stops) | 72D: Dilsukhnagar → Lakdikapool (12 stops)"
"Hayathnagar Bus Station","Ecil Bus Terminal",17.32732,78.60489,17.47253,78.57006,24.3,82,1,"186 → 3K/90L","186: Hayathnagar Bus Station → Tarnaka (10 stops) | 3K/90L: Tarnaka → Ecil Bus Terminal (12 stops)"
"Hayathnagar Bus Station","Secretariat",17.32732,78.60489,17.40812,78.47182,18.7,63,3,"186 → 555 → 72D → 277S","186: Hayathnagar Bus Station → Lb Nagar X Road (4 stops) | 555: Lb Nagar X Road → Dilsukhnagar (3 stops) | 72D: Dilsukhnagar → Nampally Railway Station (9 stops) | 277S: Nampally Railway Station → Secretariat (2 stops)"
"Hayathnagar Bus Station","Patancheruvu",17.32732,78.60489,17.52903,78.26428,45.5,153,3,"186 → 555 → 72D → 116N/220K","186: Hayathnagar Bus Station → Lb Nagar X Road (4 stops) | 555: Lb Nagar X Road → Dilsukhnagar (3 stops) | 72D: Dilsukhnagar → Koti Medical College (7 stops) | 116N/220K: Koti Medical College → Patancheruvu (35 stops)"
"Hayathnagar Bus Station","Darul Shifa",17.32732,78.60489,17.37327,78.48299,15,50,2,"186 → 555 → 100V/208","186: Hayathnagar Bus Station → Lb Nagar X Road (4 stops) | 555: Lb Nagar X Road → Dilsukhnagar (3 stops) | 100V/208: Dilsukhnagar → Darul Shifa (6 stops)"
"Hayathnagar Bus Station","Plaza",17.32732,78.60489,17.44330,78.49066,21.3,72,1,"186 → 10JB","186: Hayathnagar Bus Station → Secunderabad Railway Station (12 stops) | 10JB: Secunderabad Railway Station → Plaza (2 stops)"
"Hayathnagar Bus Station","Bluesea Cafe",17.32732,78.60489,17.43713,78.50515,19.4,65,1,"186 → 242","186: Hayathnagar Bus Station → Alugadda Bhavi (11 stops) | 242: Alugadda Bhavi → Bluesea Cafe (2 stops)"
"Hayathnagar Bus Station","Tarnaka",17.32732,78.60489,17.42571,78.53223,16.3,55,0,"186","186: Hayathnagar Bus Station → Tarnaka (10 stops)"
"Hayathnagar Bus Station","Lb Nagar X Road",17.32732,78.60489,17.34699,78.55013,6.2,21,0,"186","186: Hayathnagar Bus Station → Lb Nagar X Road (4 stops)"
"Hayathnagar Bus Station","Lingampally Bs",17.32732,78.60489,17.49485,78.31689,41.9,140,2,"186 → 9EM → 224L","186: Hayathnagar Bus Station → Kukatpally (19 stops) | 9EM: Kukatpally → Miyapur X Road (4 stops) | 224L: Miyapur X Road → Lingampally Bs (5 stops)"
"Hayathnagar Bus Station","Kukatpally",17.32732,78.60489,17.48385,78.41242,31.2,105,0,"186","186: Hayathnagar Bus Station → Kukatpally (19 stops)"
"Hayathnagar Bus Station","Jublee Bus Station",17.32732,78.60489,17.44761,78.49758,21.3,72,1,"186 → AC","186: Hayathnagar Bus Station → Secunderabad Railway Station (12 stops) | AC: Secunderabad Railway Station → Jublee Bus Station (2 stops)"
"Hayathnagar Bus Station","Ibrahimpatnam Bus Station",17.32732,78.60489,17.19144,78.64766,23.3,78,2,"202B → 290U/202T → 277H","202B: Hayathnagar Bus Station → Thorrur Village (6 stops) | 290U/202T: Thorrur Village → Koeda Village (2 stops) | 277H: Koeda Village → Ibrahimpatnam Bus Station (11 stops)"
"Hayathnagar Bus Station","Prashanth Nagar",17.32732,78.60489,17.47378,78.42698,19.1,65,1,"186 → 3K/90L","186: Hayathnagar Bus Station → Tarnaka (10 stops) | 3K/90L: Tarnaka → Lalapet (4 stops)"
"Hayathnagar Bus Station","Moosapet",17.32732,78.60489,17.47081,78.42668,27.1,91,2,"186 → 555 → 72D","186: Hayathnagar Bus Station → Lb Nagar X Road (4 stops) | 555: Lb Nagar X Road → Dilsukhnagar (3 stops) | 72D: Dilsukhnagar → Moosapet (25 stops)"
"Hayathnagar Bus Station","Cherlapally Bus Stand",17.32732,78.60489,17.46329,78.61145,23.9,80,2,"186 → 300/242 → 16A/281","186: Hayathnagar Bus Station → Ngri (9 stops) | 300/242: Ngri → Hcl X Road (6 stops) | 16A/281: Hcl X Road → Cherlapally Bus Stand (3 stops)"
"Hayathnagar Bus Station","Koti Medical College",17.32732,78.60489,17.38310,78.48282,15.3,51,2,"186 → 555 → 72D","186: Hayathnagar Bus Station → Lb Nagar X Road (4 stops) | 555: Lb Nagar X Road → Dilsukhnagar (3 stops) | 72D: Dilsukhnagar → Koti Medical College (7 stops)"
"Hayathnagar Bus Station","Chadarghat",17.32732,78.60489,17.37722,78.49302,13.7,46,2,"186 → 555 → 72D","186: Hayathnagar Bus Station → Lb Nagar X Road (4 stops) | 555: Lb Nagar X Road → Dilsukhnagar (3 stops) | 72D: Dilsukhnagar → Chadarghat (5 stops)"
"Hayathnagar Bus Station","Kachiguda X Road",17.32732,78.60489,17.39069,78.48938,18.6,63,3,"186 → 555 → 107 → 218 I","186: Hayathnagar Bus Station → Lb Nagar X Road (4 stops) | 555: Lb Nagar X Road → Dilsukhnagar (3 stops) | 107: Dilsukhnagar → Nimboliadda (9 stops) | 218 I: Nimboliadda → Kachiguda X Road (3 stops)"
"Hayathnagar Bus Station","Gandimaisamma",17.32732,78.60489,17.57508,78.42319,7.5,26,0,"524","524: Hayathnagar Bus Station → Gandimaisamma (5 stops)"
"Hayathnagar Bus Station","Mehdipatnam",17.32732,78.60489,17.39527,78.43980,20.3,68,3,"186 → 555 → 72D → 116N","186: Hayathnagar Bus Station → Lb Nagar X Road (4 stops) | 555: Lb Nagar X Road → Dilsukhnagar (3 stops) | 72D: Dilsukhnagar → Koti Medical College (7 stops) | 116N: Koti Medical College → Mehdipatnam (8 stops)"
"Hayathnagar Bus Station","Bata",17.32732,78.60489,17.43600,78.49370,20.6,69,0,"186","186: Hayathnagar Bus Station → Secunderabad Railway Station (12 stops)"
"Hayathnagar Bus Station","Jntu X Rd",17.32732,78.60489,17.49672,78.39445,34.4,115,1,"186 → 10JP","186: Hayathnagar Bus Station → Kphb Temple Bus Stop (20 stops) | 10JP: Kphb Temple Bus Stop → Jntu X Rd (3 stops)"
"Hayathnagar Bus Station","Super Bazar",17.32732,78.60489,17.37193,78.50992,11.8,40,2,"186 → 555 → 72","186: Hayathnagar Bus Station → Lb Nagar X Road (4 stops) | 555: Lb Nagar X Road → Dilsukhnagar (3 stops) | 72: Dilsukhnagar → Super Bazar (3 stops)"
"Hayathnagar Bus Station","Race Course",17.32732,78.60489,17.45076,78.48820,22.1,74,0,"186","186: Hayathnagar Bus Station → Race Course (14 stops)"
"Hayathnagar Bus Station","Punjagutta",17.32732,78.60489,17.42645,78.45141,21.5,72,2,"186 → 555 → 72D","186: Hayathnagar Bus Station → Lb Nagar X Road (4 stops) | 555: Lb Nagar X Road → Dilsukhnagar (3 stops) | 72D: Dilsukhnagar → Punjagutta (17 stops)"
"Hayathnagar Bus Station","Balanagar",17.32732,78.60489,17.46697,78.44626,27.3,91,0,"186","186: Hayathnagar Bus Station → Balanagar (17 stops)"
"Hayathnagar Bus Station","Chintal",17.32732,78.60489,17.49540,78.45210,30.4,102,1,"186 → 272GB","186: Hayathnagar Bus Station → Rythubazar-Jdm (4 stops) | 272GB: Rythubazar-Jdm → Chintal (5 stops)"
"Hayathnagar Bus Station","Nanal Nagar",17.32732,78.60489,17.39620,78.42700,21.7,73,3,"186 → 555 → 72D → 216","186: Hayathnagar Bus Station → Lb Nagar X Road (4 stops) | 555: Lb Nagar X Road → Dilsukhnagar (3 stops) | 72D: Dilsukhnagar → Koti Medical College (7 stops) | 216: Koti Medical College → Nanal Nagar (9 stops)"
"Hayathnagar Bus Station","Abids Gpo",17.32732,78.60489,17.38757,78.47617,16.2,54,2,"186 → 555 → 72D","186: Hayathnagar Bus Station → Lb Nagar X Road (4 stops) | 555: Lb Nagar X Road → Dilsukhnagar (3 stops) | 72D: Dilsukhnagar → Abids Gpo (8 stops)"
"Hayathnagar Bus Station","Kachiguda Railway Station",17.32732,78.60489,17.38950,78.49726,15.2,51,3,"186 → 555 → 72D → 65K/123","186: Hayathnagar Bus Station → Lb Nagar X Road (4 stops) | 555: Lb Nagar X Road → Dilsukhnagar (3 stops) | 72D: Dilsukhnagar → Chadarghat (5 stops) | 65K/123: Chadarghat → Kachiguda Railway Station (2 stops)"
"Hayathnagar Bus Station","Ghatkesar Bus Station",17.32732,78.60489,17.45213,78.68231,26.4,89,2,"186 → 115RR → 500","186: Hayathnagar Bus Station → Nagole Metro Station (7 stops) | 115RR: Nagole Metro Station → Uppal X Road (2 stops) | 500: Uppal X Road → Ghatkesar Bus Station (2 stops)"
"Hayathnagar Bus Station","Chengicherla",17.32732,78.60489,17.43313,78.60845,20.4,69,2,"186 → 115RR → 18C/R","186: Hayathnagar Bus Station → Nagole Metro Station (7 stops) | 115RR: Nagole Metro Station → Boduppal Kamman (5 stops) | 18C/R: Boduppal Kamman → Chengicherla (9 stops)"
"Hayathnagar Bus Station","Quthbullapur X Rd",17.32732,78.60489,17.49890,78.45176,30,101,1,"186 → 272GB","186: Hayathnagar Bus Station → Rythubazar-Jdm (4 stops) | 272GB: Rythubazar-Jdm → Quthbullapur X Rd (4 stops)"
"Hayathnagar Bus Station","Shapur Nagar",17.32732,78.60489,17.51600,78.44690,28,94,0,"186","186: Hayathnagar Bus Station → Rythubazar-Jdm (4 stops)"
"Hayathnagar Bus Station","Panama Godown",17.32732,78.60489,17.33840,78.56864,4,14,0,"186","186: Hayathnagar Bus Station → Panama Godown (3 stops)"
"Hayathnagar Bus Station","Gachibowli X Road",17.32732,78.60489,17.43903,78.36295,30.1,101,3,"186 → 555 → 72D → 116N/220K","186: Hayathnagar Bus Station → Lb Nagar X Road (4 stops) | 555: Lb Nagar X Road → Dilsukhnagar (3 stops) | 72D: Dilsukhnagar → Koti Medical College (7 stops) | 116N/220K: Koti Medical College → Gachibowli X Road (17 stops)"
"Hayathnagar Bus Station","Abids Grammar School",17.32732,78.60489,17.39333,78.47625,18.3,61,3,"186 → 555 → 72D → 1M/D","186: Hayathnagar Bus Station → Lb Nagar X Road (4 stops) | 555: Lb Nagar X Road → Dilsukhnagar (3 stops) | 72D: Dilsukhnagar → Nampally Railway Station (9 stops) | 1M/D: Nampally Railway Station → Abids Grammar School (3 stops)"
"Hayathnagar Bus Station","Dilsukhnagar",17.32732,78.60489,17.36862,78.52366,10.4,35,1,"186 → 555","186: Hayathnagar Bus Station → Lb Nagar X Road (4 stops) | 555: Lb Nagar X Road → Dilsukhnagar (3 stops)"
"Hayathnagar Bus Station","Sathamrai",17.32732,78.60489,17.27452,78.40118,26.1,88,1,"216/118 → 49M/251","216/118: Hayathnagar Bus Station → Aramghar X Roads (4 stops) | 49M/251: Aramghar → Sathamrai (4 stops)"
"Hayathnagar Bus Station","Gajularam X Road",17.32732,78.60489,17.51010,78.44771,28.7,96,0,"186","186: Hayathnagar Bus Station → Rythubazar-Jdm (4 stops)"
"Hayathnagar Bus Station","Rc Puram",17.32732,78.60489,17.51362,78.28780,42.5,143,3,"186 → 555 → 72D → 116N/220K","186: Hayathnagar Bus Station → Lb Nagar X Road (4 stops) | 555: Lb Nagar X Road → Dilsukhnagar (3 stops) | 72D: Dilsukhnagar → Koti Medical College (7 stops) | 116N/220K: Koti Medical College → Rc Puram (32 stops)"
"Hayathnagar Bus Station","Kphb",17.32732,78.60489,17.49456,78.40081,34,114,0,"186","186: Hayathnagar Bus Station → Kphb (21 stops)"
"Hayathnagar Bus Station","Pisal Banda",17.32732,78.60489,17.33995,78.50379,11.7,40,1,"186 → 300/253","186: Hayathnagar Bus Station → Lb Nagar X Road (4 stops) | 300/253: Lb Nagar → Pisal Banda (5 stops)"
"Hayathnagar Bus Station","Police Lines",17.32732,78.60489,17.44365,78.47499,23,77,1,"186 → 47YN","186: Hayathnagar Bus Station → Secunderabad Railway Station (12 stops) | 47YN: Secunderabad Railway Station → Police Lines (3 stops)"
"Hayathnagar Bus Station","Uppal X Road",17.32732,78.60489,17.40126,78.56007,12.4,42,1,"186 → 203","186: Hayathnagar Bus Station → Nagole Metro Station (7 stops) | 203: Nagole Metro Station → Uppal X Road (2 stops)"
"Hayathnagar Bus Station","Boats Club",17.32732,78.60489,17.42644,78.48664,21.6,73,1,"186 → 251M/A","186: Hayathnagar Bus Station → Secunderabad Railway Station (12 stops) | 251M/A: Secunderabad Railway Station → Boats Club (3 stops)"
"Hayathnagar Bus Station","Womens College",17.32732,78.60489,17.38481,78.48762,14.8,50,2,"186 → 555 → 72D","186: Hayathnagar Bus Station → Lb Nagar X Road (4 stops) | 555: Lb Nagar X Road → Dilsukhnagar (3 stops) | 72D: Dilsukhnagar → Womens College (6 stops)"
"Hayathnagar Bus Station","Hydernagar",17.32732,78.60489,17.49919,78.38352,34.8,117,1,"186 → 431","186: Hayathnagar Bus Station → Kukatpally (19 stops) | 431: Kukatpally → Hydernagar (3 stops)"
"Hayathnagar Bus Station","Charminar",17.32732,78.60489,17.35868,78.47403,16.8,57,3,"186 → 555 → 100V/208 → 253M","186: Hayathnagar Bus Station → Lb Nagar X Road (4 stops) | 555: Lb Nagar X Road → Dilsukhnagar (3 stops) | 100V/208: Dilsukhnagar → Darul Shifa (6 stops) | 253M: Darul Shifa → Charminar (2 stops)"
"Hayathnagar Bus Station","Hitech City",17.32732,78.60489,17.44995,78.38257,30.4,102,3,"186 → 555 → 72D → 222A","186: Hayathnagar Bus Station → Lb Nagar X Road (4 stops) | 555: Lb Nagar X Road → Dilsukhnagar (3 stops) | 72D: Dilsukhnagar → Lakdikapool (12 stops) | 222A: Lakdikapool → Hitech City (16 stops)"
"Hayathnagar Bus Station","Ameerpet",17.32732,78.60489,17.43155,78.44765,22.2,75,2,"186 → 555 → 72D","186: Hayathnagar Bus Station → Lb Nagar X Road (4 stops) | 555: Lb Nagar X Road → Dilsukhnagar (3 stops) | 72D: Dilsukhnagar → Ameerpet (19 stops)"
"Hayathnagar Bus Station","Gandipet X Road",17.32732,78.60489,17.38500,78.33100,36.9,123,2,"216/118 → 300A/217 → 94/220K","216/118: Hayathnagar Bus Station → Aramghar X Roads (4 stops) | 300A/217: Aramghar X Roads → Hyderguda (4 stops) | 94/220K: Hyderguda → Gandipet X Road (15 stops)"
"Hayathnagar Bus Station","Gachibowli",17.32732,78.60489,17.43966,78.36356,34.8,118,0,"216/118","216/118: Hayathnagar Bus Station → Gachibowli Orr (5 stops)"
"Hayathnagar Bus Station","Miyapur",17.32732,78.60489,17.49669,78.36077,37.3,125,1,"186 → 9EM","186: Hayathnagar Bus Station → Kukatpally (19 stops) | 9EM: Kukatpally → Miyapur X Road (4 stops)"
"Hayathnagar Bus Station","Sr Nagar",17.32732,78.60489,17.44027,78.44260,23.7,80,2,"186 → 555 → 72D","186: Hayathnagar Bus Station → Lb Nagar X Road (4 stops) | 555: Lb Nagar X Road → Dilsukhnagar (3 stops) | 72D: Dilsukhnagar → Sr Nagar (21 stops)"
"Hayathnagar Bus Station","Begumpet",17.32732,78.60489,17.10805,78.55358,43,147,3,"186 → AL → 253G → 478","186: Hayathnagar Bus Station → Lb Nagar X Road (4 stops) | AL: Lb Nagar Pushpak → Pahadi Sharif (4 stops) | 253G: Pahadi Sharif → Gudoor Gate (9 stops) | 478: Gudur Gate → Begumpet (3 stops)"
"Hayathnagar Bus Station","Tolichowki",17.32732,78.60489,17.39924,78.41552,22.9,77,3,"186 → 555 → 72D → 216","186: Hayathnagar Bus Station → Lb Nagar X Road (4 stops) | 555: Lb Nagar X Road → Dilsukhnagar (3 stops) | 72D: Dilsukhnagar → Koti Medical College (7 stops) | 216: Koti Medical College → Tolichowki (10 stops)"
"Hayathnagar Bus Station","Kondapur",17.32732,78.60489,17.46392,78.36725,27.9,93,3,"186 → 115RR → 500 → 280B","186: Hayathnagar Bus Station → Nagole Metro Station (7 stops) | 115RR: Nagole Metro Station → Uppal X Road (2 stops) | 500: Uppal X Road → Ghatkesar Bus Station (2 stops) | 280B: Ghatkesar Bus Station → Kondapur (3 stops)"
"Hayathnagar Bus Station","Madhapur",17.32732,78.60489,17.63017,78.77482,53.8,180,2,"186 → 300/242 → 546","186: Hayathnagar Bus Station → Ngri (9 stops) | 300/242: Ngri → Bandlaguda (11 stops) | 546: Bandlaguda → Madhapur (11 stops)"
"Hayathnagar Bus Station","Shamshabad",17.32732,78.60489,17.26205,78.38824,28.1,95,1,"216/118 → 49M/251","216/118: Hayathnagar Bus Station → Aramghar X Roads (4 stops) | 49M/251: Aramghar → Shamshabad (5 stops)"
"Rathifile Bus Station","Secunderabad Railway Station",17.43457,78.50488,17.43426,78.50158,0.4,2,0,"",""
"Rathifile Bus Station","Afzalgunj",17.43457,78.50488,17.37331,78.47693,8.1,27,0,"102/277","102/277: Rathifile Bus Station → Afzalgunj (12 stops)"
"Rathifile Bus Station","Alugadda Bhavi",17.43457,78.50488,17.43531,78.51438,1.3,7,0,"",""
"Rathifile Bus Station","Patny",17.43457,78.50488,17.44318,78.49625,1.5,5,0,"431","431: Rathifile Bus Station → Patny (3 stops)"
"Rathifile Bus Station","Cbs",17.43457,78.50488,17.37823,78.48168,7.1,24,0,"102/277","102/277: Rathifile Bus Station → Koti Medical College (10 stops)"
"Rathifile Bus Station","Erragadda",17.43457,78.50488,17.45617,78.43378,10.2,34,0,"18/10K/J","18/10K/J: Rathifile Bus Station → Erragadda (19 stops)"
"Rathifile Bus Station","Gajularamaram X Road",17.43457,78.50488,17.50941,78.44817,12.9,43,2,"431 → 567G → 171SM","431: Rathifile Bus Station → Bowenpally X Road (7 stops) | 567G: Bowenpally X Road → Chintal (4 stops) | 171SM: Chintal → Gajularamaram X Road (3 stops)"
"Rathifile Bus Station","Jbs",17.43457,78.50488,17.44757,78.49664,2.2,8,0,"24E","24E: Rathifile Bus Station → Jbs (5 stops)"
"Rathifile Bus Station","Hayathnagar Bus Station",17.43457,78.50488,17.32732,78.60489,19.7,66,1,"280 → 290U/F","280: Rathifile Bus Station → Survey Of India (8 stops) | 290U/F: Survey Of India → Hayathnagar Bus Station (13 stops)"
"Rathifile Bus Station","Nampally Public Garoaden",17.43457,78.50488,17.39628,78.47082,7.6,27,0,"20P","20P: Rathifile Bus Station → Public Garden (16 stops)"
"Rathifile Bus Station","Lakdikapool",17.43457,78.50488,17.40361,78.46497,6.7,24,0,"20P","20P: Rathifile Bus Station → Rbi Birlamandir (14 stops)"
"Rathifile Bus Station","Ecil Bus Terminal",17.43457,78.50488,17.47253,78.57006,10.5,36,1,"280 → 17D","280: Rathifile Bus Station → Alugaddabavi (3 stops) | 17D: Alugaddabavi → Ecil Bus Terminal (7 stops)"
"Rathifile Bus Station","Secretariat",17.43457,78.50488,17.40812,78.47182,5.7,21,0,"20P","20P: Rathifile Bus Station → Secretariat (13 stops)"
"Rathifile Bus Station","Patancheruvu",17.43457,78.50488,17.52903,78.26428,29.7,100,1,"431 → 219/272G","431: Rathifile Bus Station → Hydernagar (12 stops) | 219/272G: Hydernagar → Patancheruvu (14 stops)"
"Rathifile Bus Station","Darul Shifa",17.43457,78.50488,17.37327,78.48299,8.7,29,0,"102/277","102/277: Rathifile Bus Station → Afzalgunj (12 stops)"
"Rathifile Bus Station","Plaza",17.43457,78.50488,17.44330,78.49066,2.1,8,0,"223S","223S: Rathifile Bus Station → Plaza (4 stops)"
"Rathifile Bus Station","Bluesea Cafe",17.43457,78.50488,17.43713,78.50515,0.3,1,0,"",""
"Rathifile Bus Station","Tarnaka",17.43457,78.50488,17.42571,78.53223,3.4,12,0,"280","280: Rathifile Bus Station → Tarnaka (5 stops)"
"Rathifile Bus Station","Lb Nagar X Road",17.43457,78.50488,17.34699,78.55013,13.6,46,1,"280 → 290U/F","280: Rathifile Bus Station → Survey Of India (8 stops) | 290U/F: Survey Of India → Lb Nagar X Road (7 stops)"
"Rathifile Bus Station","Lingampally Bs",17.43457,78.50488,17.49485,78.31689,22.9,77,1,"431 → 219/272G","431: Rathifile Bus Station → Hydernagar (12 stops) | 219/272G: Hydernagar → Lingampally Bs (8 stops)"
"Rathifile Bus Station","Kukatpally",17.43457,78.50488,17.48385,78.41242,12.2,41,0,"431","431: Rathifile Bus Station → Kukatpally (10 stops)"
"Rathifile Bus Station","Jublee Bus Station",17.43457,78.50488,17.44761,78.49758,1.9,7,0,"2J","2J: Rathifile Bus Station → Jublee Bus Station (3 stops)"
"Rathifile Bus Station","Ibrahimpatnam Bus Station",17.43457,78.50488,17.19144,78.64766,35.9,120,1,"280 → 279U","280: Rathifile Bus Station → Survey Of India (8 stops) | 279U: Survey Of India → Ibrahimpatnam Bus Station (22 stops)"
"Rathifile Bus Station","Prashanth Nagar",17.43457,78.50488,17.47378,78.42698,5.8,20,1,"38S → 16HP","38S: Rathifile Bus Station → Malkajgiri (5 stops) | 16HP: Malkajgiri → Prashanth Nagar (2 stops)"
"Rathifile Bus Station","Moosapet",17.43457,78.50488,17.47081,78.42668,11.9,40,0,"18/10K/J","18/10K/J: Rathifile Bus Station → Moosapet (21 stops)"
"Rathifile Bus Station","Cherlapally Bus Stand",17.43457,78.50488,17.46329,78.61145,13.4,48,0,"250C/R","250C/R: Secunderabad → Cherlapally Bus Stand (9 stops)"
"Rathifile Bus Station","Koti Medical College",17.43457,78.50488,17.38310,78.48282,6.6,22,0,"102/277","102/277: Rathifile Bus Station → Koti Medical College (10 stops)"
"Rathifile Bus Station","Chadarghat",17.43457,78.50488,17.37722,78.49302,7.1,24,1,"102/277 → 96","102/277: Rathifile Bus Station → Koti Womens College (9 stops) | 96: Koti Womens College → Chadarghat (2 stops)"
"Rathifile Bus Station","Kachiguda X Road",17.43457,78.50488,17.39069,78.48938,5.2,18,1,"102/277 → 3X","102/277: Rathifile Bus Station → Chikkadapally (6 stops) | 3X: Chikkadapally → Kachiguda X Road (2 stops)"
"Rathifile Bus Station","Gandimaisamma",17.43457,78.50488,17.57508,78.42319,20.7,69,1,"431 → 567G","431: Rathifile Bus Station → Bowenpally X Road (7 stops) | 567G: Bowenpally X Road → Gandimaisamma (8 stops)"
"Rathifile Bus Station","Mehdipatnam",17.43457,78.50488,17.39527,78.43980,11.8,40,0,"49M/250","49M/250: Rathifile Bus Station → Mehdipatnam (21 stops)"
"Rathifile Bus Station","Bata",17.43457,78.50488,17.43600,78.49370,1.2,4,0,"",""
"Rathifile Bus Station","Jntu X Rd",17.43457,78.50488,17.49672,78.39445,14.6,50,0,"431","431: Rathifile Bus Station → Kphb Metro Station (11 stops)"
"Rathifile Bus Station","Super Bazar",17.43457,78.50488,17.37193,78.50992,8.6,29,1,"102/277 → 443","102/277: Rathifile Bus Station → Koti Womens College (9 stops) | 443: Koti Womens College → Super Bazar (3 stops)"
"Rathifile Bus Station","Race Course",17.43457,78.50488,17.45076,78.48820,3.2,11,0,"431","431: Rathifile Bus Station → Race Course (5 stops)"
"Rathifile Bus Station","Punjagutta",17.43457,78.50488,17.42645,78.45141,7.5,25,0,"223S","223S: Rathifile Bus Station → Punjagutta (13 stops)"
"Rathifile Bus Station","Balanagar",17.43457,78.50488,17.46697,78.44626,8.2,28,0,"431","431: Rathifile Bus Station → Balanagar (8 stops)"
"Rathifile Bus Station","Chintal",17.43457,78.50488,17.49540,78.45210,11.2,38,1,"431 → 567G","431: Rathifile Bus Station → Bowenpally X Road (7 stops) | 567G: Bowenpally X Road → Chintal (4 stops)"
"Rathifile Bus Station","Nanal Nagar",17.43457,78.50488,17.39620,78.42700,13.2,45,1,"223S → 113M/217","223S: Rathifile Bus Station → Mehdipatnam (21 stops) | 113M/217: Mehdipatnam → Nanal Nagar (2 stops)"
"Rathifile Bus Station","Abids Gpo",17.43457,78.50488,17.38757,78.47617,7.1,24,0,"251M/A","251M/A: Secunderabad Railway Station → Abids Gpo (6 stops)"
"Rathifile Bus Station","Kachiguda Railway Station",17.43457,78.50488,17.38950,78.49726,6.1,21,1,"102/277 → 2K","102/277: Rathifile Bus Station → Rtc X Roads (5 stops) | 2K: Rtc X Roads → Tourist Hotel (6 stops)"
"Rathifile Bus Station","Ghatkesar Bus Station",17.43457,78.50488,17.45213,78.68231,21.5,72,1,"280 → 500","280: Rathifile Bus Station → Uppal X Road (9 stops) | 500: Uppal X Road → Ghatkesar Bus Station (2 stops)"
"Rathifile Bus Station","Chengicherla",17.43457,78.50488,17.43313,78.60845,13.4,45,0,"50B","50B: Rathifile Bus Station → Chengicherla (19 stops)"
"Rathifile Bus Station","Quthbullapur X Rd",17.43457,78.50488,17.49890,78.45176,11.6,39,1,"431 → 567G","431: Rathifile Bus Station → Bowenpally X Road (7 stops) | 567G: Bowenpally X Road → Chintal (4 stops)"
"Rathifile Bus Station","Shapur Nagar",17.43457,78.50488,17.51600,78.44690,13.6,46,1,"431 → 567G","431: Rathifile Bus Station → Bowenpally X Road (7 stops) | 567G: Bowenpally X Road → Shapur Nagar (5 stops)"
"Rathifile Bus Station","Panama Godown",17.43457,78.50488,17.33840,78.56864,15.7,53,1,"280 → 290U/F","280: Rathifile Bus Station → Survey Of India (8 stops) | 290U/F: Survey Of India → Panama Godown (10 stops)"
"Rathifile Bus Station","Gachibowli X Road",17.43457,78.50488,17.43903,78.36295,20,67,2,"223S → 147 → 10H/220","223S: Rathifile Bus Station → Punjagutta (13 stops) | 147: Punjagutta → Madhapur Ps (7 stops) | 10H/220: Madhapur Ps → Gachibowli X Road (5 stops)"
"Rathifile Bus Station","Abids Grammar School",17.43457,78.50488,17.39333,78.47625,8.1,29,1,"20P → 222","20P: Rathifile Bus Station → Assembly (15 stops) | 222: Assembly → Abids Grammar School (2 stops)"
"Rathifile Bus Station","Dilsukhnagar",17.43457,78.50488,17.36862,78.52366,11.5,39,0,"107JS","107JS: Rathifile Bus Station → Dilsukhnagar (17 stops)"
"Rathifile Bus Station","Sathamrai",17.43457,78.50488,17.27452,78.40118,21.9,74,2,"102/277 → AA → 188","102/277: Rathifile Bus Station → Afzalgunj (12 stops) | AA: Afzalgunj → Aramghar (3 stops) | 188: Aramghar → Sathamrai (4 stops)"
"Rathifile Bus Station","Gajularam X Road",17.43457,78.50488,17.51010,78.44771,12.9,44,2,"431 → 567G → 9M/X","431: Rathifile Bus Station → Bowenpally X Road (7 stops) | 567G: Bowenpally X Road → Chintal (4 stops) | 9M/X: Chintal → Gajularam X Road (3 stops)"
"Rathifile Bus Station","Rc Puram",17.43457,78.50488,17.51362,78.28780,26.7,89,1,"431 → 219/272G","431: Rathifile Bus Station → Hydernagar (12 stops) | 219/272G: Hydernagar → Rc Puram (12 stops)"
"Rathifile Bus Station","Kphb",17.43457,78.50488,17.49456,78.40081,13.9,48,0,"431","431: Rathifile Bus Station → Kphb Metro Station (11 stops)"
"Rathifile Bus Station","Pisal Banda",17.43457,78.50488,17.33995,78.50379,11.6,39,2,"102/277 → 277K → 460","102/277: Rathifile Bus Station → Koti Womens College (9 stops) | 277K: Koti Womens College → Is Sadan (6 stops) | 460: Is Sadan → Pisal Banda (3 stops)"
"Rathifile Bus Station","Police Lines",17.43457,78.50488,17.44365,78.47499,3.8,13,0,"223S","223S: Rathifile Bus Station → Police Lines (7 stops)"
"Rathifile Bus Station","Uppal X Road",17.43457,78.50488,17.40126,78.56007,7.5,26,0,"280","280: Rathifile Bus Station → Uppal X Road (9 stops)"
"Rathifile Bus Station","Boats Club",17.43457,78.50488,17.42644,78.48664,2.2,8,0,"251M/A","251M/A: Secunderabad Railway Station → Boats Club (3 stops)"
"Rathifile Bus Station","Womens College",17.43457,78.50488,17.38481,78.48762,5.9,21,1,"102/277 → 3X","102/277: Rathifile Bus Station → Chikkadapally (6 stops) | 3X: Chikkadapally → Koti Maternity Hospital (3 stops)"
"Rathifile Bus Station","Hydernagar",17.43457,78.50488,17.49919,78.38352,15.7,53,0,"431","431: Rathifile Bus Station → Hydernagar (12 stops)"
"Rathifile Bus Station","Charminar",17.43457,78.50488,17.35868,78.47403,10.6,36,1,"102/277 → 253M","102/277: Rathifile Bus Station → Afzalgunj (12 stops) | 253M: Afzalgunj → Charminar (3 stops)"
"Rathifile Bus Station","Hitech City",17.43457,78.50488,17.44995,78.38257,15.9,53,2,"223S → 147 → 10HW","223S: Rathifile Bus Station → Punjagutta (13 stops) | 147: Punjagutta → Madhapur Ps (7 stops) | 10HW: Madhapur Ps → Hitech City (2 stops)"
"Rathifile Bus Station","Ameerpet",17.43457,78.50488,17.43155,78.44765,7.4,27,0,"18/10K/J","18/10K/J: Rathifile Bus Station → Kanaka Durga Temple (14 stops)"
"Rathifile Bus Station","Gandipet X Road",17.43457,78.50488,17.38500,78.33100,25.1,85,2,"223S → 65M/123 → 505","223S: Rathifile Bus Station → Mehdipatnam (21 stops) | 65M/123: Mehdipatnam → Narsingi (11 stops) | 505: Narsingi → Gandipet X Road (4 stops)"
"Rathifile Bus Station","Gachibowli",17.43457,78.50488,17.43966,78.36356,19.1,64,2,"18/10K/J → 10F/V → 10HW","18/10K/J: Rathifile Bus Station → Erragadda (19 stops) | 10F/V: Erragadda → Tcs Deccan Park (9 stops) | 10HW: Tcs Deccan Park → Telecom Nagar (2 stops)"
"Rathifile Bus Station","Miyapur",17.43457,78.50488,17.49669,78.36077,18.5,62,1,"431 → 10MN","431: Rathifile Bus Station → Hydernagar (12 stops) | 10MN: Hydernagar → Miyapur (2 stops)"
"Rathifile Bus Station","Sr Nagar",17.43457,78.50488,17.44027,78.44260,8.5,29,0,"18/10K/J","18/10K/J: Rathifile Bus Station → Sr Nagar (17 stops)"
"Rathifile Bus Station","Begumpet",17.43457,78.50488,17.10805,78.55358,45.1,151,2,"102/277 → 8A/253M → 478","102/277: Rathifile Bus Station → Afzalgunj (12 stops) | 8A/253M: Afzalgunj → Imamguda (16 stops) | 478: Imamguda → Begumpet (7 stops)"
"Rathifile Bus Station","Tolichowki",17.43457,78.50488,17.39924,78.41552,14.5,49,1,"223S → 116","223S: Rathifile Bus Station → Mehdipatnam (21 stops) | 116: Mehdipatnam → Tolichowki (3 stops)"
"Rathifile Bus Station","Kondapur",17.43457,78.50488,17.46392,78.36725,18.5,62,2,"223S → 147 → 104R/127K","223S: Rathifile Bus Station → Punjagutta (13 stops) | 147: Punjagutta → Image Hospital (9 stops) | 104R/127K: Image Hospital → Kondapur (5 stops)"
"Rathifile Bus Station","Madhapur",17.43457,78.50488,17.63017,78.77482,41.7,140,2,"280 → 17D → 546","280: Rathifile Bus Station → Alugaddabavi (3 stops) | 17D: Alugaddabavi → Nagaram (8 stops) | 546: Nagaram → Madhapur (13 stops)"
"Rathifile Bus Station","Shamshabad",17.43457,78.50488,17.26205,78.38824,23.7,80,1,"102/277 → AA","102/277: Rathifile Bus Station → Afzalgunj (12 stops) | AA: Afzalgunj → Shamshabad (4 stops)"
"Nampally Public Garoaden","Secunderabad Railway Station",17.39628,78.47082,17.43426,78.50158,7.7,26,0,"253M/8","253M/8: Nampally Public Garoaden → Secunderabad Railway Station (11 stops)"
"Nampally Public Garoaden","Afzalgunj",17.39628,78.47082,17.37331,78.47693,2.7,10,1,"116N/L → 251M/A","116N/L: Nampally Public Garoaden → Abids Gpo (2 stops) | 251M/A: Abids Gpo → Afzalgunj (2 stops)"
"Nampally Public Garoaden","Alugadda Bhavi",17.39628,78.47082,17.43531,78.51438,8.2,28,0,"16A/20P","16A/20P: Nampally Public Garoaden → Alugaddabavi (11 stops)"
"Nampally Public Garoaden","Patny",17.39628,78.47082,17.44318,78.49625,6,21,0,"253M/8","253M/8: Nampally Public Garoaden → Patny (8 stops)"
"Nampally Public Garoaden","Cbs",17.39628,78.47082,17.37823,78.48168,3.3,12,0,"9X/230","9X/230: Public Garden → Cbs (5 stops)"
"Nampally Public Garoaden","Erragadda",17.39628,78.47082,17.45617,78.43378,7.8,27,0,"218I","218I: Nampally Public Garoaden → Erragadda (12 stops)"
"Nampally Public Garoaden","Gajularamaram X Road",17.39628,78.47082,17.50941,78.44817,17.1,58,1,"218I → 171SM","218I: Nampally Public Garoaden → Moosapet (14 stops) | 171SM: Moosapet → Gajularamaram X Road (9 stops)"
"Nampally Public Garoaden","Jbs",17.39628,78.47082,17.44757,78.49664,6.7,23,1,"253M/8 → 24B","253M/8: Nampally Public Garoaden → Bata (7 stops) | 24B: Bata → Jbs (2 stops)"
"Nampally Public Garoaden","Hayathnagar Bus Station",17.39628,78.47082,17.32732,78.60489,17.1,57,2,"116N/L → 100L → 555","116N/L: Nampally Public Garoaden → Koti Medical College (4 stops) | 100L: Koti Medical College → Dwaraka Nagar Ashtalakshmi Temple (8 stops) | 555: Dwaraka Nagar Ashtalakshmi Temple → Hayathnagar Bus Station (5 stops)"
"Nampally Public Garoaden","Rathifile Bus Station",17.39628,78.47082,17.43457,78.50488,7.3,25,1,"16A/20P → 1X","16A/20P: Nampally Public Garoaden → Musheerabad Police Station (8 stops) | 1X: Musheerabad Police Station → Rathifile Bus Station (3 stops)"
"Nampally Public Garoaden","Lakdikapool",17.39628,78.47082,17.40361,78.46497,1,4,0,"65M","65M: Nampally Public Garoaden → Lakdikapool (2 stops)"
"Nampally Public Garoaden","Ecil Bus Terminal",17.39628,78.47082,17.47253,78.57006,16.3,55,1,"253M/8 → 37/8A","253M/8: Nampally Public Garoaden → Bata (7 stops) | 37/8A: Bata → Ecil Bus Terminal (8 stops)"
"Nampally Public Garoaden","Secretariat",17.39628,78.47082,17.40812,78.47182,1.6,6,0,"100V","100V: Nampally Public Garoaden → Secretariat (3 stops)"
"Nampally Public Garoaden","Patancheruvu",17.39628,78.47082,17.52903,78.26428,29.3,98,0,"218I","218I: Nampally Public Garoaden → Patancheruvu (34 stops)"
"Nampally Public Garoaden","Darul Shifa",17.39628,78.47082,17.37327,78.48299,3.4,12,1,"116N/L → 251M/A","116N/L: Nampally Public Garoaden → Abids Gpo (2 stops) | 251M/A: Abids Gpo → Afzalgunj (2 stops)"
"Nampally Public Garoaden","Plaza",17.39628,78.47082,17.44330,78.49066,5.9,20,1,"253M/8 → 8/26S","253M/8: Nampally Public Garoaden → Middle Tank Bund (4 stops) | 8/26S: Middle Tank Bund → Plaza (5 stops)"
"Nampally Public Garoaden","Bluesea Cafe",17.39628,78.47082,17.43713,78.50515,7.3,26,0,"253M/8","253M/8: Nampally Public Garoaden → Ig Statue (10 stops)"
"Nampally Public Garoaden","Tarnaka",17.39628,78.47082,17.42571,78.53223,10.2,34,1,"16A/20P → 250/281","16A/20P: Nampally Public Garoaden → Alugaddabavi (11 stops) | 250/281: Alugaddabavi → Tarnaka (2 stops)"
"Nampally Public Garoaden","Lb Nagar X Road",17.39628,78.47082,17.34699,78.55013,10.9,37,2,"116N/L → 100L → 156/206","116N/L: Nampally Public Garoaden → Koti Medical College (4 stops) | 100L: Koti Medical College → Dwaraka Nagar Ashtalakshmi Temple (8 stops) | 156/206: Dwaraka Nagar Ashtalakshmi Temple → Lb Nagar X Road (4 stops)"
"Nampally Public Garoaden","Lingampally Bs",17.39628,78.47082,17.49485,78.31689,22.5,75,0,"218I","218I: Nampally Public Garoaden → Lingampally Bs (28 stops)"
"Nampally Public Garoaden","Kukatpally",17.39628,78.47082,17.48385,78.41242,11.7,39,0,"218I","218I: Nampally Public Garoaden → Kukatpally (15 stops)"
"Nampally Public Garoaden","Jublee Bus Station",17.39628,78.47082,17.44761,78.49758,6.6,23,0,"253M/8","253M/8: Nampally Public Garoaden → Patny (8 stops)"
"Nampally Public Garoaden","Ibrahimpatnam Bus Station",17.39628,78.47082,17.19144,78.64766,32.5,109,3,"116N/L → 100L → 277Y → 401","116N/L: Nampally Public Garoaden → Koti Medical College (4 stops) | 100L: Koti Medical College → Chadarghat (2 stops) | 277Y: Chadarghat → Turkyamjal (10 stops) | 401: Turkyamjal → Ibrahimpatnam Bus Station (4 stops)"
"Nampally Public Garoaden","Prashanth Nagar",17.39628,78.47082,17.47378,78.42698,9.9,37,0,"218I","218I: Nampally Public Garoaden → Moosapet (14 stops)"
"Nampally Public Garoaden","Moosapet",17.39628,78.47082,17.47081,78.42668,9.6,33,0,"218I","218I: Nampally Public Garoaden → Moosapet (14 stops)"
"Nampally Public Garoaden","Cherlapally Bus Stand",17.39628,78.47082,17.46329,78.61145,20.4,69,1,"16A/20P → 250C/R","16A/20P: Nampally Public Garoaden → Alugaddabavi (11 stops) | 250C/R: Alugadda Bhavi → Cherlapally Bus Stand (8 stops)"
"Nampally Public Garoaden","Koti Medical College",17.39628,78.47082,17.38310,78.48282,2.1,7,0,"116N/L","116N/L: Nampally Public Garoaden → Koti Medical College (4 stops)"
"Nampally Public Garoaden","Chadarghat",17.39628,78.47082,17.37722,78.49302,3.6,13,1,"116N/L → 100L","116N/L: Nampally Public Garoaden → Koti Medical College (4 stops) | 100L: Koti Medical College → Chadarghat (2 stops)"
"Nampally Public Garoaden","Kachiguda X Road",17.39628,78.47082,17.39069,78.48938,3.3,15,0,"216N/L","216N/L: Nampally Public Garoaden → Ramkoti (5 stops)"
"Nampally Public Garoaden","Gandimaisamma",17.39628,78.47082,17.57508,78.42319,25,84,1,"218I → 83/272","218I: Nampally Public Garoaden → Moosapet (14 stops) | 83/272: Moosapet → Gandimaisamma (15 stops)"
"Nampally Public Garoaden","Mehdipatnam",17.39628,78.47082,17.39527,78.43980,3.9,14,0,"65M","65M: Nampally Public Garoaden → Mehdipatnam (6 stops)"
"Nampally Public Garoaden","Bata",17.39628,78.47082,17.43600,78.49370,5.2,18,0,"253M/8","253M/8: Nampally Public Garoaden → Bata (7 stops)"
"Nampally Public Garoaden","Jntu X Rd",17.39628,78.47082,17.49672,78.39445,14.2,48,0,"218I","218I: Nampally Public Garoaden → Jntu X Road (18 stops)"
"Nampally Public Garoaden","Super Bazar",17.39628,78.47082,17.37193,78.50992,5.1,18,1,"116N/L → 100L","116N/L: Nampally Public Garoaden → Koti Medical College (4 stops) | 100L: Koti Medical College → Super Bazar (4 stops)"
"Nampally Public Garoaden","Race Course",17.39628,78.47082,17.45076,78.48820,6.9,23,1,"253M/8 → 8/26S","253M/8: Nampally Public Garoaden → Middle Tank Bund (4 stops) | 8/26S: Middle Tank Bund → Race Course (6 stops)"
"Nampally Public Garoaden","Punjagutta",17.39628,78.47082,17.42645,78.45141,4,14,0,"218I","218I: Nampally Public Garoaden → Punjagutta (7 stops)"
"Nampally Public Garoaden","Balanagar",17.39628,78.47082,17.46697,78.44626,12.4,42,1,"218I → 9X","218I: Nampally Public Garoaden → Moosapet (14 stops) | 9X: Moosapet → Balanagar (3 stops)"
"Nampally Public Garoaden","Chintal",17.39628,78.47082,17.49540,78.45210,15.5,52,1,"218I → 9X","218I: Nampally Public Garoaden → Moosapet (14 stops) | 9X: Moosapet → Chintal (7 stops)"
"Nampally Public Garoaden","Nanal Nagar",17.39628,78.47082,17.39620,78.42700,5.3,18,0,"116G/220K","116G/220K: Nampally Public Garoaden → Nanal Nagar (5 stops)"
"Nampally Public Garoaden","Abids Gpo",17.39628,78.47082,17.38757,78.47617,1.2,4,0,"116N/L","116N/L: Nampally Public Garoaden → Abids Gpo (2 stops)"
"Nampally Public Garoaden","Kachiguda Railway Station",17.39628,78.47082,17.38950,78.49726,4.2,15,0,"216N/L","216N/L: Nampally Public Garoaden → Tourist Hotel (6 stops)"
"Nampally Public Garoaden","Ghatkesar Bus Station",17.39628,78.47082,17.45213,78.68231,24.3,82,3,"137 → 113K → 113M → 500","137: Nampally Public Garoaden → Narayana Guda (6 stops) | 113K: Narayana Guda → Modern Bakery (5 stops) | 113M: Modern Bakery → Uppal X Road (2 stops) | 500: Uppal X Road → Ghatkesar Bus Station (2 stops)"
"Nampally Public Garoaden","Chengicherla",17.39628,78.47082,17.43313,78.60845,17.5,59,3,"137 → 113K → 284P → 18CR","137: Nampally Public Garoaden → Narayana Guda (6 stops) | 113K: Narayana Guda → Uppal Bus Station (6 stops) | 284P: Uppal Bus Station → Medipally (3 stops) | 18CR: Medipally → Chengicherla (3 stops)"
"Nampally Public Garoaden","Quthbullapur X Rd",17.39628,78.47082,17.49890,78.45176,15.9,53,1,"218I → 9X","218I: Nampally Public Garoaden → Moosapet (14 stops) | 9X: Moosapet → Quthbullapur X Rd (8 stops)"
"Nampally Public Garoaden","Shapur Nagar",17.39628,78.47082,17.51600,78.44690,17.8,60,1,"218I → 9M/X","218I: Nampally Public Garoaden → Moosapet (14 stops) | 9M/X: Moosapet → Shapur Nagar (10 stops)"
"Nampally Public Garoaden","Panama Godown",17.39628,78.47082,17.33840,78.56864,13,44,2,"116N/L → 100L → 555","116N/L: Nampally Public Garoaden → Koti Medical College (4 stops) | 100L: Koti Medical College → Dwaraka Nagar Ashtalakshmi Temple (8 stops) | 555: Dwaraka Nagar Ashtalakshmi Temple → Panama Godown (3 stops)"
"Nampally Public Garoaden","Gachibowli X Road",17.39628,78.47082,17.43903,78.36295,13.5,45,1,"116G/220K → 300A/217","116G/220K: Nampally Public Garoaden → Khajaguda X Road (9 stops) | 300A/217: Khajaguda X Road → Gachibowli X Road (2 stops)"
"Nampally Public Garoaden","Abids Grammar School",17.39628,78.47082,17.39333,78.47625,1.1,6,0,"",""
"Nampally Public Garoaden","Dilsukhnagar",17.39628,78.47082,17.36862,78.52366,6.7,23,1,"116N/L → 100L","116N/L: Nampally Public Garoaden → Koti Medical College (4 stops) | 100L: Koti Medical College → Dilsukhnagar (6 stops)"
"Nampally Public Garoaden","Sathamrai",17.39628,78.47082,17.27452,78.40118,16.8,57,1,"116N/L → 251M/A","116N/L: Nampally Public Garoaden → Abids Gpo (2 stops) | 251M/A: Abids Gpo → Sathamrai (9 stops)"
"Nampally Public Garoaden","Gajularam X Road",17.39628,78.47082,17.51010,78.44771,17.2,58,1,"218I → 9M/X","218I: Nampally Public Garoaden → Moosapet (14 stops) | 9M/X: Moosapet → Gajularam X Road (9 stops)"
"Nampally Public Garoaden","Rc Puram",17.39628,78.47082,17.51362,78.28780,26.3,88,0,"218I","218I: Nampally Public Garoaden → Rc Puram (31 stops)"
"Nampally Public Garoaden","Kphb",17.39628,78.47082,17.49456,78.40081,13.5,46,0,"218I","218I: Nampally Public Garoaden → Kphb Metro Station (17 stops)"
"Nampally Public Garoaden","Pisal Banda",17.39628,78.47082,17.33995,78.50379,8.1,28,3,"116N/L → 100L → 277K → 460","116N/L: Nampally Public Garoaden → Koti Medical College (4 stops) | 100L: Koti Medical College → Chadarghat (2 stops) | 277K: Chadarghat → Is Sadan (5 stops) | 460: Is Sadan → Pisal Banda (3 stops)"
"Nampally Public Garoaden","Police Lines",17.39628,78.47082,17.44365,78.47499,8.3,28,1,"253M/8 → 10JB","253M/8: Nampally Public Garoaden → Patny (8 stops) | 10JB: Plaza → Police Lines (2 stops)"
"Nampally Public Garoaden","Uppal X Road",17.39628,78.47082,17.40126,78.56007,10,34,1,"137 → 113K","137: Nampally Public Garoaden → Narayana Guda (6 stops) | 113K: Narayana Guda → Modern Bakery (5 stops)"
"Nampally Public Garoaden","Boats Club",17.39628,78.47082,17.42644,78.48664,4.1,14,0,"253M/8","253M/8: Nampally Public Garoaden → Boats Club (5 stops)"
"Nampally Public Garoaden","Womens College",17.39628,78.47082,17.38481,78.48762,2.4,9,0,"116N/L","116N/L: Nampally Public Garoaden → Koti Bank Strret (3 stops)"
"Nampally Public Garoaden","Hydernagar",17.39628,78.47082,17.49919,78.38352,15.3,52,0,"218I","218I: Nampally Public Garoaden → Hydernagar (20 stops)"
"Nampally Public Garoaden","Charminar",17.39628,78.47082,17.35868,78.47403,5.2,18,2,"116N/L → 251M/A → 253M","116N/L: Nampally Public Garoaden → Abids Gpo (2 stops) | 251M/A: Abids Gpo → Afzalgunj (2 stops) | 253M: Afzalgunj → Charminar (3 stops)"
"Nampally Public Garoaden","Hitech City",17.39628,78.47082,17.44995,78.38257,12.4,42,0,"127K","127K: Nampally Public Garoaden → Hitech City (18 stops)"
"Nampally Public Garoaden","Ameerpet",17.39628,78.47082,17.43155,78.44765,4.7,16,0,"218I","218I: Nampally Public Garoaden → Ameerpet (8 stops)"
"Nampally Public Garoaden","Gandipet X Road",17.39628,78.47082,17.38500,78.33100,17.2,58,1,"65M/123 → 505","65M/123: Nampally Public Garoaden → Narsingi (16 stops) | 505: Narsingi → Gandipet X Road (4 stops)"
"Nampally Public Garoaden","Gachibowli",17.39628,78.47082,17.43966,78.36356,13.7,46,1,"116G/220K → 300C/216","116G/220K: Nampally Public Garoaden → Khajaguda X Road (9 stops) | 300C/216: Khajaguda X Road → Gachibowli (2 stops)"
"Nampally Public Garoaden","Miyapur",17.39628,78.47082,17.49669,78.36077,18.1,61,0,"218I","218I: Nampally Public Garoaden → Miyapur (23 stops)"
"Nampally Public Garoaden","Sr Nagar",17.39628,78.47082,17.44027,78.44260,6.2,21,0,"218I","218I: Nampally Public Garoaden → Sr Nagar (10 stops)"
"Nampally Public Garoaden","Begumpet",17.39628,78.47082,17.10805,78.55358,39.8,133,3,"116N/L → 251M/A → 8A/253M → 478","116N/L: Nampally Public Garoaden → Abids Gpo (2 stops) | 251M/A: Abids Gpo → Afzalgunj (2 stops) | 8A/253M: Afzalgunj → Imamguda (16 stops) | 478: Imamguda → Begumpet (7 stops)"
"Nampally Public Garoaden","Tolichowki",17.39628,78.47082,17.39924,78.41552,6.5,22,0,"116G/220K","116G/220K: Nampally Public Garoaden → Tolichowki (6 stops)"
"Nampally Public Garoaden","Kondapur",17.39628,78.47082,17.46392,78.36725,14.9,51,0,"127K","127K: Nampally Public Garoaden → Kothaguda X Rd (22 stops)"
"Nampally Public Garoaden","Madhapur",17.39628,78.47082,17.63017,78.77482,47.6,159,2,"253M/8 → 37/8A → 546","253M/8: Nampally Public Garoaden → Bata (7 stops) | 37/8A: Bata → Kushaiguda (9 stops) | 546: Kushaiguda → Madhapur (14 stops)"
"Nampally Public Garoaden","Shamshabad",17.39628,78.47082,17.26205,78.38824,18.8,63,1,"116N/L → 251M/A","116N/L: Nampally Public Garoaden → Abids Gpo (2 stops) | 251M/A: Abids Gpo → Shamshabad (10 stops)"
"Lakdikapool","Secunderabad Railway Station",17.40361,78.46497,17.43426,78.50158,7.1,28,0,"5K","5K: Lakdikapool → Secunderabad Railway Station (7 stops)"
"Lakdikapool","Afzalgunj",17.40361,78.46497,17.37331,78.47693,4.5,20,0,"9X","9X: Lakdikapool → Afzalgunj (6 stops)"
"Lakdikapool","Alugadda Bhavi",17.40361,78.46497,17.43531,78.51438,8.5,33,1,"5K → 186","5K: Lakdikapool → Secunderabad Railway Station (7 stops) | 186: Secunderabad Railway Station → Alugadda Bhavi (2 stops)"
"Lakdikapool","Patny",17.40361,78.46497,17.44318,78.49625,6,25,0,"5K","5K: Lakdikapool → Bata (5 stops)"
"Lakdikapool","Cbs",17.40361,78.46497,17.37823,78.48168,3.5,12,0,"116/220K","116/220K: Lakdikapool → Cbs (4 stops)"
"Lakdikapool","Erragadda",17.40361,78.46497,17.45617,78.43378,6.7,23,0,"113K","113K: Lakdikapool → Erragadda (5 stops)"
"Lakdikapool","Gajularamaram X Road",17.40361,78.46497,17.50941,78.44817,16,54,1,"113K → 171SM","113K: Lakdikapool → Moosapet (6 stops) | 171SM: Moosapet → Gajularamaram X Road (9 stops)"
"Lakdikapool","Jbs",17.40361,78.46497,17.44757,78.49664,6.7,27,1,"5K → 24B","5K: Lakdikapool → Bata (5 stops) | 24B: Bata → Jbs (2 stops)"
"Lakdikapool","Hayathnagar Bus Station",17.40361,78.46497,17.32732,78.60489,18,61,2,"116/220K → 277MP → 524","116/220K: Lakdikapool → Abids Grammar School (2 stops) | 277MP: Abids Grammar School → Ntr Nagar (12 stops) | 524: Ntr Nagar → Hayathnagar Bus Station (8 stops)"
"Lakdikapool","Rathifile Bus Station",17.40361,78.46497,17.43457,78.50488,7.5,30,0,"5K","5K: Lakdikapool → Secunderabad Railway Station (7 stops)"
"Lakdikapool","Nampally Public Garoaden",17.40361,78.46497,17.39628,78.47082,1.9,12,0,"49","49: Lakdikapool → Public Garden (3 stops)"
"Lakdikapool","Ecil Bus Terminal",17.40361,78.46497,17.47253,78.57006,16.3,59,1,"5K → 37/8A","5K: Lakdikapool → Bata (5 stops) | 37/8A: Bata → Ecil Bus Terminal (8 stops)"
"Lakdikapool","Secretariat",17.40361,78.46497,17.40812,78.47182,0.9,3,0,"",""
"Lakdikapool","Patancheruvu",17.40361,78.46497,17.52903,78.26428,28.6,96,0,"222A","222A: Lakdikapool → Patancheruvu (36 stops)"
"Lakdikapool","Darul Shifa",17.40361,78.46497,17.37327,78.48299,5.2,22,0,"9X","9X: Lakdikapool → Darul Shifa (7 stops)"
"Lakdikapool","Plaza",17.40361,78.46497,17.44330,78.49066,6,25,1,"5K → 8/26S","5K: Lakdikapool → Boats Club (4 stops) | 8/26S: Boats Club → Plaza (4 stops)"
"Lakdikapool","Bluesea Cafe",17.40361,78.46497,17.43713,78.50515,6.8,28,0,"5K","5K: Lakdikapool → Ig Statue (7 stops)"
"Lakdikapool","Tarnaka",17.40361,78.46497,17.42571,78.53223,9,35,0,"6X","6X: Lakdikapool → Tarnaka (14 stops)"
"Lakdikapool","Lb Nagar X Road",17.40361,78.46497,17.34699,78.55013,12.1,42,1,"116/220K → 277MP","116/220K: Lakdikapool → Abids Grammar School (2 stops) | 277MP: Abids Grammar School → Lb Nagar (14 stops)"
"Lakdikapool","Lingampally Bs",17.40361,78.46497,17.49485,78.31689,21.7,73,0,"222A","222A: Lakdikapool → Lingampally Bs (29 stops)"
"Lakdikapool","Kukatpally",17.40361,78.46497,17.48385,78.41242,10.6,36,0,"113K","113K: Lakdikapool → Kukatpally (7 stops)"
"Lakdikapool","Jublee Bus Station",17.40361,78.46497,17.44761,78.49758,8.7,34,1,"5K → AC","5K: Lakdikapool → Secunderabad Railway Station (7 stops) | AC: Secunderabad Railway Station → Jublee Bus Station (2 stops)"
"Lakdikapool","Ibrahimpatnam Bus Station",17.40361,78.46497,17.19144,78.64766,35,117,1,"116/220K → 277MP","116/220K: Lakdikapool → Abids Grammar School (2 stops) | 277MP: Abids Grammar School → Ibrahimpatnam Bus Station (30 stops)"
"Lakdikapool","Prashanth Nagar",17.40361,78.46497,17.47378,78.42698,8.9,34,0,"113K","113K: Lakdikapool → Moosapet (6 stops)"
"Lakdikapool","Moosapet",17.40361,78.46497,17.47081,78.42668,8.5,29,0,"113K","113K: Lakdikapool → Moosapet (6 stops)"
"Lakdikapool","Cherlapally Bus Stand",17.40361,78.46497,17.46329,78.61145,19.7,70,2,"6X → 250C/J → 3K/251","6X: Lakdikapool → Noma (24 stops) | 250C/J: Noma → Ganesh Kamaan (5 stops) | 3K/251: Ganesh Kamaan → Cherlapally Bus Stand (2 stops)"
"Lakdikapool","Koti Medical College",17.40361,78.46497,17.38310,78.48282,3,11,0,"116/220K","116/220K: Lakdikapool → Koti Medical College (3 stops)"
"Lakdikapool","Chadarghat",17.40361,78.46497,17.37722,78.49302,4.4,15,1,"116/220K → 277MP","116/220K: Lakdikapool → Abids Grammar School (2 stops) | 277MP: Abids Grammar School → Chadarghat (3 stops)"
"Lakdikapool","Kachiguda X Road",17.40361,78.46497,17.39069,78.48938,4.2,18,0,"83/272","83/272: Secretariat → Kacheguda X Road (9 stops)"
"Lakdikapool","Gandimaisamma",17.40361,78.46497,17.57508,78.42319,23.9,80,1,"113K → 83/272","113K: Lakdikapool → Moosapet (6 stops) | 83/272: Moosapet → Gandimaisamma (15 stops)"
"Lakdikapool","Mehdipatnam",17.40361,78.46497,17.39527,78.43980,2.9,10,0,"6L","6L: Lakdikapool → Mehdipatnam (3 stops)"
"Lakdikapool","Bata",17.40361,78.46497,17.43600,78.49370,5.2,22,0,"5K","5K: Lakdikapool → Bata (5 stops)"
"Lakdikapool","Jntu X Rd",17.40361,78.46497,17.49672,78.39445,13,44,0,"113K","113K: Lakdikapool → Kphb Main Road (8 stops)"
"Lakdikapool","Super Bazar",17.40361,78.46497,17.37193,78.50992,5.9,20,1,"116/220K → 277MP","116/220K: Lakdikapool → Abids Grammar School (2 stops) | 277MP: Abids Grammar School → Super Bazar (6 stops)"
"Lakdikapool","Race Course",17.40361,78.46497,17.45076,78.48820,6.9,28,1,"5K → 8/26S","5K: Lakdikapool → Boats Club (4 stops) | 8/26S: Boats Club → Race Course (5 stops)"
"Lakdikapool","Punjagutta",17.40361,78.46497,17.42645,78.45141,2.8,10,0,"113K","113K: Lakdikapool → Nims Hospital (3 stops)"
"Lakdikapool","Balanagar",17.40361,78.46497,17.46697,78.44626,11.3,38,1,"113K → 9X","113K: Lakdikapool → Moosapet (6 stops) | 9X: Moosapet → Balanagar (3 stops)"
"Lakdikapool","Chintal",17.40361,78.46497,17.49540,78.45210,14.4,49,1,"113K → 9X","113K: Lakdikapool → Moosapet (6 stops) | 9X: Moosapet → Chintal (7 stops)"
"Lakdikapool","Nanal Nagar",17.40361,78.46497,17.39620,78.42700,4.3,15,0,"116G","116G: Lakdikapool → Nanal Nagar (4 stops)"
"Lakdikapool","Abids Gpo",17.40361,78.46497,17.38757,78.47617,2.3,8,0,"116/220K","116/220K: Lakdikapool → Abids Grammar School (2 stops)"
"Lakdikapool","Kachiguda Railway Station",17.40361,78.46497,17.38950,78.49726,5.8,20,1,"116/220K → 65K/123","116/220K: Lakdikapool → Cbs (4 stops) | 65K/123: Cbs → Kachiguda Railway Station (3 stops)"
"Lakdikapool","Ghatkesar Bus Station",17.40361,78.46497,17.45213,78.68231,27.3,96,1,"113Y/K → 500","113Y/K: Lakdikapool → Uppal X Road (23 stops) | 500: Uppal X Road → Ghatkesar Bus Station (2 stops)"
"Lakdikapool","Chengicherla",17.40361,78.46497,17.43313,78.60845,19.6,70,0,"6X","6X: Lakdikapool → Chengicherla (28 stops)"
"Lakdikapool","Quthbullapur X Rd",17.40361,78.46497,17.49890,78.45176,14.8,50,1,"113K → 9X","113K: Lakdikapool → Moosapet (6 stops) | 9X: Moosapet → Quthbullapur X Rd (8 stops)"
"Lakdikapool","Shapur Nagar",17.40361,78.46497,17.51600,78.44690,16.8,56,1,"113K → 9M/X","113K: Lakdikapool → Moosapet (6 stops) | 9M/X: Moosapet → Shapur Nagar (10 stops)"
"Lakdikapool","Panama Godown",17.40361,78.46497,17.33840,78.56864,14,47,2,"116/220K → 277MP → 524","116/220K: Lakdikapool → Abids Grammar School (2 stops) | 277MP: Abids Grammar School → Ntr Nagar (12 stops) | 524: Ntr Nagar → Panama Godown (4 stops)"
"Lakdikapool","Gachibowli X Road",17.40361,78.46497,17.43903,78.36295,12.6,43,0,"6L","6L: Lakdikapool → Gachibowli X Road (8 stops)"
"Lakdikapool","Abids Grammar School",17.40361,78.46497,17.39333,78.47625,1.7,6,0,"116/220K","116/220K: Lakdikapool → Abids Grammar School (2 stops)"
"Lakdikapool","Dilsukhnagar",17.40361,78.46497,17.36862,78.52366,7.6,26,1,"116/220K → 277MP","116/220K: Lakdikapool → Abids Grammar School (2 stops) | 277MP: Abids Grammar School → Dilsukhnagar (8 stops)"
"Lakdikapool","Sathamrai",17.40361,78.46497,17.27452,78.40118,19.2,65,1,"6L → 92A/251S","6L: Lakdikapool → Mehdipatnam (3 stops) | 92A/251S: Mehdipatnam → Sathamrai (13 stops)"
"Lakdikapool","Gajularam X Road",17.40361,78.46497,17.51010,78.44771,16.1,54,1,"113K → 9M/X","113K: Lakdikapool → Moosapet (6 stops) | 9M/X: Moosapet → Gajularam X Road (9 stops)"
"Lakdikapool","Rc Puram",17.40361,78.46497,17.51362,78.28780,25.6,86,0,"222A","222A: Lakdikapool → Rc Puram (33 stops)"
"Lakdikapool","Kphb",17.40361,78.46497,17.49456,78.40081,12.4,45,0,"113K","113K: Lakdikapool → Kphb Main Road (8 stops)"
"Lakdikapool","Pisal Banda",17.40361,78.46497,17.33995,78.50379,8.9,31,3,"116/220K → 277MP → 277K → 460","116/220K: Lakdikapool → Abids Grammar School (2 stops) | 277MP: Abids Grammar School → Chadarghat (3 stops) | 277K: Chadarghat → Is Sadan (5 stops) | 460: Is Sadan → Pisal Banda (3 stops)"
"Lakdikapool","Police Lines",17.40361,78.46497,17.44365,78.47499,6.7,27,0,"49","49: Lakdikapool → Prakash Nagar (11 stops)"
"Lakdikapool","Uppal X Road",17.40361,78.46497,17.40126,78.56007,13,48,0,"113Y/K","113Y/K: Lakdikapool → Uppal X Road (22 stops)"
"Lakdikapool","Boats Club",17.40361,78.46497,17.42644,78.48664,3.9,18,0,"5K","5K: Lakdikapool → Boats Club (4 stops)"
"Lakdikapool","Womens College",17.40361,78.46497,17.38481,78.48762,3.4,13,1,"116/220K → 222","116/220K: Lakdikapool → Abids Grammar School (2 stops) | 222: Abids Grammar School → Koti Maternity Hospital (3 stops)"
"Lakdikapool","Hydernagar",17.40361,78.46497,17.49919,78.38352,14.2,48,1,"113K → 10MN","113K: Lakdikapool → Kphb Main Road (8 stops) | 10MN: Kphb Main Road → Hydernagar (3 stops)"
"Lakdikapool","Charminar",17.40361,78.46497,17.35868,78.47403,7.4,29,0,"9X","9X: Lakdikapool → Charminar (11 stops)"
"Lakdikapool","Hitech City",17.40361,78.46497,17.44995,78.38257,11.9,40,0,"222A","222A: Lakdikapool → Hitech City (16 stops)"
"Lakdikapool","Ameerpet",17.40361,78.46497,17.43155,78.44765,3.6,13,1,"113K → 83J/A","113K: Lakdikapool → Nims Hospital (3 stops) | 83J/A: Nims Hospital → Ameerpet (3 stops)"
"Lakdikapool","Gandipet X Road",17.40361,78.46497,17.38500,78.33100,16.1,55,2,"116G → 65M/123 → 505","116G: Lakdikapool → Tolichowki (5 stops) | 65M/123: Tolichowki → Narsingi (9 stops) | 505: Narsingi → Gandipet X Road (4 stops)"
"Lakdikapool","Gachibowli",17.40361,78.46497,17.43966,78.36356,12.7,44,0,"6L","6L: Lakdikapool → Gachibowli X Road (8 stops)"
"Lakdikapool","Miyapur",17.40361,78.46497,17.49669,78.36077,16.9,57,1,"113K → 10MN","113K: Lakdikapool → Kphb Main Road (8 stops) | 10MN: Kphb Main Road → Miyapur (4 stops)"
"Lakdikapool","Sr Nagar",17.40361,78.46497,17.44027,78.44260,5.1,17,0,"113K","113K: Lakdikapool → Sr Nagar (4 stops)"
"Lakdikapool","Begumpet",17.40361,78.46497,17.10805,78.55358,41.9,144,2,"9X → 8A/253M → 478","9X: Lakdikapool → Charminar (11 stops) | 8A/253M: Charminar → Imamguda (14 stops) | 478: Imamguda → Begumpet (7 stops)"
"Lakdikapool","Tolichowki",17.40361,78.46497,17.39924,78.41552,5.5,19,0,"116G","116G: Lakdikapool → Tolichowki (5 stops)"
"Lakdikapool","Kondapur",17.40361,78.46497,17.46392,78.36725,14.4,49,0,"222A","222A: Lakdikapool → Kondapur (21 stops)"
"Lakdikapool","Madhapur",17.40361,78.46497,17.63017,78.77482,39.9,134,3,"116/220K → 277MP → 277P → 486","116/220K: Lakdikapool → Abids Grammar School (2 stops) | 277MP: Abids Grammar School → Mangalpally X Road (25 stops) | 277P: Mangalpally X Road → Yeliminedu (7 stops) | 486: Yeliminedu → Madhapur (2 stops)"
"Lakdikapool","Shamshabad",17.40361,78.46497,17.26205,78.38824,20.2,72,1,"9X → AA","9X: Lakdikapool → Afzalgunj (6 stops) | AA: Afzalgunj → Shamshabad (4 stops)"
"Ecil Bus Terminal","Secunderabad Railway Station",17.47253,78.57006,17.43426,78.50158,11.1,37,0,"37/8A","37/8A: Ecil Bus Terminal → Ymca Bus Stop (7 stops)"
"Ecil Bus Terminal","Afzalgunj",17.47253,78.57006,17.37331,78.47693,16,55,0,"3","3: Ecil Bus Terminal → Afzalganj Central Library (22 stops)"
"Ecil Bus Terminal","Alugadda Bhavi",17.47253,78.57006,17.43531,78.51438,8.2,28,1,"3 → 15H/20","3: Ecil Bus Terminal → Lalapet (6 stops) | 15H/20: Lalapet → Alugadda Bhavi (5 stops)"
"Ecil Bus Terminal","Patny",17.47253,78.57006,17.44318,78.49625,10.3,36,0,"37/8A","37/8A: Ecil Bus Terminal → Ymca Bus Stop (7 stops)"
"Ecil Bus Terminal","Cbs",17.47253,78.57006,17.37823,78.48168,15.2,51,0,"3","3: Ecil Bus Terminal → Cbs (21 stops)"
"Ecil Bus Terminal","Erragadda",17.47253,78.57006,17.45617,78.43378,18.8,63,2,"37/8A → 24N/219 → 9X","37/8A: Ecil Bus Terminal → Officers Mess (5 stops) | 24N/219: Officers Mess → Prashanth Nagar (9 stops) | 9X: Prashanth Nagar → Erragadda (4 stops)"
"Ecil Bus Terminal","Gajularamaram X Road",17.47253,78.57006,17.50941,78.44817,18.7,63,3,"37/8A → 24N/219 → 567G → 171SM","37/8A: Ecil Bus Terminal → Officers Mess (5 stops) | 24N/219: Officers Mess → Bowenpally X Road (5 stops) | 567G: Bowenpally X Road → Chintal (4 stops) | 171SM: Chintal → Gajularamaram X Road (3 stops)"
"Ecil Bus Terminal","Jbs",17.47253,78.57006,17.44757,78.49664,10,34,1,"37/8A → 16E","37/8A: Ecil Bus Terminal → Aoc Centre (6 stops) | 16E: Aoc Centre → Jbs (3 stops)"
"Ecil Bus Terminal","Hayathnagar Bus Station",17.47253,78.57006,17.32732,78.60489,19.6,66,0,"290/186","290/186: Kamala Nagar → Hayathnagar Bus Station (5 stops)"
"Ecil Bus Terminal","Rathifile Bus Station",17.47253,78.57006,17.43457,78.50488,9.2,31,2,"3 → 15H/20 → 431","3: Ecil Bus Terminal → Lalapet (6 stops) | 15H/20: Lalapet → Alugadda Bhavi (5 stops) | 431: Alugadda Bhavi → Rathifile Bus Station (2 stops)"
"Ecil Bus Terminal","Nampally Public Garoaden",17.47253,78.57006,17.39628,78.47082,16.5,56,1,"3 → 127K","3: Ecil Bus Terminal → Kachiguda X Road (18 stops) | 127K: Kachiguda X Road → Nampally Public Garoaden (5 stops)"
"Ecil Bus Terminal","Lakdikapool",17.47253,78.57006,17.40361,78.46497,15.8,53,0,"37/8A","37/8A: Ecil Bus Terminal → Rbi Birlamandir (11 stops)"
"Ecil Bus Terminal","Secretariat",17.47253,78.57006,17.40812,78.47182,14.3,49,1,"3 → 6X","3: Ecil Bus Terminal → Vidyanagar (13 stops) | 6X: Vidyanagar → Secretariat (9 stops)"
"Ecil Bus Terminal","Patancheruvu",17.47253,78.57006,17.52903,78.26428,35.6,119,1,"37/8A → 24N/219","37/8A: Ecil Bus Terminal → Officers Mess (5 stops) | 24N/219: Officers Mess → Patancheruvu (28 stops)"
"Ecil Bus Terminal","Darul Shifa",17.47253,78.57006,17.37327,78.48299,16.6,56,1,"3 → 2U","3: Ecil Bus Terminal → Cbs (21 stops) | 2U: Cbs → Darul Shifa (3 stops)"
"Ecil Bus Terminal","Plaza",17.47253,78.57006,17.44330,78.49066,10.9,37,1,"37/8A → 16E","37/8A: Ecil Bus Terminal → Aoc Centre (6 stops) | 16E: Aoc Centre → Jbs (3 stops)"
"Ecil Bus Terminal","Bluesea Cafe",17.47253,78.57006,17.43713,78.50515,9.9,34,1,"3 → 17SC","3: Ecil Bus Terminal → Tarnaka Rtc Hospital (9 stops) | 17SC: Tarnaka Rtc Hospital → Bluesea Cafe (4 stops)"
"Ecil Bus Terminal","Tarnaka",17.47253,78.57006,17.42571,78.53223,6.8,24,0,"3","3: Ecil Bus Terminal → Tarnaka Rtc Hospital (9 stops)"
"Ecil Bus Terminal","Lb Nagar X Road",17.47253,78.57006,17.34699,78.55013,17,58,0,"242YA","242YA: Ecil Bus Terminal → Lb Nagar (14 stops)"
"Ecil Bus Terminal","Lingampally Bs",17.47253,78.57006,17.49485,78.31689,28.8,96,1,"37/8A → 24N/219","37/8A: Ecil Bus Terminal → Officers Mess (5 stops) | 24N/219: Officers Mess → Lingampally Bs (23 stops)"
"Ecil Bus Terminal","Kukatpally",17.47253,78.57006,17.48385,78.41242,18,61,1,"37/8A → 24N/219","37/8A: Ecil Bus Terminal → Officers Mess (5 stops) | 24N/219: Officers Mess → Kukatpally (10 stops)"
"Ecil Bus Terminal","Jublee Bus Station",17.47253,78.57006,17.44761,78.49758,10.1,35,1,"37/8A → 16E","37/8A: Ecil Bus Terminal → Aoc Centre (6 stops) | 16E: Aoc Centre → Jbs (3 stops)"
"Ecil Bus Terminal","Ibrahimpatnam Bus Station",17.47253,78.57006,17.19144,78.64766,38.9,130,2,"242YA → 300L/279K → 401","242YA: Ecil Bus Terminal → Lb Nagar (14 stops) | 300L/279K: Lb Nagar → Bongloor X Road (16 stops) | 401: Bongloor X Road → Ibrahimpatnam Bus Station (3 stops)"
"Ecil Bus Terminal","Prashanth Nagar",17.47253,78.57006,17.47378,78.42698,5.8,20,0,"3","3: Ecil Bus Terminal → Lalapet (6 stops)"
"Ecil Bus Terminal","Moosapet",17.47253,78.57006,17.47081,78.42668,16.3,55,1,"37/8A → 24N/219","37/8A: Ecil Bus Terminal → Officers Mess (5 stops) | 24N/219: Officers Mess → Prashanth Nagar (9 stops)"
"Ecil Bus Terminal","Cherlapally Bus Stand",17.47253,78.57006,17.46329,78.61145,5.6,19,0,"250X","250X: Ecil Bus Terminal → Cherlapally Bus Stand (7 stops)"
"Ecil Bus Terminal","Koti Medical College",17.47253,78.57006,17.38310,78.48282,14.7,50,0,"3","3: Ecil Bus Terminal → Koti Medical College (20 stops)"
"Ecil Bus Terminal","Chadarghat",17.47253,78.57006,17.37722,78.49302,13.5,46,1,"3 → 2K","3: Ecil Bus Terminal → Kachiguda Station (17 stops) | 2K: Kachiguda Station → Chadarghat (3 stops)"
"Ecil Bus Terminal","Kachiguda X Road",17.47253,78.57006,17.39069,78.48938,13.5,46,0,"3","3: Ecil Bus Terminal → Kachiguda X Road (18 stops)"
"Ecil Bus Terminal","Gandimaisamma",17.47253,78.57006,17.57508,78.42319,26.5,89,2,"37/8A → 24N/219 → 567G","37/8A: Ecil Bus Terminal → Officers Mess (5 stops) | 24N/219: Officers Mess → Bowenpally X Road (5 stops) | 567G: Bowenpally X Road → Gandimaisamma (8 stops)"
"Ecil Bus Terminal","Mehdipatnam",17.47253,78.57006,17.39527,78.43980,18.7,63,2,"37/8A → 5R → 6L","37/8A: Ecil Bus Terminal → Rbi Birlamandir (11 stops) | 5R: Rbi Birlamandir → Mahavir Hospital (3 stops) | 6L: Mahavir Hospital → Mehdipatnam (2 stops)"
"Ecil Bus Terminal","Bata",17.47253,78.57006,17.43600,78.49370,11,37,0,"37/8A","37/8A: Ecil Bus Terminal → Bata (8 stops)"
"Ecil Bus Terminal","Jntu X Rd",17.47253,78.57006,17.49672,78.39445,20.5,69,1,"37/8A → 24N/219","37/8A: Ecil Bus Terminal → Officers Mess (5 stops) | 24N/219: Officers Mess → Jntu X Road (12 stops)"
"Ecil Bus Terminal","Super Bazar",17.47253,78.57006,17.37193,78.50992,16.8,57,2,"3 → 3K/102 → 443","3: Ecil Bus Terminal → Kachiguda X Road (18 stops) | 3K/102: Kachiguda X Road → Chadarghat (3 stops) | 443: Chadarghat → Super Bazar (2 stops)"
"Ecil Bus Terminal","Race Course",17.47253,78.57006,17.45076,78.48820,10.7,36,2,"37/8A → 24N/219 → 26M","37/8A: Ecil Bus Terminal → Officers Mess (5 stops) | 24N/219: Officers Mess → Bowenpally Market (3 stops) | 26M: Bowenpally Market → Race Course (4 stops)"
"Ecil Bus Terminal","Punjagutta",17.47253,78.57006,17.42645,78.45141,16.1,54,2,"37/8A → 16E → 147","37/8A: Ecil Bus Terminal → Aoc Centre (6 stops) | 16E: Aoc Centre → Jbs (3 stops) | 147: Jbs → Punjagutta (7 stops)"
"Ecil Bus Terminal","Balanagar",17.47253,78.57006,17.46697,78.44626,14.1,47,1,"37/8A → 24N/219","37/8A: Ecil Bus Terminal → Officers Mess (5 stops) | 24N/219: Officers Mess → Balanagar (8 stops)"
"Ecil Bus Terminal","Chintal",17.47253,78.57006,17.49540,78.45210,17.1,57,2,"37/8A → 24N/219 → 567G","37/8A: Ecil Bus Terminal → Officers Mess (5 stops) | 24N/219: Officers Mess → Bowenpally X Road (5 stops) | 567G: Bowenpally X Road → Chintal (4 stops)"
"Ecil Bus Terminal","Nanal Nagar",17.47253,78.57006,17.39620,78.42700,20,67,2,"37/8A → 5R → 116G","37/8A: Ecil Bus Terminal → Rbi Birlamandir (11 stops) | 5R: Rbi Birlamandir → Mahavir Hospital (3 stops) | 116G: Mahavir Hospital → Nanal Nagar (3 stops)"
"Ecil Bus Terminal","Abids Gpo",17.47253,78.57006,17.38757,78.47617,15.2,51,1,"3 → 127K","3: Ecil Bus Terminal → Kachiguda X Road (18 stops) | 127K: Kachiguda X Road → Abids Gpo (3 stops)"
"Ecil Bus Terminal","Kachiguda Railway Station",17.47253,78.57006,17.38950,78.49726,12.3,42,0,"3","3: Ecil Bus Terminal → Tourist Hotel (16 stops)"
"Ecil Bus Terminal","Ghatkesar Bus Station",17.47253,78.57006,17.45213,78.68231,14.5,51,2,"250X → 250C/R → 22/281","250X: Ecil Bus Terminal → Cherlapally Bus Stand (7 stops) | 250C/R: Cherlapally Bus Stand → Rampally Village (3 stops) | 22/281: Rampally Village → Ghatkesar Bus Station (6 stops)"
"Ecil Bus Terminal","Chengicherla",17.47253,78.57006,17.43313,78.60845,7.9,27,1,"250E → 18CR","250E: Ecil Bus Terminal → Cherlapally Railway Station (5 stops) | 18CR: Cherlapally Railway Station → Chengicherla (3 stops)"
"Ecil Bus Terminal","Quthbullapur X Rd",17.47253,78.57006,17.49890,78.45176,17.4,59,2,"37/8A → 24N/219 → 567G","37/8A: Ecil Bus Terminal → Officers Mess (5 stops) | 24N/219: Officers Mess → Bowenpally X Road (5 stops) | 567G: Bowenpally X Road → Chintal (4 stops)"
"Ecil Bus Terminal","Shapur Nagar",17.47253,78.57006,17.51600,78.44690,19.4,65,2,"37/8A → 24N/219 → 567G","37/8A: Ecil Bus Terminal → Officers Mess (5 stops) | 24N/219: Officers Mess → Bowenpally X Road (5 stops) | 567G: Bowenpally X Road → Shapur Nagar (5 stops)"
"Ecil Bus Terminal","Panama Godown",17.47253,78.57006,17.33840,78.56864,19,64,1,"242YA → 290U/S","242YA: Ecil Bus Terminal → Kamineni Hospital (13 stops) | 290U/S: Kamineni Hospital → Panama Godown (5 stops)"
"Ecil Bus Terminal","Gachibowli X Road",17.47253,78.57006,17.43903,78.36295,28.4,95,2,"37/8A → 5R → 6L","37/8A: Ecil Bus Terminal → Rbi Birlamandir (11 stops) | 5R: Rbi Birlamandir → Mahavir Hospital (3 stops) | 6L: Mahavir Hospital → Gachibowli X Road (7 stops)"
"Ecil Bus Terminal","Abids Grammar School",17.47253,78.57006,17.39333,78.47625,15.3,52,1,"3 → 137","3: Ecil Bus Terminal → Fever Hospital (15 stops) | 137: Fever Hospital → Abids Grammar School (8 stops)"
"Ecil Bus Terminal","Dilsukhnagar",17.47253,78.57006,17.36862,78.52366,17.2,58,1,"242YA → 90U","242YA: Ecil Bus Terminal → Nagole X Road (10 stops) | 90U: Nagole X Road → Dilsukhnagar (8 stops)"
"Ecil Bus Terminal","Sathamrai",17.47253,78.57006,17.27452,78.40118,30.3,102,1,"3 → 8R/251M","3: Ecil Bus Terminal → Afzalganj Central Library (22 stops) | 8R/251M: Afzalganj Central Library → Sathamrai (11 stops)"
"Ecil Bus Terminal","Gajularam X Road",17.47253,78.57006,17.51010,78.44771,18.8,63,3,"37/8A → 24N/219 → 567G → 9M/X","37/8A: Ecil Bus Terminal → Officers Mess (5 stops) | 24N/219: Officers Mess → Bowenpally X Road (5 stops) | 567G: Bowenpally X Road → Chintal (4 stops) | 9M/X: Chintal → Gajularam X Road (3 stops)"
"Ecil Bus Terminal","Rc Puram",17.47253,78.57006,17.51362,78.28780,32.6,109,1,"37/8A → 24N/219","37/8A: Ecil Bus Terminal → Officers Mess (5 stops) | 24N/219: Officers Mess → Rc Puram (26 stops)"
"Ecil Bus Terminal","Kphb",17.47253,78.57006,17.49456,78.40081,19.8,67,1,"37/8A → 24N/219","37/8A: Ecil Bus Terminal → Officers Mess (5 stops) | 24N/219: Officers Mess → Kphb Metro Station (11 stops)"
"Ecil Bus Terminal","Pisal Banda",17.47253,78.57006,17.33995,78.50379,22.4,75,0,"242YA","242YA: Ecil Bus Terminal → Pisal Banda (21 stops)"
"Ecil Bus Terminal","Police Lines",17.47253,78.57006,17.44365,78.47499,12.5,42,2,"37/8A → 16E → 147","37/8A: Ecil Bus Terminal → Aoc Centre (6 stops) | 16E: Aoc Centre → Jbs (3 stops) | 147: Jbs → Police Lines (4 stops)"
"Ecil Bus Terminal","Uppal X Road",17.47253,78.57006,17.40126,78.56007,10.6,36,0,"242YA","242YA: Ecil Bus Terminal → Survey Of India (7 stops)"
"Ecil Bus Terminal","Boats Club",17.47253,78.57006,17.42644,78.48664,12,41,0,"37/8A","37/8A: Ecil Bus Terminal → Boats Club (9 stops)"
"Ecil Bus Terminal","Womens College",17.47253,78.57006,17.38481,78.48762,14.2,49,0,"3","3: Ecil Bus Terminal → Koti Maternity Hospital (19 stops)"
"Ecil Bus Terminal","Hydernagar",17.47253,78.57006,17.49919,78.38352,21.6,73,1,"37/8A → 24N/219","37/8A: Ecil Bus Terminal → Officers Mess (5 stops) | 24N/219: Officers Mess → Hydernagar (14 stops)"
"Ecil Bus Terminal","Charminar",17.47253,78.57006,17.35868,78.47403,18.8,63,1,"3 → 2U","3: Ecil Bus Terminal → Cbs (21 stops) | 2U: Cbs → Charminar (7 stops)"
"Ecil Bus Terminal","Hitech City",17.47253,78.57006,17.44995,78.38257,24.5,82,3,"37/8A → 16E → 147 → 10HW","37/8A: Ecil Bus Terminal → Aoc Centre (6 stops) | 16E: Aoc Centre → Jbs (3 stops) | 147: Jbs → Madhapur Ps (13 stops) | 10HW: Madhapur Ps → Hitech City (2 stops)"
"Ecil Bus Terminal","Ameerpet",17.47253,78.57006,17.43155,78.44765,19.4,65,1,"37/8A → 113Y/H","37/8A: Ecil Bus Terminal → Rbi Birlamandir (11 stops) | 113Y/H: Rbi Birlamandir → Ameerpet (8 stops)"
"Ecil Bus Terminal","Gandipet X Road",17.47253,78.57006,17.38500,78.33100,32.4,109,2,"3 → 1JK → 94/220K","3: Ecil Bus Terminal → Cbs (21 stops) | 1JK: Cbs → Langar House (10 stops) | 94/220K: Langar House → Gandipet X Road (13 stops)"
"Ecil Bus Terminal","Gachibowli",17.47253,78.57006,17.43966,78.36356,28.5,97,2,"37/8A → 5R → 6L","37/8A: Ecil Bus Terminal → Rbi Birlamandir (11 stops) | 5R: Rbi Birlamandir → Mahavir Hospital (3 stops) | 6L: Mahavir Hospital → Gachibowli X Road (7 stops)"
"Ecil Bus Terminal","Miyapur",17.47253,78.57006,17.49669,78.36077,24.4,82,1,"37/8A → 24N/219","37/8A: Ecil Bus Terminal → Officers Mess (5 stops) | 24N/219: Officers Mess → Miyapur (17 stops)"
"Ecil Bus Terminal","Sr Nagar",17.47253,78.57006,17.44027,78.44260,16.8,57,3,"37/8A → 16E → 147 → 10KM","37/8A: Ecil Bus Terminal → Aoc Centre (6 stops) | 16E: Aoc Centre → Jbs (3 stops) | 147: Jbs → Begumpet Hps (5 stops) | 10KM: Begumpet Hps → Sr Nagar (5 stops)"
"Ecil Bus Terminal","Begumpet",17.47253,78.57006,17.10805,78.55358,48.8,164,2,"242YA → 203LWX → 203A/479","242YA: Ecil Bus Terminal → Manda Mallamma (18 stops) | 203LWX: Mandamallam → Kongara Kalan (15 stops) | 203A/479: Kongara Kalan → Begumpet (5 stops)"
"Ecil Bus Terminal","Tolichowki",17.47253,78.57006,17.39924,78.41552,21.3,71,2,"37/8A → 5R → 116G","37/8A: Ecil Bus Terminal → Rbi Birlamandir (11 stops) | 5R: Rbi Birlamandir → Mahavir Hospital (3 stops) | 116G: Mahavir Hospital → Tolichowki (4 stops)"
"Ecil Bus Terminal","Kondapur",17.47253,78.57006,17.46392,78.36725,16,55,3,"250X → 250C/R → 22/281 → 280B","250X: Ecil Bus Terminal → Cherlapally Bus Stand (7 stops) | 250C/R: Cherlapally Bus Stand → Rampally Village (3 stops) | 22/281: Rampally Village → Ghatkesar Bus Station (6 stops) | 280B: Ghatkesar Bus Station → Kondapur (3 stops)"
"Ecil Bus Terminal","Madhapur",17.47253,78.57006,17.63017,78.77482,31.3,105,1,"16AB/5K → 546","16AB/5K: Ecil Bus Terminal → Rampally X Road (4 stops) | 546: Rampally X Road → Madhapur (12 stops)"
"Ecil Bus Terminal","Shamshabad",17.47253,78.57006,17.26205,78.38824,32.3,108,1,"3 → 8R/251M","3: Ecil Bus Terminal → Afzalganj Central Library (22 stops) | 8R/251M: Afzalganj Central Library → Shamshabad (12 stops)"
"Secretariat","Secunderabad Railway Station",17.40812,78.47182,17.43426,78.50158,5.4,18,0,"AA","AA: Secretariat → Secunderabad Railway Station (4 stops)"
"Secretariat","Afzalgunj",17.40812,78.47182,17.37331,78.47693,4,14,1,"26/20 → AA","26/20: Secretariat → Nampally Railway Station (2 stops) | AA: Nampally Railway Station → Afzalgunj (2 stops)"
"Secretariat","Alugadda Bhavi",17.40812,78.47182,17.43531,78.51438,6.5,25,0,"16R/20P","16R/20P: Secretariat → Alugaddabavi (11 stops)"
"Secretariat","Patny",17.40812,78.47182,17.44318,78.49625,4.7,16,0,"5K","5K: Secretariat → Bata (4 stops)"
"Secretariat","Cbs",17.40812,78.47182,17.37823,78.48168,3.9,14,0,"116G","116G: Assembly → Cbs (3 stops)"
"Secretariat","Erragadda",17.40812,78.47182,17.45617,78.43378,6.9,24,0,"104R/218","104R/218: Secretariat → Erragadda (10 stops)"
"Secretariat","Gajularamaram X Road",17.40812,78.47182,17.50941,78.44817,16.3,55,1,"104R/218 → 171SM","104R/218: Secretariat → Moosapet (12 stops) | 171SM: Moosapet → Gajularamaram X Road (9 stops)"
"Secretariat","Jbs",17.40812,78.47182,17.44757,78.49664,5.4,18,1,"5K → 24B","5K: Secretariat → Bata (4 stops) | 24B: Bata → Jbs (2 stops)"
"Secretariat","Hayathnagar Bus Station",17.40812,78.47182,17.32732,78.60489,19.9,68,2,"83/272 → 107VR → 524","83/272: Secretariat → Tourist Hotel (10 stops) | 107VR: Tourist Hotel → Ntr Nagar (12 stops) | 524: Ntr Nagar → Hayathnagar Bus Station (8 stops)"
"Secretariat","Rathifile Bus Station",17.40812,78.47182,17.43457,78.50488,5.6,21,1,"16R/20P → 1X","16R/20P: Secretariat → Gandhi Hospital (7 stops) | 1X: Gandhi Hospital → Rathifile Bus Station (2 stops)"
"Secretariat","Nampally Public Garoaden",17.40812,78.47182,17.39628,78.47082,2.3,8,0,"26/20","26/20: Secretariat → Nampally Railway Station (2 stops)"
"Secretariat","Lakdikapool",17.40812,78.47182,17.40361,78.46497,0.9,4,0,"",""
"Secretariat","Ecil Bus Terminal",17.40812,78.47182,17.47253,78.57006,16.2,57,0,"16R/20P","16R/20P: Secretariat → Ecil Bus Terminal (27 stops)"
"Secretariat","Patancheruvu",17.40812,78.47182,17.52903,78.26428,28.4,95,0,"104R/218","104R/218: Secretariat → Patancheruvu (33 stops)"
"Secretariat","Darul Shifa",17.40812,78.47182,17.37327,78.48299,4.6,16,1,"26/20 → AA","26/20: Secretariat → Nampally Railway Station (2 stops) | AA: Nampally Railway Station → Afzalgunj (2 stops)"
"Secretariat","Plaza",17.40812,78.47182,17.44330,78.49066,4.7,16,0,"8/26S","8/26S: Secretariat → Plaza (6 stops)"
"Secretariat","Bluesea Cafe",17.40812,78.47182,17.43713,78.50515,5.6,20,0,"5K","5K: Secretariat → Ig Statue (6 stops)"
"Secretariat","Tarnaka",17.40812,78.47182,17.42571,78.53223,8.4,28,0,"6N/47W","6N/47W: Secretariat → Tarnaka (12 stops)"
"Secretariat","Lb Nagar X Road",17.40812,78.47182,17.34699,78.55013,13.8,48,1,"83/272 → 107VR","83/272: Secretariat → Tourist Hotel (10 stops) | 107VR: Tourist Hotel → Lb Nagar X Road (14 stops)"
"Secretariat","Lingampally Bs",17.40812,78.47182,17.49485,78.31689,21.6,72,0,"104R/218","104R/218: Secretariat → Lingampally Bs (26 stops)"
"Secretariat","Kukatpally",17.40812,78.47182,17.48385,78.41242,10.8,37,0,"104R/218","104R/218: Secretariat → Kukatpally (13 stops)"
"Secretariat","Jublee Bus Station",17.40812,78.47182,17.44761,78.49758,6.9,24,1,"AA → AC","AA: Secretariat → Secunderabad Railway Station (4 stops) | AC: Secunderabad Railway Station → Jublee Bus Station (2 stops)"
"Secretariat","Ibrahimpatnam Bus Station",17.40812,78.47182,17.19144,78.64766,34,115,2,"102B → 277K → 401","102B: Assembly → Is Sadan (10 stops) | 277K: Is Sadan → Bongloor X Road (11 stops) | 401: Bongloor X Road → Ibrahimpatnam Bus Station (3 stops)"
"Secretariat","Prashanth Nagar",17.40812,78.47182,17.47378,78.42698,9.1,34,0,"104R/218","104R/218: Secretariat → Moosapet (12 stops)"
"Secretariat","Moosapet",17.40812,78.47182,17.47081,78.42668,8.7,30,0,"104R/218","104R/218: Secretariat → Moosapet (12 stops)"
"Secretariat","Cherlapally Bus Stand",17.40812,78.47182,17.46329,78.61145,18.6,62,2,"6N/47W → 300/242 → 16A/281","6N/47W: Secretariat → Noma (20 stops) | 300/242: Noma → Hcl X Road (2 stops) | 16A/281: Hcl X Road → Cherlapally Bus Stand (3 stops)"
"Secretariat","Koti Medical College",17.40812,78.47182,17.38310,78.48282,3.4,12,0,"218I","218I: Assembly → Koti Medical College (3 stops)"
"Secretariat","Chadarghat",17.40812,78.47182,17.37722,78.49302,5,18,0,"102B","102B: Assembly → Chadarghat (5 stops)"
"Secretariat","Kachiguda X Road",17.40812,78.47182,17.39069,78.48938,5.2,19,0,"83/272","83/272: Secretariat → Kachiguda X Road (12 stops)"
"Secretariat","Gandimaisamma",17.40812,78.47182,17.57508,78.42319,24.1,81,1,"104R/218 → 83/272","104R/218: Secretariat → Moosapet (12 stops) | 83/272: Moosapet → Gandimaisamma (15 stops)"
"Secretariat","Mehdipatnam",17.40812,78.47182,17.39527,78.43980,3.8,14,0,"5R","5R: Secretariat → Mehdipatnam (6 stops)"
"Secretariat","Bata",17.40812,78.47182,17.43600,78.49370,3.9,13,0,"5K","5K: Secretariat → Bata (4 stops)"
"Secretariat","Jntu X Rd",17.40812,78.47182,17.49672,78.39445,13.3,45,0,"104R/218","104R/218: Secretariat → Jntu X Road (15 stops)"
"Secretariat","Super Bazar",17.40812,78.47182,17.37193,78.50992,6.5,23,1,"102B → 443","102B: Assembly → Chadarghat (5 stops) | 443: Chadarghat → Super Bazar (2 stops)"
"Secretariat","Race Course",17.40812,78.47182,17.45076,78.48820,5.7,19,0,"8/26S","8/26S: Secretariat → Race Course (7 stops)"
"Secretariat","Punjagutta",17.40812,78.47182,17.42645,78.45141,3,11,0,"104R/218","104R/218: Secretariat → Punjagutta (5 stops)"
"Secretariat","Balanagar",17.40812,78.47182,17.46697,78.44626,10.7,36,1,"8/26S → 431","8/26S: Secretariat → Race Course (7 stops) | 431: Race Course → Balanagar (4 stops)"
"Secretariat","Chintal",17.40812,78.47182,17.49540,78.45210,14.6,49,1,"104R/218 → 9X","104R/218: Secretariat → Moosapet (12 stops) | 9X: Moosapet → Chintal (7 stops)"
"Secretariat","Nanal Nagar",17.40812,78.47182,17.39620,78.42700,5.2,18,1,"5R → 113M/217","5R: Secretariat → Mehdipatnam (6 stops) | 113M/217: Mehdipatnam → Nanal Nagar (2 stops)"
"Secretariat","Abids Gpo",17.40812,78.47182,17.38757,78.47617,4.2,15,0,"218I","218I: Assembly → Abids Gpo (4 stops)"
"Secretariat","Kachiguda Railway Station",17.40812,78.47182,17.38950,78.49726,4,16,0,"83/272","83/272: Secretariat → Tourist Hotel (10 stops)"
"Secretariat","Ghatkesar Bus Station",17.40812,78.47182,17.45213,78.68231,24.1,81,3,"113T/L → 113K → 113M → 500","113T/L: Secretariat → Tilaknagar (7 stops) | 113K: Tilaknagar → Modern Bakery (4 stops) | 113M: Modern Bakery → Uppal X Road (2 stops) | 500: Uppal X Road → Ghatkesar Bus Station (2 stops)"
"Secretariat","Chengicherla",17.40812,78.47182,17.43313,78.60845,19.9,67,1,"6N/47W → 250S","6N/47W: Secretariat → Mallapur Bus Stop (19 stops) | 250S: Mallapur Bus Stop → Chengicherla (5 stops)"
"Secretariat","Quthbullapur X Rd",17.40812,78.47182,17.49890,78.45176,15,51,1,"104R/218 → 9X","104R/218: Secretariat → Moosapet (12 stops) | 9X: Moosapet → Quthbullapur X Rd (8 stops)"
"Secretariat","Shapur Nagar",17.40812,78.47182,17.51600,78.44690,17,57,1,"104R/218 → 9M/X","104R/218: Secretariat → Moosapet (12 stops) | 9M/X: Moosapet → Shapur Nagar (10 stops)"
"Secretariat","Panama Godown",17.40812,78.47182,17.33840,78.56864,15.8,54,2,"83/272 → 107VR → 524","83/272: Secretariat → Tourist Hotel (10 stops) | 107VR: Tourist Hotel → Ntr Nagar (12 stops) | 524: Ntr Nagar → Panama Godown (4 stops)"
"Secretariat","Gachibowli X Road",17.40812,78.47182,17.43903,78.36295,13.6,47,1,"5R → 10W","5R: Secretariat → Mehdipatnam (6 stops) | 10W: Mehdipatnam → Gachibowli X Road (10 stops)"
"Secretariat","Abids Grammar School",17.40812,78.47182,17.39333,78.47625,2,8,0,"222","222: Assembly → Abids Grammar School (2 stops)"
"Secretariat","Dilsukhnagar",17.40812,78.47182,17.36862,78.52366,9.4,33,1,"83/272 → 107VR","83/272: Secretariat → Tourist Hotel (10 stops) | 107VR: Tourist Hotel → Dilsukhnagar (8 stops)"
"Secretariat","Sathamrai",17.40812,78.47182,17.27452,78.40118,17.8,60,2,"26/20 → AA → 188","26/20: Secretariat → Nampally Railway Station (2 stops) | AA: Nampally Railway Station → Aramghar (4 stops) | 188: Aramghar → Sathamrai (4 stops)"
"Secretariat","Gajularam X Road",17.40812,78.47182,17.51010,78.44771,16.3,55,1,"104R/218 → 9M/X","104R/218: Secretariat → Moosapet (12 stops) | 9M/X: Moosapet → Gajularam X Road (9 stops)"
"Secretariat","Rc Puram",17.40812,78.47182,17.51362,78.28780,25.4,85,0,"104R/218","104R/218: Secretariat → Rc Puram (30 stops)"
"Secretariat","Kphb",17.40812,78.47182,17.49456,78.40081,12.6,43,0,"104R/218","104R/218: Secretariat → Kphb Metro Station (14 stops)"
"Secretariat","Pisal Banda",17.40812,78.47182,17.33995,78.50379,9.5,33,0,"102B","102B: Assembly → Pisal Banda (13 stops)"
"Secretariat","Police Lines",17.40812,78.47182,17.44365,78.47499,5.4,21,1,"AA → 49R","AA: Secretariat → Ranigunj (2 stops) | 49R: Ranigunj-1 Bus Depot → Police Lines (3 stops)"
"Secretariat","Uppal X Road",17.40812,78.47182,17.40126,78.56007,9.8,33,1,"113T/L → 113K","113T/L: Secretariat → Tilaknagar (7 stops) | 113K: Tilaknagar → Modern Bakery (4 stops)"
"Secretariat","Boats Club",17.40812,78.47182,17.42644,78.48664,2.6,9,0,"8","8: Secretariat → Boats Club (3 stops)"
"Secretariat","Womens College",17.40812,78.47182,17.38481,78.48762,3.7,15,0,"222","222: Assembly → Koti Maternity Hospital (4 stops)"
"Secretariat","Hydernagar",17.40812,78.47182,17.49919,78.38352,14.4,49,0,"104R/218","104R/218: Secretariat → Hydernagar (17 stops)"
"Secretariat","Charminar",17.40812,78.47182,17.35868,78.47403,6.5,22,2,"26/20 → AA → 253M","26/20: Secretariat → Nampally Railway Station (2 stops) | AA: Nampally Railway Station → Afzalgunj (2 stops) | 253M: Afzalgunj → Charminar (3 stops)"
"Secretariat","Hitech City",17.40812,78.47182,17.44995,78.38257,12.7,43,1,"104R/218 → 113Y/H","104R/218: Secretariat → Ameerpet (6 stops) | 113Y/H: Ameerpet → Hitech City (15 stops)"
"Secretariat","Ameerpet",17.40812,78.47182,17.43155,78.44765,3.8,13,0,"104R/218","104R/218: Secretariat → Ameerpet (6 stops)"
"Secretariat","Gandipet X Road",17.40812,78.47182,17.38500,78.33100,17,58,2,"5R → 65M/123 → 505","5R: Secretariat → Mehdipatnam (6 stops) | 65M/123: Mehdipatnam → Narsingi (11 stops) | 505: Narsingi → Gandipet X Road (4 stops)"
"Secretariat","Gachibowli",17.40812,78.47182,17.43966,78.36356,13.7,48,1,"5R → 10W","5R: Secretariat → Mehdipatnam (6 stops) | 10W: Mehdipatnam → Gachibowli X Road (10 stops)"
"Secretariat","Miyapur",17.40812,78.47182,17.49669,78.36077,17.2,58,0,"104R/218","104R/218: Secretariat → Miyapur (20 stops)"
"Secretariat","Sr Nagar",17.40812,78.47182,17.44027,78.44260,5.3,18,0,"104R/218","104R/218: Secretariat → Sr Nagar (8 stops)"
"Secretariat","Begumpet",17.40812,78.47182,17.10805,78.55358,38.8,131,1,"102B → 203A/479","102B: Assembly → Badangpet (20 stops) | 203A/479: Badangpet → Begumpet (14 stops)"
"Secretariat","Tolichowki",17.40812,78.47182,17.39924,78.41552,6.4,23,1,"5R → 116","5R: Secretariat → Mehdipatnam (6 stops) | 116: Mehdipatnam → Tolichowki (3 stops)"
"Secretariat","Kondapur",17.40812,78.47182,17.46392,78.36725,15.1,51,1,"104R/218 → 113Y/K","104R/218: Secretariat → Ameerpet (6 stops) | 113Y/K: Ameerpet → Kothaguda X Rd (17 stops)"
"Secretariat","Madhapur",17.40812,78.47182,17.63017,78.77482,47.5,162,2,"16R/20P → 16AB/5K → 546","16R/20P: Secretariat → Ecil Bus Terminal (27 stops) | 16AB/5K: Ecil Bus Terminal → Rampally X Road (4 stops) | 546: Rampally X Road → Madhapur (12 stops)"
"Secretariat","Shamshabad",17.40812,78.47182,17.26205,78.38824,19.6,66,1,"26/20 → AA","26/20: Secretariat → Nampally Railway Station (2 stops) | AA: Nampally Railway Station → Shamshabad (5 stops)"
"Patancheruvu","Secunderabad Railway Station",17.52903,78.26428,17.43426,78.50158,29.1,99,1,"217/300 → 224/219","217/300: Patancheruvu → Lingampally Bs (5 stops) | 224/219: Lingampally → Secunderabad Railway Station (13 stops)"
"Patancheruvu","Afzalgunj",17.52903,78.26428,17.37331,78.47693,31.4,107,1,"127K/H → AA","127K/H: Allwyn → Assembly (27 stops) | AA: Assembly → Afzalgunj (3 stops)"
"Patancheruvu","Alugadda Bhavi",17.52903,78.26428,17.43531,78.51438,30.4,103,2,"217/300 → 224/219 → 186","217/300: Patancheruvu → Lingampally Bs (5 stops) | 224/219: Lingampally → Secunderabad Railway Station (13 stops) | 186: Secunderabad Railway Station → Alugadda Bhavi (2 stops)"
"Patancheruvu","Patny",17.52903,78.26428,17.44318,78.49625,27.9,95,1,"217/300 → 224/219","217/300: Patancheruvu → Lingampally Bs (5 stops) | 224/219: Lingampally → Patny (12 stops)"
"Patancheruvu","Cbs",17.52903,78.26428,17.37823,78.48168,31.2,106,1,"127K/H → 116G","127K/H: Allwyn → Assembly (27 stops) | 116G: Assembly → Cbs (3 stops)"
"Patancheruvu","Erragadda",17.52903,78.26428,17.45617,78.43378,21.9,75,2,"217/300 → 224/219 → 113K","217/300: Patancheruvu → Lingampally Bs (5 stops) | 224/219: Lingampally → Kukatpally (6 stops) | 113K: Kukatpally → Erragadda (3 stops)"
"Patancheruvu","Gajularamaram X Road",17.52903,78.26428,17.50941,78.44817,23.6,81,2,"217/300 → 219P → 171KJ","217/300: Patancheruvu → Lingampally Bs (5 stops) | 219P: Lingampally → Kphb (5 stops) | 171KJ: Kphb → Gajularamaram X Road (14 stops)"
"Patancheruvu","Jbs",17.52903,78.26428,17.44757,78.49664,27.8,96,2,"217/300 → 224/219 → 511","217/300: Patancheruvu → Lingampally Bs (5 stops) | 224/219: Lingampally → Tadbund (10 stops) | 511: Tadbund → Jublee Bus Station (2 stops)"
"Patancheruvu","Hayathnagar Bus Station",17.52903,78.26428,17.32732,78.60489,46,155,0,"127K/H","127K/H: Allwyn → Hayathnagar Bus Station (51 stops)"
"Patancheruvu","Rathifile Bus Station",17.52903,78.26428,17.43457,78.50488,29.4,100,1,"217/300 → 224/219","217/300: Patancheruvu → Lingampally Bs (5 stops) | 224/219: Lingampally → Secunderabad Railway Station (13 stops)"
"Patancheruvu","Nampally Public Garoaden",17.52903,78.26428,17.39628,78.47082,31.2,105,1,"217/300 → 116N/L","217/300: Patancheruvu → Nanal Nagar (18 stops) | 116N/L: Nanal Nagar → Nampally Public Garoaden (8 stops)"
"Patancheruvu","Lakdikapool",17.52903,78.26428,17.40361,78.46497,27.2,93,0,"127K/H","127K/H: Allwyn → Lakdikapool (26 stops)"
"Patancheruvu","Ecil Bus Terminal",17.52903,78.26428,17.47253,78.57006,38.3,132,2,"217/300 → 224/219 → 37/8A","217/300: Patancheruvu → Lingampally Bs (5 stops) | 224/219: Lingampally → Patny (12 stops) | 37/8A: Clock Tower → Ecil Bus Terminal (7 stops)"
"Patancheruvu","Secretariat",17.52903,78.26428,17.40812,78.47182,28.2,96,1,"127K/H → 5K","127K/H: Allwyn → Mahavir Hospital (24 stops) | 5K: Mahavir Hospital → Secretariat (3 stops)"
"Patancheruvu","Darul Shifa",17.52903,78.26428,17.37327,78.48299,32,109,1,"127K/H → AA","127K/H: Allwyn → Assembly (27 stops) | AA: Assembly → Afzalgunj (3 stops)"
"Patancheruvu","Plaza",17.52903,78.26428,17.44330,78.49066,27.6,94,1,"217/300 → 224/219","217/300: Patancheruvu → Lingampally Bs (5 stops) | 224/219: Lingampally → Race Course (11 stops)"
"Patancheruvu","Bluesea Cafe",17.52903,78.26428,17.43713,78.50515,29.1,99,2,"217/300 → 224/219 → 227G","217/300: Patancheruvu → Lingampally Bs (5 stops) | 224/219: Lingampally → Patny (12 stops) | 227G: Patny → Bluesea Cafe (3 stops)"
"Patancheruvu","Tarnaka",17.52903,78.26428,17.42571,78.53223,32.6,111,2,"217/300 → 224/219 → 186","217/300: Patancheruvu → Lingampally Bs (5 stops) | 224/219: Lingampally → Secunderabad Railway Station (13 stops) | 186: Secunderabad Railway Station → Tarnaka (3 stops)"
"Patancheruvu","Lb Nagar X Road",17.52903,78.26428,17.34699,78.55013,39.9,135,0,"127K/H","127K/H: Allwyn → Lb Nagar X Road (44 stops)"
"Patancheruvu","Lingampally Bs",17.52903,78.26428,17.49485,78.31689,6.9,24,0,"217/300","217/300: Patancheruvu → Lingampally Bs (5 stops)"
"Patancheruvu","Kukatpally",17.52903,78.26428,17.48385,78.41242,17.6,61,1,"217/300 → 224/219","217/300: Patancheruvu → Lingampally Bs (5 stops) | 224/219: Lingampally → Kukatpally (6 stops)"
"Patancheruvu","Jublee Bus Station",17.52903,78.26428,17.44761,78.49758,27.7,94,2,"217/300 → 224/219 → 511","217/300: Patancheruvu → Lingampally Bs (5 stops) | 224/219: Lingampally → Tadbund (10 stops) | 511: Tadbund → Jublee Bus Station (2 stops)"
"Patancheruvu","Ibrahimpatnam Bus Station",17.52903,78.26428,17.19144,78.64766,61.2,206,2,"127K/H → 277Y → 401","127K/H: Allwyn → Chadarghat (32 stops) | 277Y: Chadarghat → Turkyamjal (10 stops) | 401: Turkyamjal → Ibrahimpatnam Bus Station (4 stops)"
"Patancheruvu","Prashanth Nagar",17.52903,78.26428,17.47378,78.42698,19.5,69,1,"217/300 → 224/219","217/300: Patancheruvu → Lingampally Bs (5 stops) | 224/219: Lingampally → Prashanth Ngr (7 stops)"
"Patancheruvu","Moosapet",17.52903,78.26428,17.47081,78.42668,19.5,67,2,"217/300 → 224/219 → 113K","217/300: Patancheruvu → Lingampally Bs (5 stops) | 224/219: Lingampally → Kukatpally (6 stops) | 113K: Kukatpally → Moosapet (2 stops)"
"Patancheruvu","Cherlapally Bus Stand",17.52903,78.26428,17.46329,78.61145,44,151,3,"217/300 → 224/219 → 37/8A → 17HC","217/300: Patancheruvu → Lingampally Bs (5 stops) | 224/219: Lingampally → Patny (12 stops) | 37/8A: Clock Tower → Kushaiguda (8 stops) | 17HC: Kushaiguda → Cherlapally Bus Stand (4 stops)"
"Patancheruvu","Koti Medical College",17.52903,78.26428,17.38310,78.48282,30.6,104,1,"127K/H → 116G","127K/H: Allwyn → Assembly (27 stops) | 116G: Assembly → Koti Medical College (2 stops)"
"Patancheruvu","Chadarghat",17.52903,78.26428,17.37722,78.49302,32.3,110,0,"127K/H","127K/H: Allwyn → Chadarghat (32 stops)"
"Patancheruvu","Kachiguda X Road",17.52903,78.26428,17.39069,78.48938,32.1,108,3,"217/300 → 224/219 → 40 → 83/272","217/300: Patancheruvu → Rc Puram Bus Stop (3 stops) | 224/219: Rc Puram Bus Stop → Ashok Nagar (2 stops) | 40: Ashok Nagar → Old M L A Quarters (5 stops) | 83/272: Old M L A Quarters → Kachiguda X Road (7 stops)"
"Patancheruvu","Gandimaisamma",17.52903,78.26428,17.57508,78.42319,25.8,88,2,"217/300 → 219P → 219/229","217/300: Patancheruvu → Lingampally Bs (5 stops) | 219P: Lingampally → Miyapur (3 stops) | 219/229: Miyapur → Gandimaisamma (12 stops)"
"Patancheruvu","Mehdipatnam",17.52903,78.26428,17.39527,78.43980,25.3,85,1,"217/300 → 5G","217/300: Patancheruvu → Nanal Nagar (18 stops) | 5G: Nanal Nagar → Mehdipatnam (2 stops)"
"Patancheruvu","Bata",17.52903,78.26428,17.43600,78.49370,28.7,98,1,"217/300 → 224/219","217/300: Patancheruvu → Lingampally Bs (5 stops) | 224/219: Lingampally → Patny (12 stops)"
"Patancheruvu","Jntu X Rd",17.52903,78.26428,17.49672,78.39445,15.2,52,2,"217/300 → 219P → 219","217/300: Patancheruvu → Lingampally Bs (5 stops) | 219P: Lingampally → Hydernagar (4 stops) | 219: Hydernagar → Jntu X Rd (2 stops)"
"Patancheruvu","Super Bazar",17.52903,78.26428,17.37193,78.50992,33.8,115,0,"127K/H","127K/H: Allwyn → Super Bazar (35 stops)"
"Patancheruvu","Race Course",17.52903,78.26428,17.45076,78.48820,26.7,91,1,"217/300 → 224/219","217/300: Patancheruvu → Lingampally Bs (5 stops) | 224/219: Lingampally → Race Course (11 stops)"
"Patancheruvu","Punjagutta",17.52903,78.26428,17.42645,78.45141,25.3,86,2,"217/300 → 224/219 → 19MP/272","217/300: Patancheruvu → Lingampally Bs (5 stops) | 224/219: Lingampally → Kukatpally (6 stops) | 19MP/272: Kukatpally → Punjagutta (5 stops)"
"Patancheruvu","Balanagar",17.52903,78.26428,17.46697,78.44626,21.7,74,1,"217/300 → 224/219","217/300: Patancheruvu → Lingampally Bs (5 stops) | 224/219: Lingampally → Balanagar (8 stops)"
"Patancheruvu","Chintal",17.52903,78.26428,17.49540,78.45210,24.9,85,2,"217/300 → 224/219 → 171Y","217/300: Patancheruvu → Lingampally Bs (5 stops) | 224/219: Lingampally → Balanagar (8 stops) | 171Y: Balanagar → Chintal (5 stops)"
"Patancheruvu","Nanal Nagar",17.52903,78.26428,17.39620,78.42700,24,81,0,"217/300","217/300: Patancheruvu → Nanal Nagar (18 stops)"
"Patancheruvu","Abids Gpo",17.52903,78.26428,17.38757,78.47617,32.3,109,1,"217/300 → 116N/L","217/300: Patancheruvu → Nanal Nagar (18 stops) | 116N/L: Nanal Nagar → Abids Gpo (9 stops)"
"Patancheruvu","Kachiguda Railway Station",17.52903,78.26428,17.38950,78.49726,30.9,106,3,"217/300 → 224/219 → 40 → 83/272","217/300: Patancheruvu → Rc Puram Bus Stop (3 stops) | 224/219: Rc Puram Bus Stop → Ashok Nagar (2 stops) | 40: Ashok Nagar → Old M L A Quarters (5 stops) | 83/272: Old M L A Quarters → Tourist Hotel (5 stops)"
"Patancheruvu","Ghatkesar Bus Station",17.52903,78.26428,17.45213,78.68231,50.7,171,3,"217/300 → 224/219 → 290/186 → 500","217/300: Patancheruvu → Lingampally Bs (5 stops) | 224/219: Lingampally → Secunderabad Railway Station (13 stops) | 290/186: Secunderabad Railway Station → Uppal X Road (6 stops) | 500: Uppal X Road → Ghatkesar Bus Station (2 stops)"
"Patancheruvu","Chengicherla",17.52903,78.26428,17.43313,78.60845,43.6,147,2,"217/300 → 224/219 → 6X","217/300: Patancheruvu → Rc Puram Bus Stop (3 stops) | 224/219: Rc Puram Bus Stop → Ashok Nagar (2 stops) | 6X: Ashok Nagar → Chengicherla (23 stops)"
"Patancheruvu","Quthbullapur X Rd",17.52903,78.26428,17.49890,78.45176,25.3,86,2,"217/300 → 224/219 → 250C/30","217/300: Patancheruvu → Lingampally Bs (5 stops) | 224/219: Lingampally → Balanagar (8 stops) | 250C/30: Balanagar → Quthbullapur X Rd (6 stops)"
"Patancheruvu","Shapur Nagar",17.52903,78.26428,17.51600,78.44690,24.2,83,2,"217/300 → 219P → 171KJ","217/300: Patancheruvu → Lingampally Bs (5 stops) | 219P: Lingampally → Kphb (5 stops) | 171KJ: Kphb → Shapur Nagar (15 stops)"
"Patancheruvu","Panama Godown",17.52903,78.26428,17.33840,78.56864,42,142,0,"127K/H","127K/H: Allwyn → Panama Godown (47 stops)"
"Patancheruvu","Gachibowli X Road",17.52903,78.26428,17.43903,78.36295,15.7,53,0,"217/300","217/300: Patancheruvu → Gachibowli X Road (11 stops)"
"Patancheruvu","Abids Grammar School",17.52903,78.26428,17.39333,78.47625,29.4,100,0,"127K/H","127K/H: Allwyn → Abids Grammar School (29 stops)"
"Patancheruvu","Dilsukhnagar",17.52903,78.26428,17.36862,78.52366,35.4,120,0,"127K/H","127K/H: Allwyn → Dilsukhnagar (37 stops)"
"Patancheruvu","Sathamrai",17.52903,78.26428,17.27452,78.40118,39.3,132,1,"217/300 → 85M","217/300: Patancheruvu → Shivrampally (26 stops) | 85M: Shivrampally → Sathamrai (4 stops)"
"Patancheruvu","Gajularam X Road",17.52903,78.26428,17.51010,78.44771,23.5,80,2,"217/300 → 219P → 171KJ","217/300: Patancheruvu → Lingampally Bs (5 stops) | 219P: Lingampally → Kphb (5 stops) | 171KJ: Kphb → Gajularam X Road (14 stops)"
"Patancheruvu","Rc Puram",17.52903,78.26428,17.51362,78.28780,3.1,11,0,"300A/217","300A/217: Patancheruvu → Rc Puram (3 stops)"
"Patancheruvu","Kphb",17.52903,78.26428,17.49456,78.40081,15.9,55,1,"217/300 → 219P","217/300: Patancheruvu → Lingampally Bs (5 stops) | 219P: Lingampally → Kphb (5 stops)"
"Patancheruvu","Pisal Banda",17.52903,78.26428,17.33995,78.50379,36.8,125,2,"127K/H → 277K → 460","127K/H: Allwyn → Chadarghat (32 stops) | 277K: Chadarghat → Is Sadan (5 stops) | 460: Is Sadan → Pisal Banda (3 stops)"
"Patancheruvu","Police Lines",17.52903,78.26428,17.44365,78.47499,27.8,96,2,"127K/H → 10HW → 10JB","127K/H: Allwyn → Madhapur Ps (12 stops) | 10HW: Madhapur Ps → Greenland/ Rj College (7 stops) | 10JB: Rj College → Police Lines (2 stops)"
"Patancheruvu","Uppal X Road",17.52903,78.26428,17.40126,78.56007,36.7,124,2,"217/300 → 224/219 → 290/186","217/300: Patancheruvu → Lingampally Bs (5 stops) | 224/219: Lingampally → Secunderabad Railway Station (13 stops) | 290/186: Secunderabad Railway Station → Uppal X Road (6 stops)"
"Patancheruvu","Boats Club",17.52903,78.26428,17.42644,78.48664,30.7,104,1,"127K/H → 5K","127K/H: Allwyn → Mahavir Hospital (24 stops) | 5K: Mahavir Hospital → Boats Club (4 stops)"
"Patancheruvu","Womens College",17.52903,78.26428,17.38481,78.48762,31.1,107,0,"127K/H","127K/H: Allwyn → Koti Bank Strret (30 stops)"
"Patancheruvu","Hydernagar",17.52903,78.26428,17.49919,78.38352,14,49,1,"217/300 → 219P","217/300: Patancheruvu → Lingampally Bs (5 stops) | 219P: Lingampally → Hydernagar (4 stops)"
"Patancheruvu","Charminar",17.52903,78.26428,17.35868,78.47403,33.9,115,2,"127K/H → AA → 253M","127K/H: Allwyn → Assembly (27 stops) | AA: Assembly → Afzalgunj (3 stops) | 253M: Afzalgunj → Charminar (3 stops)"
"Patancheruvu","Hitech City",17.52903,78.26428,17.44995,78.38257,16,55,0,"127K/H","127K/H: Allwyn → Hitech City (9 stops)"
"Patancheruvu","Ameerpet",17.52903,78.26428,17.43155,78.44765,24.8,84,1,"127K/H → 10HW","127K/H: Allwyn → Madhapur Ps (12 stops) | 10HW: Madhapur Ps → Sr Nagar (6 stops)"
"Patancheruvu","Gandipet X Road",17.52903,78.26428,17.38500,78.33100,24.5,84,2,"217/300 → 316 → 120","217/300: Patancheruvu → Gachibowli X Road (11 stops) | 316: Gachibowli Orr → Manchirevula X Road (4 stops) | 120: Manchirevula X Road → Gandipet X Road (4 stops)"
"Patancheruvu","Gachibowli",17.52903,78.26428,17.43966,78.36356,15.9,56,0,"217/300","217/300: Patancheruvu → Gachibowli X Road (11 stops)"
"Patancheruvu","Miyapur",17.52903,78.26428,17.49669,78.36077,11.5,40,1,"217/300 → 219P","217/300: Patancheruvu → Lingampally Bs (5 stops) | 219P: Lingampally → Miyapur (3 stops)"
"Patancheruvu","Sr Nagar",17.52903,78.26428,17.44027,78.44260,24,82,1,"127K/H → 10HW","127K/H: Allwyn → Madhapur Ps (12 stops) | 10HW: Madhapur Ps → Sr Nagar (6 stops)"
"Patancheruvu","Begumpet",17.52903,78.26428,17.10805,78.55358,64.2,215,2,"217/300 → 471/92C → 478","217/300: Patancheruvu → Nanal Nagar (18 stops) | 471/92C: Rethi Bowli → Imamguda (9 stops) | 478: Imamguda → Begumpet (7 stops)"
"Patancheruvu","Tolichowki",17.52903,78.26428,17.39924,78.41552,22.6,77,0,"217/300","217/300: Patancheruvu → Tolichowki (17 stops)"
"Patancheruvu","Kondapur",17.52903,78.26428,17.46392,78.36725,13.5,46,0,"127K/H","127K/H: Allwyn → Kondapur (4 stops)"
"Patancheruvu","Madhapur",17.52903,78.26428,17.63017,78.77482,69.6,237,3,"217/300 → 224/219 → 37/8A → 546","217/300: Patancheruvu → Lingampally Bs (5 stops) | 224/219: Lingampally → Patny (12 stops) | 37/8A: Clock Tower → Kushaiguda (8 stops) | 546: Kushaiguda → Madhapur (14 stops)"
"Patancheruvu","Shamshabad",17.52903,78.26428,17.26205,78.38824,37.5,127,1,"217/300 → 315","217/300: Patancheruvu → Gachibowli X Road (11 stops) | 315: Gachibowli Orr → Shamshabad (4 stops)"
"Darul Shifa","Secunderabad Railway Station",17.37327,78.48299,17.43426,78.50158,10.1,34,1,"277MP → AA","277MP: Darul Shifa → Nampally Railway Station (4 stops) | AA: Nampally Railway Station → Secunderabad Railway Station (6 stops)"
"Darul Shifa","Afzalgunj",17.37327,78.48299,17.37331,78.47693,0.6,3,0,"",""
"Darul Shifa","Alugadda Bhavi",17.37327,78.48299,17.43531,78.51438,11.5,39,2,"277MP → AA → 186","277MP: Darul Shifa → Nampally Railway Station (4 stops) | AA: Nampally Railway Station → Secunderabad Railway Station (6 stops) | 186: Secunderabad Railway Station → Alugadda Bhavi (2 stops)"
"Darul Shifa","Patny",17.37327,78.48299,17.44318,78.49625,9.3,31,1,"277MP → 8A/67L","277MP: Darul Shifa → Nampally Railway Station (4 stops) | 8A/67L: Nampally Railway Station → Bata (8 stops)"
"Darul Shifa","Cbs",17.37327,78.48299,17.37823,78.48168,1.4,5,0,"",""
"Darul Shifa","Erragadda",17.37327,78.48299,17.45617,78.43378,11.1,38,1,"277MP → 113K","277MP: Darul Shifa → Lakdikapool Pushpak (6 stops) | 113K: Lakdikapool → Erragadda (5 stops)"
"Darul Shifa","Gajularamaram X Road",17.37327,78.48299,17.50941,78.44817,20.4,69,2,"277MP → 113K → 171SM","277MP: Darul Shifa → Lakdikapool Pushpak (6 stops) | 113K: Lakdikapool → Moosapet (6 stops) | 171SM: Moosapet → Gajularamaram X Road (9 stops)"
"Darul Shifa","Jbs",17.37327,78.48299,17.44757,78.49664,10,34,2,"277MP → 8A/67L → 24B","277MP: Darul Shifa → Nampally Railway Station (4 stops) | 8A/67L: Nampally Railway Station → Bata (8 stops) | 24B: Bata → Jbs (2 stops)"
"Darul Shifa","Hayathnagar Bus Station",17.37327,78.48299,17.32732,78.60489,15.2,52,0,"525","525: Darul Shifa → Hayathnagar Bus Station (24 stops)"
"Darul Shifa","Rathifile Bus Station",17.37327,78.48299,17.43457,78.50488,8.3,28,2,"72/208C → 3K/102 → 102","72/208C: Darul Shifa → Jail Garden (3 stops) | 3K/102: Jail Garden → Ramkoti (3 stops) | 102: Ramkoti → Rathifile Bus Station (10 stops)"
"Darul Shifa","Nampally Public Garoaden",17.37327,78.48299,17.39628,78.47082,3.3,12,0,"277MP","277MP: Darul Shifa → Nampally Public Garoaden (5 stops)"
"Darul Shifa","Lakdikapool",17.37327,78.48299,17.40361,78.46497,4.4,15,0,"277MP","277MP: Darul Shifa → Lakdikapool Pushpak (6 stops)"
"Darul Shifa","Ecil Bus Terminal",17.37327,78.48299,17.47253,78.57006,17.5,59,1,"72/208C → 3K/102","72/208C: Darul Shifa → Jail Garden (3 stops) | 3K/102: Jail Garden → Ecil Bus Terminal (23 stops)"
"Darul Shifa","Secretariat",17.37327,78.48299,17.40812,78.47182,4.6,16,1,"277MP → 277S","277MP: Darul Shifa → Nampally Railway Station (4 stops) | 277S: Nampally Railway Station → Secretariat (2 stops)"
"Darul Shifa","Patancheruvu",17.37327,78.48299,17.52903,78.26428,33,111,1,"277MP → 222A","277MP: Darul Shifa → Mahavir Hospital (7 stops) | 222A: Mahavir Hospital → Patancheruvu (35 stops)"
"Darul Shifa","Plaza",17.37327,78.48299,17.44330,78.49066,9.2,31,2,"277MP → 8A/67L → 8/26S","277MP: Darul Shifa → Nampally Railway Station (4 stops) | 8A/67L: Nampally Railway Station → Middle Tank Bund (5 stops) | 8/26S: Middle Tank Bund → Plaza (5 stops)"
"Darul Shifa","Bluesea Cafe",17.37327,78.48299,17.43713,78.50515,10.3,35,1,"277MP → 8A/67L","277MP: Darul Shifa → Nampally Railway Station (4 stops) | 8A/67L: Nampally Railway Station → Sangeeth (10 stops)"
"Darul Shifa","Tarnaka",17.37327,78.48299,17.42571,78.53223,9.5,32,1,"72/208C → 3K/102","72/208C: Darul Shifa → Jail Garden (3 stops) | 3K/102: Jail Garden → Tarnaka (12 stops)"
"Darul Shifa","Lb Nagar X Road",17.37327,78.48299,17.34699,78.55013,8.9,30,0,"72/208C","72/208C: Darul Shifa → Lb Nagar X Road (12 stops)"
"Darul Shifa","Lingampally Bs",17.37327,78.48299,17.49485,78.31689,26.1,88,1,"277MP → 222A","277MP: Darul Shifa → Mahavir Hospital (7 stops) | 222A: Mahavir Hospital → Lingampally Bs (28 stops)"
"Darul Shifa","Kukatpally",17.37327,78.48299,17.48385,78.41242,15,51,1,"277MP → 113K","277MP: Darul Shifa → Lakdikapool Pushpak (6 stops) | 113K: Lakdikapool → Kukatpally (7 stops)"
"Darul Shifa","Jublee Bus Station",17.37327,78.48299,17.44761,78.49758,11.7,39,2,"277MP → AA → AC","277MP: Darul Shifa → Nampally Railway Station (4 stops) | AA: Nampally Railway Station → Secunderabad Railway Station (6 stops) | AC: Secunderabad Railway Station → Jublee Bus Station (2 stops)"
"Darul Shifa","Ibrahimpatnam Bus Station",17.37327,78.48299,17.19144,78.64766,30.4,102,2,"525 → 277Y → 401","525: Darul Shifa → Chadarghat (3 stops) | 277Y: Chadarghat → Turkyamjal (10 stops) | 401: Turkyamjal → Ibrahimpatnam Bus Station (4 stops)"
"Darul Shifa","Prashanth Nagar",17.37327,78.48299,17.47378,78.42698,12.4,42,1,"72/208C → 3K/102","72/208C: Darul Shifa → Jail Garden (3 stops) | 3K/102: Jail Garden → Lalapet (15 stops)"
"Darul Shifa","Moosapet",17.37327,78.48299,17.47081,78.42668,12.9,44,1,"277MP → 113K","277MP: Darul Shifa → Lakdikapool Pushpak (6 stops) | 113K: Lakdikapool → Moosapet (6 stops)"
"Darul Shifa","Cherlapally Bus Stand",17.37327,78.48299,17.46329,78.61145,23.1,78,2,"72/208C → 3K/102 → 250X","72/208C: Darul Shifa → Jail Garden (3 stops) | 3K/102: Jail Garden → Ecil Bus Terminal (23 stops) | 250X: Ecil Bus Terminal → Cherlapally Bus Stand (7 stops)"
"Darul Shifa","Koti Medical College",17.37327,78.48299,17.38310,78.48282,0.9,5,0,"",""
"Darul Shifa","Chadarghat",17.37327,78.48299,17.37722,78.49302,1.5,6,0,"525","525: Darul Shifa → Chadarghat (3 stops)"
"Darul Shifa","Kachiguda X Road",17.37327,78.48299,17.39069,78.48938,5.2,18,1,"72/208C → 3K/102","72/208C: Darul Shifa → Jail Garden (3 stops) | 3K/102: Jail Garden → Kachiguda X Road (6 stops)"
"Darul Shifa","Gandimaisamma",17.37327,78.48299,17.57508,78.42319,22.8,77,0,"525","525: Darul Shifa → Gandimaisamma (29 stops)"
"Darul Shifa","Mehdipatnam",17.37327,78.48299,17.39527,78.43980,7.2,25,0,"277MP","277MP: Darul Shifa → Mehdipatnam (9 stops)"
"Darul Shifa","Bata",17.37327,78.48299,17.43600,78.49370,8.5,29,1,"277MP → 8A/67L","277MP: Darul Shifa → Nampally Railway Station (4 stops) | 8A/67L: Nampally Railway Station → Bata (8 stops)"
"Darul Shifa","Jntu X Rd",17.37327,78.48299,17.49672,78.39445,17.4,59,1,"277MP → 113K","277MP: Darul Shifa → Lakdikapool Pushpak (6 stops) | 113K: Lakdikapool → Kphb Main Road (8 stops)"
"Darul Shifa","Super Bazar",17.37327,78.48299,17.37193,78.50992,3.1,11,0,"525","525: Darul Shifa → Super Bazar (5 stops)"
"Darul Shifa","Race Course",17.37327,78.48299,17.45076,78.48820,10.2,34,2,"277MP → 8A/67L → 8/26S","277MP: Darul Shifa → Nampally Railway Station (4 stops) | 8A/67L: Nampally Railway Station → Middle Tank Bund (5 stops) | 8/26S: Middle Tank Bund → Race Course (6 stops)"
"Darul Shifa","Punjagutta",17.37327,78.48299,17.42645,78.45141,7.2,25,1,"277MP → 113K","277MP: Darul Shifa → Lakdikapool Pushpak (6 stops) | 113K: Lakdikapool → Nims Hospital (3 stops)"
"Darul Shifa","Balanagar",17.37327,78.48299,17.46697,78.44626,15.2,51,3,"277MP → 8A/67L → 8/26S → 431","277MP: Darul Shifa → Nampally Railway Station (4 stops) | 8A/67L: Nampally Railway Station → Middle Tank Bund (5 stops) | 8/26S: Middle Tank Bund → Race Course (6 stops) | 431: Race Course → Balanagar (4 stops)"
"Darul Shifa","Chintal",17.37327,78.48299,17.49540,78.45210,18.8,63,2,"277MP → 113K → 9X","277MP: Darul Shifa → Lakdikapool Pushpak (6 stops) | 113K: Lakdikapool → Moosapet (6 stops) | 9X: Moosapet → Chintal (7 stops)"
"Darul Shifa","Nanal Nagar",17.37327,78.48299,17.39620,78.42700,8.6,29,1,"277MP → 113M/217","277MP: Darul Shifa → Mehdipatnam (9 stops) | 113M/217: Mehdipatnam → Nanal Nagar (2 stops)"
"Darul Shifa","Abids Gpo",17.37327,78.48299,17.38757,78.47617,2.3,8,0,"116G","116G: Afzalgunj → Abids Gpo (3 stops)"
"Darul Shifa","Kachiguda Railway Station",17.37327,78.48299,17.38950,78.49726,3.6,12,0,"65K/123","65K/123: Afzalgunj → Kachiguda Railway Station (4 stops)"
"Darul Shifa","Ghatkesar Bus Station",17.37327,78.48299,17.45213,78.68231,25.4,85,3,"72/208C → 3K/102 → 113Z/M → 500","72/208C: Darul Shifa → Jail Garden (3 stops) | 3K/102: Jail Garden → Fever Hospital (6 stops) | 113Z/M: Fever Hospital → Uppal X Road (10 stops) | 500: Uppal X Road → Ghatkesar Bus Station (2 stops)"
"Darul Shifa","Chengicherla",17.37327,78.48299,17.43313,78.60845,25.4,86,3,"72/208C → 3K/102 → 250E → 18CR","72/208C: Darul Shifa → Jail Garden (3 stops) | 3K/102: Jail Garden → Ecil Bus Terminal (23 stops) | 250E: Ecil Bus Terminal → Cherlapally Railway Station (5 stops) | 18CR: Cherlapally Railway Station → Chengicherla (3 stops)"
"Darul Shifa","Quthbullapur X Rd",17.37327,78.48299,17.49890,78.45176,19.2,65,2,"277MP → 113K → 9X","277MP: Darul Shifa → Lakdikapool Pushpak (6 stops) | 113K: Lakdikapool → Moosapet (6 stops) | 9X: Moosapet → Quthbullapur X Rd (8 stops)"
"Darul Shifa","Shapur Nagar",17.37327,78.48299,17.51600,78.44690,21.2,71,2,"277MP → 113K → 9M/X","277MP: Darul Shifa → Lakdikapool Pushpak (6 stops) | 113K: Lakdikapool → Moosapet (6 stops) | 9M/X: Moosapet → Shapur Nagar (10 stops)"
"Darul Shifa","Panama Godown",17.37327,78.48299,17.33840,78.56864,11.2,38,0,"525","525: Darul Shifa → Panama Godown (17 stops)"
"Darul Shifa","Gachibowli X Road",17.37327,78.48299,17.43903,78.36295,17,57,1,"277MP → 10W","277MP: Darul Shifa → Mehdipatnam (9 stops) | 10W: Mehdipatnam → Gachibowli X Road (10 stops)"
"Darul Shifa","Abids Grammar School",17.37327,78.48299,17.39333,78.47625,4.1,14,1,"277MP → 1M/D","277MP: Darul Shifa → Nampally Railway Station (4 stops) | 1M/D: Nampally Railway Station → Abids Grammar School (3 stops)"
"Darul Shifa","Dilsukhnagar",17.37327,78.48299,17.36862,78.52366,4.6,16,0,"72/208C","72/208C: Darul Shifa → Dilsukhnagar (7 stops)"
"Darul Shifa","Sathamrai",17.37327,78.48299,17.27452,78.40118,14.5,49,1,"AA → 188","AA: Afzalgunj → Aramghar (3 stops) | 188: Aramghar → Sathamrai (4 stops)"
"Darul Shifa","Gajularam X Road",17.37327,78.48299,17.51010,78.44771,20.5,69,2,"277MP → 113K → 9M/X","277MP: Darul Shifa → Lakdikapool Pushpak (6 stops) | 113K: Lakdikapool → Moosapet (6 stops) | 9M/X: Moosapet → Gajularam X Road (9 stops)"
"Darul Shifa","Rc Puram",17.37327,78.48299,17.51362,78.28780,29.9,101,1,"277MP → 222A","277MP: Darul Shifa → Mahavir Hospital (7 stops) | 222A: Mahavir Hospital → Rc Puram (32 stops)"
"Darul Shifa","Kphb",17.37327,78.48299,17.49456,78.40081,16.7,60,1,"277MP → 113K","277MP: Darul Shifa → Lakdikapool Pushpak (6 stops) | 113K: Lakdikapool → Kphb Main Road (8 stops)"
"Darul Shifa","Pisal Banda",17.37327,78.48299,17.33995,78.50379,6.1,22,2,"525 → 277K → 460","525: Darul Shifa → Chadarghat (3 stops) | 277K: Chadarghat → Is Sadan (5 stops) | 460: Is Sadan → Pisal Banda (3 stops)"
"Darul Shifa","Police Lines",17.37327,78.48299,17.44365,78.47499,10.2,37,2,"277MP → AA → 49R","277MP: Darul Shifa → Nampally Railway Station (4 stops) | AA: Nampally Railway Station → Ranigunj (4 stops) | 49R: Ranigunj-1 Bus Depot → Police Lines (3 stops)"
"Darul Shifa","Uppal X Road",17.37327,78.48299,17.40126,78.56007,11.4,39,2,"72/208C → 3K/102 → 113Z/M","72/208C: Darul Shifa → Jail Garden (3 stops) | 3K/102: Jail Garden → Fever Hospital (6 stops) | 113Z/M: Fever Hospital → Uppal X Road (10 stops)"
"Darul Shifa","Boats Club",17.37327,78.48299,17.42644,78.48664,7.4,25,1,"277MP → 8A/67L","277MP: Darul Shifa → Nampally Railway Station (4 stops) | 8A/67L: Nampally Railway Station → Boats Club (6 stops)"
"Darul Shifa","Womens College",17.37327,78.48299,17.38481,78.48762,2.3,9,1,"72/208C → 152","72/208C: Darul Shifa → Jail Garden (3 stops) | 152: Chadarghat → Womens College (2 stops)"
"Darul Shifa","Hydernagar",17.37327,78.48299,17.49919,78.38352,18.6,63,2,"277MP → 113K → 10MN","277MP: Darul Shifa → Lakdikapool Pushpak (6 stops) | 113K: Lakdikapool → Kphb Main Road (8 stops) | 10MN: Kphb Main Road → Hydernagar (3 stops)"
"Darul Shifa","Charminar",17.37327,78.48299,17.35868,78.47403,1.9,7,0,"253M","253M: Darul Shifa → Charminar (2 stops)"
"Darul Shifa","Hitech City",17.37327,78.48299,17.44995,78.38257,16.3,55,1,"277MP → 222A","277MP: Darul Shifa → Mahavir Hospital (7 stops) | 222A: Mahavir Hospital → Hitech City (15 stops)"
"Darul Shifa","Ameerpet",17.37327,78.48299,17.43155,78.44765,8,28,2,"277MP → 113K → 83J/A","277MP: Darul Shifa → Lakdikapool Pushpak (6 stops) | 113K: Lakdikapool → Nims Hospital (3 stops) | 83J/A: Nims Hospital → Ameerpet (3 stops)"
"Darul Shifa","Gandipet X Road",17.37327,78.48299,17.38500,78.33100,17.1,57,2,"72H/205F → 1JK → 120","72H/205F: Darul Shifa → Jiaguda Kht (8 stops) | 1JK: Jiaguda Kht → Langar House (4 stops) | 120: Langar House → Gandipet X Road (13 stops)"
"Darul Shifa","Gachibowli",17.37327,78.48299,17.43966,78.36356,17.1,59,1,"277MP → 10W","277MP: Darul Shifa → Mehdipatnam (9 stops) | 10W: Mehdipatnam → Gachibowli X Road (10 stops)"
"Darul Shifa","Miyapur",17.37327,78.48299,17.49669,78.36077,21.3,72,2,"277MP → 113K → 10MN","277MP: Darul Shifa → Lakdikapool Pushpak (6 stops) | 113K: Lakdikapool → Kphb Main Road (8 stops) | 10MN: Kphb Main Road → Miyapur (4 stops)"
"Darul Shifa","Sr Nagar",17.37327,78.48299,17.44027,78.44260,9.5,32,1,"277MP → 113K","277MP: Darul Shifa → Lakdikapool Pushpak (6 stops) | 113K: Lakdikapool → Sr Nagar (4 stops)"
"Darul Shifa","Begumpet",17.37327,78.48299,17.10805,78.55358,36.4,122,1,"8A/253M → 478","8A/253M: Darul Shifa → Imamguda (15 stops) | 478: Imamguda → Begumpet (7 stops)"
"Darul Shifa","Tolichowki",17.37327,78.48299,17.39924,78.41552,9.9,33,1,"277MP → 116","277MP: Darul Shifa → Mehdipatnam (9 stops) | 116: Mehdipatnam → Tolichowki (3 stops)"
"Darul Shifa","Kondapur",17.37327,78.48299,17.46392,78.36725,18.8,63,1,"277MP → 222A","277MP: Darul Shifa → Mahavir Hospital (7 stops) | 222A: Mahavir Hospital → Kondapur (20 stops)"
"Darul Shifa","Madhapur",17.37327,78.48299,17.63017,78.77482,49,164,2,"72/208C → 3K/102 → 546","72/208C: Darul Shifa → Jail Garden (3 stops) | 3K/102: Jail Garden → Nagaram (28 stops) | 546: Nagaram → Madhapur (13 stops)"
"Darul Shifa","Shamshabad",17.37327,78.48299,17.26205,78.38824,16.3,55,0,"AA","AA: Afzalgunj → Shamshabad (4 stops)"
"Plaza","Secunderabad Railway Station",17.44330,78.49066,17.43426,78.50158,1.5,6,0,"10H","10H: Plaza → Secunderabad Railway Station (2 stops)"
"Plaza","Afzalgunj",17.44330,78.49066,17.37331,78.47693,9.9,33,0,"8/26S","8/26S: Plaza → Afzalgunj (14 stops)"
"Plaza","Alugadda Bhavi",17.44330,78.49066,17.43531,78.51438,2.9,10,1,"10H → 186","10H: Plaza → Secunderabad Railway Station (2 stops) | 186: Secunderabad Railway Station → Alugadda Bhavi (2 stops)"
"Plaza","Patny",17.44330,78.49066,17.44318,78.49625,0.5,2,0,"",""
"Plaza","Cbs",17.44330,78.49066,17.37823,78.48168,8.7,29,1,"8/26S → 7Z/452","8/26S: Plaza → Tankbund (6 stops) | 7Z/452: Tankbund → Cbs (6 stops)"
"Plaza","Erragadda",17.44330,78.49066,17.45617,78.43378,7.6,26,1,"47YM → 10KH","47YM: Plaza → Kanaka Durga Temple (5 stops) | 10KH: Kanaka Durga Temple → Erragadda (5 stops)"
"Plaza","Gajularamaram X Road",17.44330,78.49066,17.50941,78.44817,10.9,37,0,"250C/30","250C/30: Plaza → Gajularamaram X Road (15 stops)"
"Plaza","Jbs",17.44330,78.49066,17.44757,78.49664,1.1,4,0,"49E/22","49E/22: Plaza → Jbs (3 stops)"
"Plaza","Hayathnagar Bus Station",17.44330,78.49066,17.32732,78.60489,21.9,74,2,"10H → 186 → 72/208C","10H: Plaza → Secunderabad Railway Station (2 stops) | 186: Secunderabad Railway Station → Lb Nagar X Road (9 stops) | 72/208C: Lb Nagar X Road → Hayathnagar Bus Station (10 stops)"
"Plaza","Rathifile Bus Station",17.44330,78.49066,17.43457,78.50488,1.9,7,0,"10H","10H: Plaza → Secunderabad Railway Station (2 stops)"
"Plaza","Nampally Public Garoaden",17.44330,78.49066,17.39628,78.47082,7.2,25,0,"8/26S","8/26S: Plaza → Public Garden (10 stops)"
"Plaza","Lakdikapool",17.44330,78.49066,17.40361,78.46497,6.3,22,1,"8/26S → 5R","8/26S: Plaza → Tankbund (6 stops) | 5R: Tankbund → Lakdikapool (3 stops)"
"Plaza","Ecil Bus Terminal",17.44330,78.49066,17.47253,78.57006,11.2,38,1,"49E/22 → 16ES","49E/22: Plaza → Jbs (3 stops) | 16ES: Jbs → Ecil Bus Terminal (14 stops)"
"Plaza","Secretariat",17.44330,78.49066,17.40812,78.47182,5.3,18,0,"8/26S","8/26S: Plaza → Secretariat (7 stops)"
"Plaza","Patancheruvu",17.44330,78.49066,17.52903,78.26428,27.8,93,1,"171Y → 219/272G","171Y: Plaza → Balanagar (9 stops) | 219/272G: Balanagar → Patancheruvu (19 stops)"
"Plaza","Darul Shifa",17.44330,78.49066,17.37327,78.48299,10.5,35,0,"8/26S","8/26S: Plaza → Afzalgunj (14 stops)"
"Plaza","Bluesea Cafe",17.44330,78.49066,17.43713,78.50515,1.8,6,0,"227G","227G: Plaza → Bluesea Cafe (4 stops)"
"Plaza","Tarnaka",17.44330,78.49066,17.42571,78.53223,5,17,1,"227G → 29B/250C","227G: Plaza → Bluesea Cafe (4 stops) | 29B/250C: Bluesea Cafe → Tarnaka (4 stops)"
"Plaza","Lb Nagar X Road",17.44330,78.49066,17.34699,78.55013,15.1,51,1,"10H → 186","10H: Plaza → Secunderabad Railway Station (2 stops) | 186: Secunderabad Railway Station → Lb Nagar X Road (9 stops)"
"Plaza","Lingampally Bs",17.44330,78.49066,17.49485,78.31689,20.9,70,1,"171Y → 219/272G","171Y: Plaza → Balanagar (9 stops) | 219/272G: Balanagar → Lingampally Bs (13 stops)"
"Plaza","Kukatpally",17.44330,78.49066,17.48385,78.41242,10.2,34,1,"171Y → 219/272G","171Y: Plaza → Balanagar (9 stops) | 219/272G: Balanagar → Kukatpally (3 stops)"
"Plaza","Jublee Bus Station",17.44330,78.49066,17.44761,78.49758,1.4,7,0,"49E/22","49E/22: Plaza → Jbs (3 stops)"
"Plaza","Ibrahimpatnam Bus Station",17.44330,78.49066,17.19144,78.64766,49.9,167,3,"8/26S → 8A/253M → 254K → 461","8/26S: Plaza → Afzalgunj (14 stops) | 8A/253M: Afzalgunj → Tukkuguda (15 stops) | 254K: Tukkuguda → Kongara Kalan (3 stops) | 461: Kongara Kalan → Ibrahimpatnam Bus Station (9 stops)"
"Plaza","Prashanth Nagar",17.44330,78.49066,17.47378,78.42698,8.3,28,1,"171Y → 9X","171Y: Plaza → Balanagar (9 stops) | 9X: Balanagar → Prashanth Nagar (2 stops)"
"Plaza","Moosapet",17.44330,78.49066,17.47081,78.42668,8.5,29,1,"171Y → 9X","171Y: Plaza → Balanagar (9 stops) | 9X: Balanagar → Moosapet (3 stops)"
"Plaza","Cherlapally Bus Stand",17.44330,78.49066,17.46329,78.61145,15.5,52,1,"227G → 29B/250C","227G: Plaza → Bluesea Cafe (4 stops) | 29B/250C: Bluesea Cafe → Cherlapally Bus Stand (19 stops)"
"Plaza","Koti Medical College",17.44330,78.49066,17.38310,78.48282,8.1,27,1,"8/26S → 7Z/452","8/26S: Plaza → Tankbund (6 stops) | 7Z/452: Tankbund → Koti Medical College (5 stops)"
"Plaza","Chadarghat",17.44330,78.49066,17.37722,78.49302,8.7,30,2,"26/20 → 2V → 2K","26/20: Plaza → Musheerabad-2 Bus Depot (4 stops) | 2V: Musheerabad-2 Bus Depot → Kachiguda Station (5 stops) | 2K: Kachiguda Station → Chadarghat (3 stops)"
"Plaza","Kachiguda X Road",17.44330,78.49066,17.39069,78.48938,7.1,24,2,"10H → 219 → 1J","10H: Plaza → Secunderabad Railway Station (2 stops) | 219: Secunderabad Railway Station → Rtc X Roads (6 stops) | 1J: Rtc X Roads → Kachiguda X Road (5 stops)"
"Plaza","Gandimaisamma",17.44330,78.49066,17.57508,78.42319,18.8,63,1,"250C/30 → 83/272","250C/30: Plaza → Jeedimetla Substation (17 stops) | 83/272: Jeedimetla Substation → Gandimaisamma (5 stops)"
"Plaza","Mehdipatnam",17.44330,78.49066,17.39527,78.43980,9.2,31,1,"8/26S → 5R","8/26S: Plaza → Tankbund (6 stops) | 5R: Tankbund → Mehdipatnam (7 stops)"
"Plaza","Bata",17.44330,78.49066,17.43600,78.49370,1.4,5,0,"8/26S","8/26S: Plaza → Bata (3 stops)"
"Plaza","Jntu X Rd",17.44330,78.49066,17.49672,78.39445,12.6,43,1,"171Y → 219/272G","171Y: Plaza → Balanagar (9 stops) | 219/272G: Balanagar → Jntu X Road (5 stops)"
"Plaza","Super Bazar",17.44330,78.49066,17.37193,78.50992,10.4,35,2,"10H → 219 → 1M/D","10H: Plaza → Secunderabad Railway Station (2 stops) | 219: Secunderabad Railway Station → Rtc X Roads (6 stops) | 1M/D: Rtc X Roads → Super Bazar (8 stops)"
"Plaza","Race Course",17.44330,78.49066,17.45076,78.48820,0.9,3,0,"",""
"Plaza","Punjagutta",17.44330,78.49066,17.42645,78.45141,5.4,19,0,"17H/47W","17H/47W: Plaza → Punjagutta (8 stops)"
"Plaza","Balanagar",17.44330,78.49066,17.46697,78.44626,6.1,21,0,"171Y","171Y: Plaza → Balanagar (9 stops)"
"Plaza","Chintal",17.44330,78.49066,17.49540,78.45210,9.3,32,0,"171Y","171Y: Plaza → Chintal (13 stops)"
"Plaza","Nanal Nagar",17.44330,78.49066,17.39620,78.42700,10.6,36,2,"8/26S → 5R → 113M/217","8/26S: Plaza → Tankbund (6 stops) | 5R: Tankbund → Mehdipatnam (7 stops) | 113M/217: Mehdipatnam → Nanal Nagar (2 stops)"
"Plaza","Abids Gpo",17.44330,78.49066,17.38757,78.47617,7.3,25,1,"8/26S → 251M/A","8/26S: Plaza → Bata (3 stops) | 251M/A: Bata → Abids Gpo (5 stops)"
"Plaza","Kachiguda Railway Station",17.44330,78.49066,17.38950,78.49726,7.8,27,1,"26/20 → 2V","26/20: Plaza → Musheerabad-2 Bus Depot (4 stops) | 2V: Musheerabad-2 Bus Depot → Kachiguda Station (5 stops)"
"Plaza","Ghatkesar Bus Station",17.44330,78.49066,17.45213,78.68231,23.2,78,2,"10H → 290/186 → 500","10H: Plaza → Secunderabad Railway Station (2 stops) | 290/186: Secunderabad Railway Station → Uppal X Road (6 stops) | 500: Uppal X Road → Ghatkesar Bus Station (2 stops)"
"Plaza","Chengicherla",17.44330,78.49066,17.43313,78.60845,16.6,56,2,"227G → 29B/250C → 250S","227G: Plaza → Bluesea Cafe (4 stops) | 29B/250C: Bluesea Cafe → Mallapur Bus Stop (11 stops) | 250S: Mallapur Bus Stop → Chengicherla (5 stops)"
"Plaza","Quthbullapur X Rd",17.44330,78.49066,17.49890,78.45176,9.7,33,0,"250C/30","250C/30: Plaza → Quthbullapur X Rd (14 stops)"
"Plaza","Shapur Nagar",17.44330,78.49066,17.51600,78.44690,11.7,39,0,"250C/30","250C/30: Plaza → Gajularamaram X Road (15 stops)"
"Plaza","Panama Godown",17.44330,78.49066,17.33840,78.56864,17.4,58,1,"10H → 186","10H: Plaza → Secunderabad Railway Station (2 stops) | 186: Secunderabad Railway Station → Panama Godown (10 stops)"
"Plaza","Gachibowli X Road",17.44330,78.49066,17.43903,78.36295,18.1,62,0,"17H/47W","17H/47W: Plaza → Gachibowli X Road (23 stops)"
"Plaza","Abids Grammar School",17.44330,78.49066,17.39333,78.47625,6.7,23,1,"8/26S → 7Z/449","8/26S: Plaza → Tankbund (6 stops) | 7Z/449: Tankbund → Abids Grammar School (4 stops)"
"Plaza","Dilsukhnagar",17.44330,78.49066,17.36862,78.52366,13.4,45,1,"10H → 107JL","10H: Plaza → Secunderabad Railway Station (2 stops) | 107JL: Secunderabad Railway Station → Dilsukhnagar (18 stops)"
"Plaza","Sathamrai",17.44330,78.49066,17.27452,78.40118,23.7,80,2,"8/26S → AA → 188","8/26S: Plaza → Afzalgunj (14 stops) | AA: Afzalgunj → Aramghar (3 stops) | 188: Aramghar → Sathamrai (4 stops)"
"Plaza","Gajularam X Road",17.44330,78.49066,17.51010,78.44771,11,38,0,"250C/30","250C/30: Plaza → Gajularamaram X Road (15 stops)"
"Plaza","Rc Puram",17.44330,78.49066,17.51362,78.28780,24.7,83,1,"171Y → 219/272G","171Y: Plaza → Balanagar (9 stops) | 219/272G: Balanagar → Rc Puram (17 stops)"
"Plaza","Kphb",17.44330,78.49066,17.49456,78.40081,12,41,1,"171Y → 219/272G","171Y: Plaza → Balanagar (9 stops) | 219/272G: Balanagar → Kphb Metro Station (4 stops)"
"Plaza","Pisal Banda",17.44330,78.49066,17.33995,78.50379,21,70,2,"8/26S → 8A/253M → 300/253","8/26S: Plaza → Afzalgunj (14 stops) | 8A/253M: Afzalgunj → Barkas (8 stops) | 300/253: Barkas → Pisal Banda (3 stops)"
"Plaza","Police Lines",17.44330,78.49066,17.44365,78.47499,1.7,7,0,"47YN","47YN: Plaza → Police Lines (2 stops)"
"Plaza","Uppal X Road",17.44330,78.49066,17.40126,78.56007,9.2,31,1,"10H → 290/186","10H: Plaza → Secunderabad Railway Station (2 stops) | 290/186: Secunderabad Railway Station → Uppal X Road (6 stops)"
"Plaza","Boats Club",17.44330,78.49066,17.42644,78.48664,2.8,10,0,"8/26S","8/26S: Plaza → Boats Club (5 stops)"
"Plaza","Womens College",17.44330,78.49066,17.38481,78.48762,8.7,31,1,"26/20 → 86V","26/20: Plaza → Musheerabad-2 Bus Depot (4 stops) | 86V: Musheerabad-2 Bus Depot → Koti Maternity Hospital (7 stops)"
"Plaza","Hydernagar",17.44330,78.49066,17.49919,78.38352,13.8,46,1,"171Y → 219/272G","171Y: Plaza → Balanagar (9 stops) | 219/272G: Balanagar → Hydernagar (6 stops)"
"Plaza","Charminar",17.44330,78.49066,17.35868,78.47403,12.4,42,1,"8/26S → 253M","8/26S: Plaza → Afzalgunj (14 stops) | 253M: Afzalgunj → Charminar (3 stops)"
"Plaza","Hitech City",17.44330,78.49066,17.44995,78.38257,13.9,47,0,"17H/47W","17H/47W: Plaza → Hitech City (18 stops)"
"Plaza","Ameerpet",17.44330,78.49066,17.43155,78.44765,4.9,20,0,"47YM","47YM: Plaza → Kanaka Durga Temple (5 stops)"
"Plaza","Gandipet X Road",17.44330,78.49066,17.38500,78.33100,20.3,69,3,"47YM → 47L → 47YN → 505","47YM: Plaza → Panchavati Colony (13 stops) | 47L: Panchavati Colony → Manikonda (2 stops) | 47YN: Manikonda → Narsingi (4 stops) | 505: Narsingi → Gandipet X Road (4 stops)"
"Plaza","Gachibowli",17.44330,78.49066,17.43966,78.36356,18.2,63,0,"17H/47W","17H/47W: Plaza → Gachibowli X Road (23 stops)"
"Plaza","Miyapur",17.44330,78.49066,17.49669,78.36077,16.5,56,1,"171Y → 219/272G","171Y: Plaza → Balanagar (9 stops) | 219/272G: Balanagar → Miyapur (8 stops)"
"Plaza","Sr Nagar",17.44330,78.49066,17.44027,78.44260,6,21,1,"47YM → 10KH","47YM: Plaza → Kanaka Durga Temple (5 stops) | 10KH: Kanaka Durga Temple → Sr Nagar (3 stops)"
"Plaza","Begumpet",17.44330,78.49066,17.10805,78.55358,46.9,157,2,"8/26S → 8A/253M → 478","8/26S: Plaza → Afzalgunj (14 stops) | 8A/253M: Afzalgunj → Imamguda (16 stops) | 478: Imamguda → Begumpet (7 stops)"
"Plaza","Tolichowki",17.44330,78.49066,17.39924,78.41552,12.7,43,1,"47YM → 113M/217","47YM: Plaza → Shaikpet Nala (11 stops) | 113M/217: Shaikpet Nala → Tolichowki (3 stops)"
"Plaza","Kondapur",17.44330,78.49066,17.46392,78.36725,16.3,56,1,"17H/47W → 113Y/K","17H/47W: Plaza → Hitech City (18 stops) | 113Y/K: Hitech City → Kothaguda X Rd (3 stops)"
"Plaza","Madhapur",17.44330,78.49066,17.63017,78.77482,43.4,145,2,"227G → 17D → 546","227G: Plaza → Bluesea Cafe (4 stops) | 17D: Bluesea Cafe → Nagaram (9 stops) | 546: Nagaram → Madhapur (13 stops)"
"Plaza","Shamshabad",17.44330,78.49066,17.26205,78.38824,25.5,86,1,"8/26S → AA","8/26S: Plaza → Afzalgunj (14 stops) | AA: Afzalgunj → Shamshabad (4 stops)"
"Bluesea Cafe","Secunderabad Railway Station",17.43713,78.50515,17.43426,78.50158,0.5,2,0,"",""
"Bluesea Cafe","Afzalgunj",17.43713,78.50515,17.37331,78.47693,8,27,0,"1/25S","1/25S: Bluesea Cafe → Afzalgunj (14 stops)"
"Bluesea Cafe","Alugadda Bhavi",17.43713,78.50515,17.43531,78.51438,1,4,0,"",""
"Bluesea Cafe","Patny",17.43713,78.50515,17.44318,78.49625,1.3,5,0,"29J","29J: Bluesea Cafe → Patny (2 stops)"
"Bluesea Cafe","Cbs",17.43713,78.50515,17.37823,78.48168,7.2,25,0,"1/25S","1/25S: Bluesea Cafe → Cbs (13 stops)"
"Bluesea Cafe","Erragadda",17.43713,78.50515,17.45617,78.43378,9.5,33,1,"26/20 → 10MN","26/20: Secunderabad → Plaza (3 stops) | 10MN: Plaza → Erragadda (5 stops)"
"Bluesea Cafe","Gajularamaram X Road",17.43713,78.50515,17.50941,78.44817,13.1,44,1,"26/20 → 250C/30","26/20: Secunderabad → Race Course (4 stops) | 250C/30: Race Course → Gajularamaram X Road (14 stops)"
"Bluesea Cafe","Jbs",17.43713,78.50515,17.44757,78.49664,1.7,6,0,"29J","29J: Bluesea Cafe → Jbs (3 stops)"
"Bluesea Cafe","Hayathnagar Bus Station",17.43713,78.50515,17.32732,78.60489,20,68,2,"250C/R → 186 → 72/208C","250C/R: Secunderabad → Tarnaka (3 stops) | 186: Tarnaka → Lb Nagar X Road (7 stops) | 72/208C: Lb Nagar X Road → Hayathnagar Bus Station (10 stops)"
"Bluesea Cafe","Rathifile Bus Station",17.43713,78.50515,17.43457,78.50488,0.3,1,0,"",""
"Bluesea Cafe","Nampally Public Garoaden",17.43713,78.50515,17.39628,78.47082,8.6,29,1,"1/25S → 218I","1/25S: Bluesea Cafe → Koti Medical College (12 stops) | 218I: Koti Medical College → Nampally Public Garoaden (3 stops)"
"Bluesea Cafe","Lakdikapool",17.43713,78.50515,17.40361,78.46497,6,20,0,"16/20","16/20: Chilkalguda → Rbi Birlamandir (4 stops)"
"Bluesea Cafe","Ecil Bus Terminal",17.43713,78.50515,17.47253,78.57006,10.4,35,0,"17D","17D: Bluesea Cafe → Ecil Bus Terminal (8 stops)"
"Bluesea Cafe","Secretariat",17.43713,78.50515,17.40812,78.47182,8.1,28,0,"26/20","26/20: Secunderabad → Secretariat (5 stops)"
"Bluesea Cafe","Patancheruvu",17.43713,78.50515,17.52903,78.26428,31.7,110,1,"1/25S → 113M/217","1/25S: Bluesea Cafe → Rtc X Roads (7 stops) | 113M/217: Ashok Nagar → Patancheruvu (6 stops)"
"Bluesea Cafe","Darul Shifa",17.43713,78.50515,17.37327,78.48299,8.6,29,0,"1/25S","1/25S: Bluesea Cafe → Afzalgunj (14 stops)"
"Bluesea Cafe","Plaza",17.43713,78.50515,17.44330,78.49066,2.2,8,0,"26/20","26/20: Secunderabad → Plaza (3 stops)"
"Bluesea Cafe","Tarnaka",17.43713,78.50515,17.42571,78.53223,3.1,11,0,"17S","17S: Bluesea Cafe → Tarnaka (4 stops)"
"Bluesea Cafe","Lb Nagar X Road",17.43713,78.50515,17.34699,78.55013,13.2,45,1,"250C/R → 186","250C/R: Secunderabad → Tarnaka (3 stops) | 186: Tarnaka → Lb Nagar X Road (7 stops)"
"Bluesea Cafe","Lingampally Bs",17.43713,78.50515,17.49485,78.31689,24.1,81,2,"26/20 → 10MN → 224L","26/20: Secunderabad → Plaza (3 stops) | 10MN: Plaza → Miyapur (11 stops) | 224L: Miyapur → Lingampally Bs (4 stops)"
"Bluesea Cafe","Kukatpally",17.43713,78.50515,17.48385,78.41242,12.2,41,1,"26/20 → 186","26/20: Secunderabad → Race Course (4 stops) | 186: Race Course → Kukatpally (6 stops)"
"Bluesea Cafe","Jublee Bus Station",17.43713,78.50515,17.44761,78.49758,1.8,7,0,"29J","29J: Bluesea Cafe → Jbs (3 stops)"
"Bluesea Cafe","Ibrahimpatnam Bus Station",17.43713,78.50515,17.19144,78.64766,36.2,121,3,"1/25S → 1M/D → 277Y → 401","1/25S: Bluesea Cafe → Narayanguda (9 stops) | 1M/D: Narayanguda → Chadarghat (3 stops) | 277Y: Chadarghat → Turkyamjal (10 stops) | 401: Turkyamjal → Ibrahimpatnam Bus Station (4 stops)"
"Bluesea Cafe","Prashanth Nagar",17.43713,78.50515,17.47378,78.42698,5.7,19,0,"17D","17D: Bluesea Cafe → Lalapet (4 stops)"
"Bluesea Cafe","Moosapet",17.43713,78.50515,17.47081,78.42668,11.3,39,1,"26/20 → 10MN","26/20: Secunderabad → Plaza (3 stops) | 10MN: Plaza → Moosapet (6 stops)"
"Bluesea Cafe","Cherlapally Bus Stand",17.43713,78.50515,17.46329,78.61145,13.2,45,0,"250C/R","250C/R: Secunderabad → Cherlapally Bus Stand (9 stops)"
"Bluesea Cafe","Koti Medical College",17.43713,78.50515,17.38310,78.48282,6.6,23,0,"1/25S","1/25S: Bluesea Cafe → Koti Medical College (12 stops)"
"Bluesea Cafe","Chadarghat",17.43713,78.50515,17.37722,78.49302,7.3,25,1,"1/25S → 1M/D","1/25S: Bluesea Cafe → Narayanguda (9 stops) | 1M/D: Narayanguda → Chadarghat (3 stops)"
"Bluesea Cafe","Kachiguda X Road",17.43713,78.50515,17.39069,78.48938,5.5,19,1,"1/25S → 3X","1/25S: Bluesea Cafe → Chikkadapally (8 stops) | 3X: Chikkadapally → Kachiguda X Road (2 stops)"
"Bluesea Cafe","Gandimaisamma",17.43713,78.50515,17.57508,78.42319,21,71,2,"26/20 → 250C/30 → 83/272","26/20: Secunderabad → Race Course (4 stops) | 250C/30: Race Course → Jeedimetla Substation (16 stops) | 83/272: Jeedimetla Substation → Gandimaisamma (5 stops)"
"Bluesea Cafe","Mehdipatnam",17.43713,78.50515,17.39527,78.43980,11.6,39,1,"1/25S → 116N","1/25S: Bluesea Cafe → Koti Medical College (12 stops) | 116N: Koti Medical College → Mehdipatnam (8 stops)"
"Bluesea Cafe","Bata",17.43713,78.50515,17.43600,78.49370,1.3,5,0,"",""
"Bluesea Cafe","Jntu X Rd",17.43713,78.50515,17.49672,78.39445,15.4,52,2,"26/20 → 186 → 10JP","26/20: Secunderabad → Race Course (4 stops) | 186: Race Course → Kphb Temple Bus Stop (7 stops) | 10JP: Kphb Temple Bus Stop → Jntu X Rd (3 stops)"
"Bluesea Cafe","Super Bazar",17.43713,78.50515,17.37193,78.50992,8.9,30,1,"1/25S → 1M/D","1/25S: Bluesea Cafe → Narayanguda (9 stops) | 1M/D: Narayanguda → Super Bazar (6 stops)"
"Bluesea Cafe","Race Course",17.43713,78.50515,17.45076,78.48820,3.1,11,0,"26/20","26/20: Secunderabad → Race Course (4 stops)"
"Bluesea Cafe","Punjagutta",17.43713,78.50515,17.42645,78.45141,6.9,23,0,"AC","AC: Secunderabad Railway Station → Paryatak Bhavan (4 stops)"
"Bluesea Cafe","Balanagar",17.43713,78.50515,17.46697,78.44626,8.2,28,1,"26/20 → 186","26/20: Secunderabad → Race Course (4 stops) | 186: Race Course → Balanagar (4 stops)"
"Bluesea Cafe","Chintal",17.43713,78.50515,17.49540,78.45210,11.5,39,1,"26/20 → 171Y","26/20: Secunderabad → Race Course (4 stops) | 171Y: Race Course → Chintal (12 stops)"
"Bluesea Cafe","Nanal Nagar",17.43713,78.50515,17.39620,78.42700,13,44,1,"1/25S → 216","1/25S: Bluesea Cafe → Koti Medical College (12 stops) | 216: Koti Medical College → Nanal Nagar (9 stops)"
"Bluesea Cafe","Abids Gpo",17.43713,78.50515,17.38757,78.47617,7.2,25,0,"251M/A","251M/A: Secunderabad Railway Station → Abids Gpo (6 stops)"
"Bluesea Cafe","Kachiguda Railway Station",17.43713,78.50515,17.38950,78.49726,5.7,20,1,"26/20 → 2V","26/20: Secunderabad → Musheerabad-2 Bus Depot (2 stops) | 2V: Musheerabad-2 Bus Depot → Kachiguda Station (5 stops)"
"Bluesea Cafe","Ghatkesar Bus Station",17.43713,78.50515,17.45213,78.68231,21.3,72,1,"29B/250C → 500","29B/250C: Bluesea Cafe → Tarnaka (4 stops) | 500: Tarnaka → Ghatkesar Bus Station (3 stops)"
"Bluesea Cafe","Chengicherla",17.43713,78.50515,17.43313,78.60845,14.6,50,1,"250C/R → 250S","250C/R: Secunderabad → Mallapur (6 stops) | 250S: Mallapur Bus Stop → Chengicherla (5 stops)"
"Bluesea Cafe","Quthbullapur X Rd",17.43713,78.50515,17.49890,78.45176,11.9,40,1,"26/20 → 250C/30","26/20: Secunderabad → Race Course (4 stops) | 250C/30: Race Course → Quthbullapur X Rd (13 stops)"
"Bluesea Cafe","Shapur Nagar",17.43713,78.50515,17.51600,78.44690,13.9,47,1,"26/20 → 250C/30","26/20: Secunderabad → Race Course (4 stops) | 250C/30: Race Course → Gajularamaram X Road (14 stops)"
"Bluesea Cafe","Panama Godown",17.43713,78.50515,17.33840,78.56864,15.5,52,1,"250C/R → 186","250C/R: Secunderabad → Tarnaka (3 stops) | 186: Tarnaka → Panama Godown (8 stops)"
"Bluesea Cafe","Gachibowli X Road",17.43713,78.50515,17.43903,78.36295,21.4,72,1,"1/25S → 116N/220K","1/25S: Bluesea Cafe → Koti Medical College (12 stops) | 116N/220K: Koti Medical College → Gachibowli X Road (17 stops)"
"Bluesea Cafe","Abids Grammar School",17.43713,78.50515,17.39333,78.47625,6.6,22,0,"251M/A","251M/A: Secunderabad Railway Station → Basheer Bagh (5 stops)"
"Bluesea Cafe","Dilsukhnagar",17.43713,78.50515,17.36862,78.52366,10.5,36,1,"1/25S → 1M/D","1/25S: Bluesea Cafe → Narayanguda (9 stops) | 1M/D: Narayanguda → Dilsukhnagar (8 stops)"
"Bluesea Cafe","Sathamrai",17.43713,78.50515,17.27452,78.40118,21.8,73,2,"1/25S → AA → 188","1/25S: Bluesea Cafe → Afzalgunj (14 stops) | AA: Afzalgunj → Aramghar (3 stops) | 188: Aramghar → Sathamrai (4 stops)"
"Bluesea Cafe","Gajularam X Road",17.43713,78.50515,17.51010,78.44771,13.2,46,1,"26/20 → 250C/30","26/20: Secunderabad → Race Course (4 stops) | 250C/30: Race Course → Gajularamaram X Road (14 stops)"
"Bluesea Cafe","Rc Puram",17.43713,78.50515,17.51362,78.28780,28.7,99,1,"1/25S → 113M/217","1/25S: Bluesea Cafe → Rtc X Roads (7 stops) | 113M/217: Ashok Nagar → Rc Puram (3 stops)"
"Bluesea Cafe","Kphb",17.43713,78.50515,17.49456,78.40081,15,51,1,"26/20 → 186","26/20: Secunderabad → Race Course (4 stops) | 186: Race Course → Kphb (8 stops)"
"Bluesea Cafe","Pisal Banda",17.43713,78.50515,17.33995,78.50379,11.8,40,3,"1/25S → 1M/D → 277K → 460","1/25S: Bluesea Cafe → Narayanguda (9 stops) | 1M/D: Narayanguda → Chadarghat (3 stops) | 277K: Chadarghat → Is Sadan (5 stops) | 460: Is Sadan → Pisal Banda (3 stops)"
"Bluesea Cafe","Police Lines",17.43713,78.50515,17.44365,78.47499,3.8,14,1,"26/20 → 10JB","26/20: Secunderabad → Plaza (3 stops) | 10JB: Plaza → Police Lines (2 stops)"
"Bluesea Cafe","Uppal X Road",17.43713,78.50515,17.40126,78.56007,7.4,25,1,"29B/250C → 500","29B/250C: Bluesea Cafe → Tarnaka (4 stops) | 500: Tarnaka → Uppal X Road (2 stops)"
"Bluesea Cafe","Boats Club",17.43713,78.50515,17.42644,78.48664,2.3,8,0,"251M/A","251M/A: Secunderabad Railway Station → Boats Club (3 stops)"
"Bluesea Cafe","Womens College",17.43713,78.50515,17.38481,78.48762,6.3,23,1,"1/25S → 3X","1/25S: Bluesea Cafe → Chikkadapally (8 stops) | 3X: Chikkadapally → Koti Maternity Hospital (3 stops)"
"Bluesea Cafe","Hydernagar",17.43713,78.50515,17.49919,78.38352,17,57,1,"26/20 → 10MN","26/20: Secunderabad → Plaza (3 stops) | 10MN: Plaza → Hydernagar (10 stops)"
"Bluesea Cafe","Charminar",17.43713,78.50515,17.35868,78.47403,10.5,36,1,"1/25S → 253M","1/25S: Bluesea Cafe → Afzalgunj (14 stops) | 253M: Afzalgunj → Charminar (3 stops)"
"Bluesea Cafe","Hitech City",17.43713,78.50515,17.44995,78.38257,15.4,52,2,"AC → 18/47 → 222A","AC: Secunderabad Railway Station → Paryatak Bhavan (4 stops) | 18/47: Paryatak Bhavan → Jubilee Hills Checkpost (7 stops) | 222A: Jubilee Hills Checkpost → Hitech City (7 stops)"
"Bluesea Cafe","Ameerpet",17.43713,78.50515,17.43155,78.44765,9.2,31,1,"16/20 → 113I/A","16/20: Chilkalguda → Irrum Manzil (6 stops) | 113I/A: Irrum Manzil → Ameerpet (5 stops)"
"Bluesea Cafe","Gandipet X Road",17.43713,78.50515,17.38500,78.33100,24.4,82,2,"1/25S → 1JK → 120","1/25S: Bluesea Cafe → Afzalgunj (14 stops) | 1JK: Afzalgunj → Langar House (9 stops) | 120: Langar House → Gandipet X Road (13 stops)"
"Bluesea Cafe","Gachibowli",17.43713,78.50515,17.43966,78.36356,21.5,73,1,"1/25S → 116N/220K","1/25S: Bluesea Cafe → Koti Medical College (12 stops) | 116N/220K: Koti Medical College → Gachibowli X Road (17 stops)"
"Bluesea Cafe","Miyapur",17.43713,78.50515,17.49669,78.36077,19.7,67,1,"26/20 → 10MN","26/20: Secunderabad → Plaza (3 stops) | 10MN: Plaza → Miyapur (11 stops)"
"Bluesea Cafe","Sr Nagar",17.43713,78.50515,17.44027,78.44260,7.9,27,1,"26/20 → 10MN","26/20: Secunderabad → Plaza (3 stops) | 10MN: Plaza → Sr Nagar (4 stops)"
"Bluesea Cafe","Begumpet",17.43713,78.50515,17.10805,78.55358,45,151,2,"1/25S → 8A/253M → 478","1/25S: Bluesea Cafe → Afzalgunj (14 stops) | 8A/253M: Afzalgunj → Imamguda (16 stops) | 478: Imamguda → Begumpet (7 stops)"
"Bluesea Cafe","Tolichowki",17.43713,78.50515,17.39924,78.41552,14.3,48,1,"1/25S → 216","1/25S: Bluesea Cafe → Koti Medical College (12 stops) | 216: Koti Medical College → Tolichowki (10 stops)"
"Bluesea Cafe","Kondapur",17.43713,78.50515,17.46392,78.36725,22.8,76,2,"29B/250C → 500 → 280B","29B/250C: Bluesea Cafe → Tarnaka (4 stops) | 500: Tarnaka → Ghatkesar Bus Station (3 stops) | 280B: Ghatkesar Bus Station → Kondapur (3 stops)"
"Bluesea Cafe","Madhapur",17.43713,78.50515,17.63017,78.77482,41.6,139,1,"17D → 546","17D: Bluesea Cafe → Nagaram (9 stops) | 546: Nagaram → Madhapur (13 stops)"
"Bluesea Cafe","Shamshabad",17.43713,78.50515,17.26205,78.38824,23.6,79,1,"1/25S → AA","1/25S: Bluesea Cafe → Afzalgunj (14 stops) | AA: Afzalgunj → Shamshabad (4 stops)"
"Tarnaka","Secunderabad Railway Station",17.42571,78.53223,17.43426,78.50158,3.6,13,0,"431","431: Tarnaka → Secunderabad Railway Station (4 stops)"
"Tarnaka","Afzalgunj",17.42571,78.53223,17.37331,78.47693,8.4,29,1,"252 → 2K","252: Tarnaka Rtc Hospital → Kachiguda Station (4 stops) | 2K: Kachiguda Station → Afzalgunj (5 stops)"
"Tarnaka","Alugadda Bhavi",17.42571,78.53223,17.43531,78.51438,2.2,8,0,"186","186: Tarnaka → Alugadda Bhavi (2 stops)"
"Tarnaka","Patny",17.42571,78.53223,17.44318,78.49625,4.7,17,0,"431","431: Tarnaka → Patny (5 stops)"
"Tarnaka","Cbs",17.42571,78.53223,17.37823,78.48168,7.7,27,1,"252 → 2K","252: Tarnaka Rtc Hospital → Kachiguda Station (4 stops) | 2K: Kachiguda Station → Cbs (4 stops)"
"Tarnaka","Erragadda",17.42571,78.53223,17.45617,78.43378,12.7,43,2,"431 → 47YM → 10KH","431: Tarnaka → Secunderabad Railway Station (4 stops) | 47YM: Secunderabad Railway Station → Kanaka Durga Temple (6 stops) | 10KH: Kanaka Durga Temple → Erragadda (5 stops)"
"Tarnaka","Gajularamaram X Road",17.42571,78.53223,17.50941,78.44817,16.1,55,2,"431 → 567G → 171SM","431: Tarnaka → Bowenpally X Road (9 stops) | 567G: Bowenpally X Road → Chintal (4 stops) | 171SM: Chintal → Gajularamaram X Road (3 stops)"
"Tarnaka","Jbs",17.42571,78.53223,17.44757,78.49664,4.5,16,0,"AL","AL: Tarnaka → Jbs (3 stops)"
"Tarnaka","Hayathnagar Bus Station",17.42571,78.53223,17.32732,78.60489,16.9,57,1,"186 → 72/208C","186: Tarnaka → Lb Nagar X Road (7 stops) | 72/208C: Lb Nagar X Road → Hayathnagar Bus Station (10 stops)"
"Tarnaka","Rathifile Bus Station",17.42571,78.53223,17.43457,78.50488,3.2,12,0,"431","431: Tarnaka → Rathifile Bus Station (3 stops)"
"Tarnaka","Nampally Public Garoaden",17.42571,78.53223,17.39628,78.47082,9.4,32,1,"252 → 127K","252: Tarnaka Rtc Hospital → Kachiguda X Road (5 stops) | 127K: Kachiguda X Road → Nampally Public Garoaden (5 stops)"
"Tarnaka","Lakdikapool",17.42571,78.53223,17.40361,78.46497,8.6,30,1,"252 → 6X","252: Tarnaka Rtc Hospital → Ladies Hostel Osmania University (2 stops) | 6X: Ladies Hostel Osmania University → Lakdikapool (13 stops)"
"Tarnaka","Ecil Bus Terminal",17.42571,78.53223,17.47253,78.57006,7.5,26,0,"17D","17D: Tarnaka → Ecil Bus Terminal (7 stops)"
"Tarnaka","Secretariat",17.42571,78.53223,17.40812,78.47182,7.6,27,1,"252 → 6X","252: Tarnaka Rtc Hospital → Ladies Hostel Osmania University (2 stops) | 6X: Ladies Hostel Osmania University → Secretariat (11 stops)"
"Tarnaka","Patancheruvu",17.42571,78.53223,17.52903,78.26428,33,111,1,"431 → 219/27G","431: Tarnaka → Hydernagar (14 stops) | 219/27G: Hydernagar → Patancheruvu (14 stops)"
"Tarnaka","Darul Shifa",17.42571,78.53223,17.37327,78.48299,9,31,1,"252 → 2K","252: Tarnaka Rtc Hospital → Kachiguda Station (4 stops) | 2K: Kachiguda Station → Afzalgunj (5 stops)"
"Tarnaka","Plaza",17.42571,78.53223,17.44330,78.49066,5.1,18,1,"431 → 10JB","431: Tarnaka → Secunderabad Railway Station (4 stops) | 10JB: Secunderabad Railway Station → Plaza (2 stops)"
"Tarnaka","Bluesea Cafe",17.42571,78.53223,17.43713,78.50515,3.2,12,0,"17SC","17SC: Tarnaka Rtc Hospital → Bluesea Cafe (4 stops)"
"Tarnaka","Lb Nagar X Road",17.42571,78.53223,17.34699,78.55013,10.1,35,0,"186","186: Tarnaka → Lb Nagar X Road (7 stops)"
"Tarnaka","Lingampally Bs",17.42571,78.53223,17.49485,78.31689,26.1,89,1,"431 → 219/27G","431: Tarnaka → Hydernagar (14 stops) | 219/27G: Hydernagar → Lingampally (8 stops)"
"Tarnaka","Kukatpally",17.42571,78.53223,17.48385,78.41242,15.4,52,0,"431","431: Tarnaka → Kukatpally (12 stops)"
"Tarnaka","Jublee Bus Station",17.42571,78.53223,17.44761,78.49758,4.6,18,0,"AL","AL: Tarnaka → Jbs (3 stops)"
"Tarnaka","Ibrahimpatnam Bus Station",17.42571,78.53223,17.19144,78.64766,32.3,109,2,"186 → 300L/279K → 401","186: Tarnaka → Lb Nagar X Road (7 stops) | 300L/279K: Lb Nagar → Bongloor X Road (16 stops) | 401: Bongloor X Road → Ibrahimpatnam Bus Station (3 stops)"
"Tarnaka","Prashanth Nagar",17.42571,78.53223,17.47378,78.42698,2.9,10,0,"17D","17D: Tarnaka → Lalapet (3 stops)"
"Tarnaka","Moosapet",17.42571,78.53223,17.47081,78.42668,13.7,47,0,"431","431: Tarnaka → Prashanth Nagar (11 stops)"
"Tarnaka","Cherlapally Bus Stand",17.42571,78.53223,17.46329,78.61145,10.1,35,0,"250C/R","250C/R: Tarnaka → Cherlapally Bus Stand (7 stops)"
"Tarnaka","Koti Medical College",17.42571,78.53223,17.38310,78.48282,7.4,26,0,"252","252: Tarnaka Rtc Hospital → Koti Medical College (6 stops)"
"Tarnaka","Chadarghat",17.42571,78.53223,17.37722,78.49302,8,28,0,"252","252: Tarnaka Rtc Hospital → Chadarghat (6 stops)"
"Tarnaka","Kachiguda X Road",17.42571,78.53223,17.39069,78.48938,6.3,22,0,"252","252: Tarnaka Rtc Hospital → Kachiguda X Road (5 stops)"
"Tarnaka","Gandimaisamma",17.42571,78.53223,17.57508,78.42319,23.9,81,1,"431 → 567G","431: Tarnaka → Bowenpally X Road (9 stops) | 567G: Bowenpally X Road → Gandimaisamma (8 stops)"
"Tarnaka","Mehdipatnam",17.42571,78.53223,17.39527,78.43980,11.5,40,2,"252 → 6X → 6L","252: Tarnaka Rtc Hospital → Ladies Hostel Osmania University (2 stops) | 6X: Ladies Hostel Osmania University → Lakdikapool (13 stops) | 6L: Lakdikapool → Mehdipatnam (3 stops)"
"Tarnaka","Bata",17.42571,78.53223,17.43600,78.49370,4.4,16,0,"431","431: Tarnaka → Secunderabad Railway Station (4 stops)"
"Tarnaka","Jntu X Rd",17.42571,78.53223,17.49672,78.39445,17.8,61,0,"431","431: Tarnaka → Kphb Metro Station (13 stops)"
"Tarnaka","Super Bazar",17.42571,78.53223,17.37193,78.50992,9.6,33,2,"252 → 3K/102 → 443","252: Tarnaka Rtc Hospital → Kachiguda X Road (5 stops) | 3K/102: Kachiguda X Road → Chadarghat (3 stops) | 443: Chadarghat → Super Bazar (2 stops)"
"Tarnaka","Race Course",17.42571,78.53223,17.45076,78.48820,6.4,22,0,"431","431: Tarnaka → Race Course (7 stops)"
"Tarnaka","Punjagutta",17.42571,78.53223,17.42645,78.45141,11.6,40,1,"252 → 6X","252: Tarnaka Rtc Hospital → Ladies Hostel Osmania University (2 stops) | 6X: Ladies Hostel Osmania University → Punjagutta (18 stops)"
"Tarnaka","Balanagar",17.42571,78.53223,17.46697,78.44626,11.4,39,0,"431","431: Tarnaka → Balanagar (10 stops)"
"Tarnaka","Chintal",17.42571,78.53223,17.49540,78.45210,14.5,49,1,"431 → 567G","431: Tarnaka → Bowenpally X Road (9 stops) | 567G: Bowenpally X Road → Chintal (4 stops)"
"Tarnaka","Nanal Nagar",17.42571,78.53223,17.39620,78.42700,12.9,44,2,"252 → 6X → 116G","252: Tarnaka Rtc Hospital → Ladies Hostel Osmania University (2 stops) | 6X: Ladies Hostel Osmania University → Lakdikapool (13 stops) | 116G: Lakdikapool → Nanal Nagar (4 stops)"
"Tarnaka","Abids Gpo",17.42571,78.53223,17.38757,78.47617,8.1,28,1,"252 → 127K","252: Tarnaka Rtc Hospital → Kachiguda X Road (5 stops) | 127K: Kachiguda X Road → Abids Gpo (3 stops)"
"Tarnaka","Kachiguda Railway Station",17.42571,78.53223,17.38950,78.49726,5.5,20,0,"252","252: Tarnaka Rtc Hospital → Kachiguda Station (4 stops)"
"Tarnaka","Ghatkesar Bus Station",17.42571,78.53223,17.45213,78.68231,18.1,61,0,"500","500: Tarnaka → Ghatkesar Bus Station (3 stops)"
"Tarnaka","Chengicherla",17.42571,78.53223,17.43313,78.60845,10,34,1,"3N → 50B","3N: Tarnaka → Ts Food X Road (7 stops) | 50B: Ts Food X Road → Chengicherla (8 stops)"
"Tarnaka","Quthbullapur X Rd",17.42571,78.53223,17.49890,78.45176,14.9,51,1,"431 → 567G","431: Tarnaka → Bowenpally X Road (9 stops) | 567G: Bowenpally X Road → Chintal (4 stops)"
"Tarnaka","Shapur Nagar",17.42571,78.53223,17.51600,78.44690,16.8,57,1,"431 → 567G","431: Tarnaka → Bowenpally X Road (9 stops) | 567G: Bowenpally X Road → Shapur Nagar (5 stops)"
"Tarnaka","Panama Godown",17.42571,78.53223,17.33840,78.56864,12.3,42,0,"186","186: Tarnaka → Panama Godown (8 stops)"
"Tarnaka","Gachibowli X Road",17.42571,78.53223,17.43903,78.36295,20.8,71,2,"431 → 47YM → 10HW","431: Tarnaka → Secunderabad Railway Station (4 stops) | 47YM: Secunderabad Railway Station → Venkatagiri X Roads (8 stops) | 10HW: Venkatagiri X Roads → Telecom Nagar (6 stops)"
"Tarnaka","Abids Grammar School",17.42571,78.53223,17.39333,78.47625,9.7,33,1,"431 → 251M/A","431: Tarnaka → Secunderabad Railway Station (4 stops) | 251M/A: Secunderabad Railway Station → Basheer Bagh (5 stops)"
"Tarnaka","Dilsukhnagar",17.42571,78.53223,17.36862,78.52366,10.7,40,1,"AL → 90U","AL: Tarnaka-Iict → Nagole X Road (3 stops) | 90U: Nagole X Road → Dilsukhnagar (8 stops)"
"Tarnaka","Sathamrai",17.42571,78.53223,17.27452,78.40118,23,78,1,"252 → 8R/251M","252: Tarnaka Rtc Hospital → Afzalganj Central Library (7 stops) | 8R/251M: Afzalganj Central Library → Sathamrai (11 stops)"
"Tarnaka","Gajularam X Road",17.42571,78.53223,17.51010,78.44771,16.2,55,2,"431 → 567G → 9M/X","431: Tarnaka → Bowenpally X Road (9 stops) | 567G: Bowenpally X Road → Chintal (4 stops) | 9M/X: Chintal → Gajularam X Road (3 stops)"
"Tarnaka","Rc Puram",17.42571,78.53223,17.51362,78.28780,29.9,101,1,"431 → 219/27G","431: Tarnaka → Hydernagar (14 stops) | 219/27G: Hydernagar → Rc Puram (12 stops)"
"Tarnaka","Kphb",17.42571,78.53223,17.49456,78.40081,17.2,59,0,"431","431: Tarnaka → Kphb Metro Station (13 stops)"
"Tarnaka","Pisal Banda",17.42571,78.53223,17.33995,78.50379,12.6,43,2,"252 → 3K/102 → 460","252: Tarnaka Rtc Hospital → Kachiguda X Road (5 stops) | 3K/102: Kachiguda X Road → Is Sadan (7 stops) | 460: Is Sadan → Pisal Banda (3 stops)"
"Tarnaka","Police Lines",17.42571,78.53223,17.44365,78.47499,6.8,24,1,"431 → 47YN","431: Tarnaka → Secunderabad Railway Station (4 stops) | 47YN: Secunderabad Railway Station → Police Lines (3 stops)"
"Tarnaka","Uppal X Road",17.42571,78.53223,17.40126,78.56007,4.1,14,0,"500","500: Tarnaka → Uppal X Road (2 stops)"
"Tarnaka","Boats Club",17.42571,78.53223,17.42644,78.48664,5.4,19,1,"431 → 251M/A","431: Tarnaka → Secunderabad Railway Station (4 stops) | 251M/A: Secunderabad Railway Station → Boats Club (3 stops)"
"Tarnaka","Womens College",17.42571,78.53223,17.38481,78.48762,7,26,0,"252","252: Tarnaka Rtc Hospital → Kachiguda X Road (5 stops)"
"Tarnaka","Hydernagar",17.42571,78.53223,17.49919,78.38352,19,64,0,"431","431: Tarnaka → Hydernagar (14 stops)"
"Tarnaka","Charminar",17.42571,78.53223,17.35868,78.47403,10.9,38,2,"252 → 2K → 253M","252: Tarnaka Rtc Hospital → Kachiguda Station (4 stops) | 2K: Kachiguda Station → Afzalgunj (5 stops) | 253M: Afzalgunj → Charminar (3 stops)"
"Tarnaka","Hitech City",17.42571,78.53223,17.44995,78.38257,17.9,61,2,"431 → 47YM → 10HW","431: Tarnaka → Secunderabad Railway Station (4 stops) | 47YM: Secunderabad Railway Station → Venkatagiri X Roads (8 stops) | 10HW: Venkatagiri X Roads → Hitech City (4 stops)"
"Tarnaka","Ameerpet",17.42571,78.53223,17.43155,78.44765,10,37,1,"431 → 47YM","431: Tarnaka → Secunderabad Railway Station (4 stops) | 47YM: Secunderabad Railway Station → Kanaka Durga Temple (6 stops)"
"Tarnaka","Gandipet X Road",17.42571,78.53223,17.38500,78.33100,24.8,84,3,"252 → 2K → 1JK → 94/220K","252: Tarnaka Rtc Hospital → Kachiguda Station (4 stops) | 2K: Kachiguda Station → Afzalgunj (5 stops) | 1JK: Afzalgunj → Langar House (9 stops) | 94/220K: Langar House → Gandipet X Road (13 stops)"
"Tarnaka","Gachibowli",17.42571,78.53223,17.43966,78.36356,20.9,71,2,"431 → 47YM → 10HW","431: Tarnaka → Secunderabad Railway Station (4 stops) | 47YM: Secunderabad Railway Station → Venkatagiri X Roads (8 stops) | 10HW: Venkatagiri X Roads → Telecom Nagar (6 stops)"
"Tarnaka","Miyapur",17.42571,78.53223,17.49669,78.36077,21.7,73,1,"431 → 10MN","431: Tarnaka → Hydernagar (14 stops) | 10MN: Hydernagar → Miyapur (2 stops)"
"Tarnaka","Sr Nagar",17.42571,78.53223,17.44027,78.44260,11.1,38,2,"431 → 47YM → 10KH","431: Tarnaka → Secunderabad Railway Station (4 stops) | 47YM: Secunderabad Railway Station → Kanaka Durga Temple (6 stops) | 10KH: Kanaka Durga Temple → Sr Nagar (3 stops)"
"Tarnaka","Begumpet",17.42571,78.53223,17.10805,78.55358,42.2,146,1,"AL → 203A/479","AL: Tarnaka-Iict → Balapur X Road (6 stops) | 203A/479: Balapur X Road → Begumpet (17 stops)"
"Tarnaka","Tolichowki",17.42571,78.53223,17.39924,78.41552,14.1,48,2,"252 → 6X → 116G","252: Tarnaka Rtc Hospital → Ladies Hostel Osmania University (2 stops) | 6X: Ladies Hostel Osmania University → Lakdikapool (13 stops) | 116G: Lakdikapool → Tolichowki (5 stops)"
"Tarnaka","Kondapur",17.42571,78.53223,17.46392,78.36725,19.5,66,1,"500 → 280B","500: Tarnaka → Ghatkesar Bus Station (3 stops) | 280B: Ghatkesar Bus Station → Kondapur (3 stops)"
"Tarnaka","Madhapur",17.42571,78.53223,17.63017,78.77482,38.8,130,1,"17D → 546","17D: Tarnaka → Nagaram (8 stops) | 546: Nagaram → Madhapur (13 stops)"
"Tarnaka","Shamshabad",17.42571,78.53223,17.26205,78.38824,25,84,1,"252 → 8R/251M","252: Tarnaka Rtc Hospital → Afzalganj Central Library (7 stops) | 8R/251M: Afzalganj Central Library → Shamshabad (12 stops)"
"Lb Nagar X Road","Secunderabad Railway Station",17.34699,78.55013,17.43426,78.50158,13.7,48,0,"186","186: Lb Nagar X Road → Secunderabad Railway Station (9 stops)"
"Lb Nagar X Road","Afzalgunj",17.34699,78.55013,17.37331,78.47693,9.4,33,2,"555 → 100V/208 → 277S","555: Lb Nagar X Road → Dilsukhnagar (3 stops) | 100V/208: Dilsukhnagar → Mgbs Exit (5 stops) | 277S: Mgbs Exit → Afzalgunj (2 stops)"
"Lb Nagar X Road","Alugadda Bhavi",17.34699,78.55013,17.43531,78.51438,12.3,43,0,"186","186: Lb Nagar X Road → Alugadda Bhavi (8 stops)"
"Lb Nagar X Road","Patny",17.34699,78.55013,17.44318,78.49625,14.9,52,0,"186","186: Lb Nagar X Road → Patny (10 stops)"
"Lb Nagar X Road","Cbs",17.34699,78.55013,17.37823,78.48168,9.8,35,1,"555 → 72D","555: Lb Nagar X Road → Dilsukhnagar (3 stops) | 72D: Dilsukhnagar → Koti Medical College (7 stops)"
"Lb Nagar X Road","Erragadda",17.34699,78.55013,17.45617,78.43378,19.3,66,1,"555 → 72D","555: Lb Nagar X Road → Dilsukhnagar (3 stops) | 72D: Dilsukhnagar → Erragadda (23 stops)"
"Lb Nagar X Road","Gajularamaram X Road",17.34699,78.55013,17.50941,78.44817,27,92,0,"186","186: Lb Nagar X Road → Rythubazar-Jdm (3 stops)"
"Lb Nagar X Road","Jbs",17.34699,78.55013,17.44757,78.49664,14.7,51,1,"186 → AL","186: Lb Nagar X Road → Tarnaka (7 stops) | AL: Tarnaka → Jbs (3 stops)"
"Lb Nagar X Road","Hayathnagar Bus Station",17.34699,78.55013,17.32732,78.60489,6.1,21,0,"555","555: Lb Nagar X Road → Hayathnagar Bus Station (4 stops)"
"Lb Nagar X Road","Rathifile Bus Station",17.34699,78.55013,17.43457,78.50488,13.4,47,1,"186 → 431","186: Lb Nagar X Road → Alugadda Bhavi (8 stops) | 431: Alugadda Bhavi → Rathifile Bus Station (2 stops)"
"Lb Nagar X Road","Nampally Public Garoaden",17.34699,78.55013,17.39628,78.47082,11.4,40,1,"555 → 72D","555: Lb Nagar X Road → Dilsukhnagar (3 stops) | 72D: Dilsukhnagar → Nampally Public Garoaden (10 stops)"
"Lb Nagar X Road","Lakdikapool",17.34699,78.55013,17.40361,78.46497,12.5,44,1,"555 → 72D","555: Lb Nagar X Road → Dilsukhnagar (3 stops) | 72D: Dilsukhnagar → Lakdikapool (12 stops)"
"Lb Nagar X Road","Ecil Bus Terminal",17.34699,78.55013,17.47253,78.57006,18.2,63,1,"186 → 3K/90L","186: Lb Nagar X Road → Tarnaka (7 stops) | 3K/90L: Tarnaka → Ecil Bus Terminal (12 stops)"
"Lb Nagar X Road","Secretariat",17.34699,78.55013,17.40812,78.47182,12.6,44,2,"555 → 72D → 277S","555: Lb Nagar X Road → Dilsukhnagar (3 stops) | 72D: Dilsukhnagar → Nampally Railway Station (9 stops) | 277S: Nampally Railway Station → Secretariat (2 stops)"
"Lb Nagar X Road","Patancheruvu",17.34699,78.55013,17.52903,78.26428,40.8,138,1,"555 → 72D","555: Lb Nagar X Road → Dilsukhnagar (3 stops) | 72D: Dilsukhnagar → Patancheruvu (50 stops)"
"Lb Nagar X Road","Darul Shifa",17.34699,78.55013,17.37327,78.48299,8.9,32,1,"555 → 100V/208","555: Lb Nagar X Road → Dilsukhnagar (3 stops) | 100V/208: Dilsukhnagar → Darul Shifa (6 stops)"
"Lb Nagar X Road","Plaza",17.34699,78.55013,17.44330,78.49066,15.2,53,1,"186 → 10JB","186: Lb Nagar X Road → Secunderabad Railway Station (9 stops) | 10JB: Secunderabad Railway Station → Plaza (2 stops)"
"Lb Nagar X Road","Bluesea Cafe",17.34699,78.55013,17.43713,78.50515,13.3,47,1,"186 → 242","186: Lb Nagar X Road → Alugadda Bhavi (8 stops) | 242: Alugadda Bhavi → Bluesea Cafe (2 stops)"
"Lb Nagar X Road","Tarnaka",17.34699,78.55013,17.42571,78.53223,10.2,36,0,"186","186: Lb Nagar X Road → Tarnaka (7 stops)"
"Lb Nagar X Road","Lingampally Bs",17.34699,78.55013,17.49485,78.31689,33.9,115,1,"555 → 72D","555: Lb Nagar X Road → Dilsukhnagar (3 stops) | 72D: Dilsukhnagar → Lingampally Bs (43 stops)"
"Lb Nagar X Road","Kukatpally",17.34699,78.55013,17.48385,78.41242,25.2,86,0,"186","186: Lb Nagar X Road → Kukatpally (16 stops)"
"Lb Nagar X Road","Jublee Bus Station",17.34699,78.55013,17.44761,78.49758,15.3,53,1,"186 → AC","186: Lb Nagar X Road → Secunderabad Railway Station (9 stops) | AC: Secunderabad Railway Station → Jublee Bus Station (2 stops)"
"Lb Nagar X Road","Ibrahimpatnam Bus Station",17.34699,78.55013,17.19144,78.64766,22.3,76,1,"540/400 → 401","540/400: Lb Nagar  X Road → Bongloor X Road (8 stops) | 401: Bongloor X Road → Ibrahimpatnam Bus Station (3 stops)"
"Lb Nagar X Road","Prashanth Nagar",17.34699,78.55013,17.47378,78.42698,13.1,46,1,"186 → 3K/90L","186: Lb Nagar X Road → Tarnaka (7 stops) | 3K/90L: Tarnaka → Lalapet (4 stops)"
"Lb Nagar X Road","Moosapet",17.34699,78.55013,17.47081,78.42668,21,72,1,"555 → 72D","555: Lb Nagar X Road → Dilsukhnagar (3 stops) | 72D: Dilsukhnagar → Moosapet (25 stops)"
"Lb Nagar X Road","Cherlapally Bus Stand",17.34699,78.55013,17.46329,78.61145,17.8,61,2,"186 → 300/242 → 16A/281","186: Lb Nagar X Road → Ngri (6 stops) | 300/242: Ngri → Hcl X Road (6 stops) | 16A/281: Hcl X Road → Cherlapally Bus Stand (3 stops)"
"Lb Nagar X Road","Koti Medical College",17.34699,78.55013,17.38310,78.48282,9.2,33,1,"555 → 72D","555: Lb Nagar X Road → Dilsukhnagar (3 stops) | 72D: Dilsukhnagar → Koti Medical College (7 stops)"
"Lb Nagar X Road","Chadarghat",17.34699,78.55013,17.37722,78.49302,7.7,28,1,"555 → 72D","555: Lb Nagar X Road → Dilsukhnagar (3 stops) | 72D: Dilsukhnagar → Chadarghat (5 stops)"
"Lb Nagar X Road","Kachiguda X Road",17.34699,78.55013,17.39069,78.48938,9.9,35,2,"555 → 72D → 65K/123","555: Lb Nagar X Road → Dilsukhnagar (3 stops) | 72D: Dilsukhnagar → Chadarghat (5 stops) | 65K/123: Chadarghat → Kachiguda Railway Station (2 stops)"
"Lb Nagar X Road","Gandimaisamma",17.34699,78.55013,17.57508,78.42319,13.6,46,1,"555 → 205","555: Lb Nagar X Road → Orr (7 stops) | 205: Orr → Gandimaisamma (2 stops)"
"Lb Nagar X Road","Mehdipatnam",17.34699,78.55013,17.39527,78.43980,14.2,49,2,"555 → 72D → 116N","555: Lb Nagar X Road → Dilsukhnagar (3 stops) | 72D: Dilsukhnagar → Koti Medical College (7 stops) | 116N: Koti Medical College → Mehdipatnam (8 stops)"
"Lb Nagar X Road","Bata",17.34699,78.55013,17.43600,78.49370,14.6,51,0,"186","186: Lb Nagar X Road → Secunderabad Railway Station (9 stops)"
"Lb Nagar X Road","Jntu X Rd",17.34699,78.55013,17.49672,78.39445,25.6,88,1,"555 → 72D","555: Lb Nagar X Road → Dilsukhnagar (3 stops) | 72D: Dilsukhnagar → Jntu X Road (31 stops)"
"Lb Nagar X Road","Super Bazar",17.34699,78.55013,17.37193,78.50992,5.8,21,1,"555 → 72","555: Lb Nagar X Road → Dilsukhnagar (3 stops) | 72: Dilsukhnagar → Super Bazar (3 stops)"
"Lb Nagar X Road","Race Course",17.34699,78.55013,17.45076,78.48820,16.1,56,0,"186","186: Lb Nagar X Road → Race Course (11 stops)"
"Lb Nagar X Road","Punjagutta",17.34699,78.55013,17.42645,78.45141,15.5,54,1,"555 → 72D","555: Lb Nagar X Road → Dilsukhnagar (3 stops) | 72D: Dilsukhnagar → Punjagutta (17 stops)"
"Lb Nagar X Road","Balanagar",17.34699,78.55013,17.46697,78.44626,21.2,73,0,"186","186: Lb Nagar X Road → Balanagar (14 stops)"
"Lb Nagar X Road","Chintal",17.34699,78.55013,17.49540,78.45210,24.4,84,1,"186 → 30S","186: Lb Nagar X Road → Balanagar (14 stops) | 30S: Balanagar → Chintal (5 stops)"
"Lb Nagar X Road","Nanal Nagar",17.34699,78.55013,17.39620,78.42700,15.6,54,2,"555 → 72D → 216","555: Lb Nagar X Road → Dilsukhnagar (3 stops) | 72D: Dilsukhnagar → Koti Medical College (7 stops) | 216: Koti Medical College → Nanal Nagar (9 stops)"
"Lb Nagar X Road","Abids Gpo",17.34699,78.55013,17.38757,78.47617,10.1,36,1,"555 → 72D","555: Lb Nagar X Road → Dilsukhnagar (3 stops) | 72D: Dilsukhnagar → Abids Gpo (8 stops)"
"Lb Nagar X Road","Kachiguda Railway Station",17.34699,78.55013,17.38950,78.49726,9.1,32,2,"555 → 72D → 65K/123","555: Lb Nagar X Road → Dilsukhnagar (3 stops) | 72D: Dilsukhnagar → Chadarghat (5 stops) | 65K/123: Chadarghat → Kachiguda Railway Station (2 stops)"
"Lb Nagar X Road","Ghatkesar Bus Station",17.34699,78.55013,17.45213,78.68231,20.4,70,2,"186 → 115RR → 500","186: Lb Nagar X Road → Nagole Metro Station (4 stops) | 115RR: Nagole Metro Station → Uppal X Road (2 stops) | 500: Uppal X Road → Ghatkesar Bus Station (2 stops)"
"Lb Nagar X Road","Chengicherla",17.34699,78.55013,17.43313,78.60845,14.4,50,2,"186 → 115RR → 18C/R","186: Lb Nagar X Road → Nagole Metro Station (4 stops) | 115RR: Nagole Metro Station → Boduppal Kamman (5 stops) | 18C/R: Boduppal Kamman → Chengicherla (9 stops)"
"Lb Nagar X Road","Quthbullapur X Rd",17.34699,78.55013,17.49890,78.45176,24.8,85,1,"186 → 30S","186: Lb Nagar X Road → Balanagar (14 stops) | 30S: Balanagar → Chintal (5 stops)"
"Lb Nagar X Road","Shapur Nagar",17.34699,78.55013,17.51600,78.44690,26.4,91,0,"186","186: Lb Nagar X Road → Rythubazar-Jdm (3 stops)"
"Lb Nagar X Road","Panama Godown",17.34699,78.55013,17.33840,78.56864,2,7,0,"555","555: Lb Nagar X Road → Panama Godown (2 stops)"
"Lb Nagar X Road","Gachibowli X Road",17.34699,78.55013,17.43903,78.36295,24,82,2,"555 → 72D → 116N/220K","555: Lb Nagar X Road → Dilsukhnagar (3 stops) | 72D: Dilsukhnagar → Koti Medical College (7 stops) | 116N/220K: Koti Medical College → Gachibowli X Road (17 stops)"
"Lb Nagar X Road","Abids Grammar School",17.34699,78.55013,17.39333,78.47625,12.2,43,2,"555 → 72D → 1M/D","555: Lb Nagar X Road → Dilsukhnagar (3 stops) | 72D: Dilsukhnagar → Nampally Railway Station (9 stops) | 1M/D: Nampally Railway Station → Abids Grammar School (3 stops)"
"Lb Nagar X Road","Dilsukhnagar",17.34699,78.55013,17.36862,78.52366,4.3,16,0,"555","555: Lb Nagar X Road → Dilsukhnagar (3 stops)"
"Lb Nagar X Road","Sathamrai",17.34699,78.55013,17.27452,78.40118,20.5,71,0,"300/532","300/532: Lb Nagar → Sathamrai (13 stops)"
"Lb Nagar X Road","Gajularam X Road",17.34699,78.55013,17.51010,78.44771,27.1,92,0,"186","186: Lb Nagar X Road → Rythubazar-Jdm (3 stops)"
"Lb Nagar X Road","Rc Puram",17.34699,78.55013,17.51362,78.28780,37.8,128,1,"555 → 72D","555: Lb Nagar X Road → Dilsukhnagar (3 stops) | 72D: Dilsukhnagar → Rc Puram (47 stops)"
"Lb Nagar X Road","Kphb",17.34699,78.55013,17.49456,78.40081,28,95,0,"186","186: Lb Nagar X Road → Kphb (18 stops)"
"Lb Nagar X Road","Pisal Banda",17.34699,78.55013,17.33995,78.50379,5.6,21,0,"300/253","300/253: Lb Nagar → Pisal Banda (5 stops)"
"Lb Nagar X Road","Police Lines",17.34699,78.55013,17.44365,78.47499,16.9,58,1,"186 → 47YN","186: Lb Nagar X Road → Secunderabad Railway Station (9 stops) | 47YN: Secunderabad Railway Station → Police Lines (3 stops)"
"Lb Nagar X Road","Uppal X Road",17.34699,78.55013,17.40126,78.56007,6.3,23,1,"186 → 203","186: Lb Nagar X Road → Nagole Metro Station (4 stops) | 203: Nagole Metro Station → Uppal X Road (2 stops)"
"Lb Nagar X Road","Boats Club",17.34699,78.55013,17.42644,78.48664,15.6,54,1,"186 → 251M/A","186: Lb Nagar X Road → Secunderabad Railway Station (9 stops) | 251M/A: Secunderabad Railway Station → Boats Club (3 stops)"
"Lb Nagar X Road","Womens College",17.34699,78.55013,17.38481,78.48762,8.7,31,1,"555 → 72D","555: Lb Nagar X Road → Dilsukhnagar (3 stops) | 72D: Dilsukhnagar → Womens College (6 stops)"
"Lb Nagar X Road","Hydernagar",17.34699,78.55013,17.49919,78.38352,26.8,91,1,"555 → 72D","555: Lb Nagar X Road → Dilsukhnagar (3 stops) | 72D: Dilsukhnagar → Hydernagar (34 stops)"
"Lb Nagar X Road","Charminar",17.34699,78.55013,17.35868,78.47403,10.8,38,2,"555 → 100V/208 → 253M","555: Lb Nagar X Road → Dilsukhnagar (3 stops) | 100V/208: Dilsukhnagar → Darul Shifa (6 stops) | 253M: Darul Shifa → Charminar (2 stops)"
"Lb Nagar X Road","Hitech City",17.34699,78.55013,17.44995,78.38257,24.4,83,2,"555 → 72D → 222A","555: Lb Nagar X Road → Dilsukhnagar (3 stops) | 72D: Dilsukhnagar → Lakdikapool (12 stops) | 222A: Lakdikapool → Hitech City (16 stops)"
"Lb Nagar X Road","Ameerpet",17.34699,78.55013,17.43155,78.44765,16.1,56,1,"555 → 72D","555: Lb Nagar X Road → Dilsukhnagar (3 stops) | 72D: Dilsukhnagar → Ameerpet (19 stops)"
"Lb Nagar X Road","Gandipet X Road",17.34699,78.55013,17.38500,78.33100,80.1,270,5,"555 → 72D → 518 → 19S/505 → 19S/505 → 19S/505","555: Lb Nagar X Road → Dilsukhnagar (3 stops) | 72D: Dilsukhnagar → Patancheruvu (50 stops) | 518: Patancheruvu → Bulkapur (10 stops) | 19S/505: Bulkapur → Ibs (3 stops) | 19S/505: Ibs → Maharajpet (2 stops) | 19S/505: Maharajpet → Gandipet X Road (8 stops)"
"Lb Nagar X Road","Gachibowli",17.34699,78.55013,17.43966,78.36356,24.1,83,2,"555 → 72D → 116N/220K","555: Lb Nagar X Road → Dilsukhnagar (3 stops) | 72D: Dilsukhnagar → Koti Medical College (7 stops) | 116N/220K: Koti Medical College → Gachibowli X Road (17 stops)"
"Lb Nagar X Road","Miyapur",17.34699,78.55013,17.49669,78.36077,29.6,101,1,"555 → 72D","555: Lb Nagar X Road → Dilsukhnagar (3 stops) | 72D: Dilsukhnagar → Miyapur (37 stops)"
"Lb Nagar X Road","Sr Nagar",17.34699,78.55013,17.44027,78.44260,17.6,61,1,"555 → 72D","555: Lb Nagar X Road → Dilsukhnagar (3 stops) | 72D: Dilsukhnagar → Sr Nagar (21 stops)"
"Lb Nagar X Road","Begumpet",17.34699,78.55013,17.10805,78.55358,31.4,107,2,"540/400 → 277N → 203A/479","540/400: Lb Nagar  X Road → Gurramguda X Road (4 stops) | 277N: Gurramguda X Road → Nadargul (4 stops) | 203A/479: Nadargul → Begumpet (9 stops)"
"Lb Nagar X Road","Tolichowki",17.34699,78.55013,17.39924,78.41552,16.8,58,2,"555 → 72D → 216","555: Lb Nagar X Road → Dilsukhnagar (3 stops) | 72D: Dilsukhnagar → Koti Medical College (7 stops) | 216: Koti Medical College → Tolichowki (10 stops)"
"Lb Nagar X Road","Kondapur",17.34699,78.55013,17.46392,78.36725,21.8,75,3,"186 → 115RR → 500 → 280B","186: Lb Nagar X Road → Nagole Metro Station (4 stops) | 115RR: Nagole Metro Station → Uppal X Road (2 stops) | 500: Uppal X Road → Ghatkesar Bus Station (2 stops) | 280B: Ghatkesar Bus Station → Kondapur (3 stops)"
"Lb Nagar X Road","Madhapur",17.34699,78.55013,17.63017,78.77482,28.2,96,2,"540/400 → 277P → 486","540/400: Lb Nagar  X Road → Bongloor X Road (8 stops) | 277P: Bongloor X Road → Yeliminedu (9 stops) | 486: Yeliminedu → Madhapur (2 stops)"
"Lb Nagar X Road","Shamshabad",17.34699,78.55013,17.26205,78.38824,22.5,78,0,"300/532","300/532: Lb Nagar → Shamshabad (14 stops)"
"Lingampally Bs","Secunderabad Railway Station",17.49485,78.31689,17.43426,78.50158,22.2,75,0,"219P","219P: Lingampally → Secunderabad Railway Station (13 stops)"
"Lingampally Bs","Afzalgunj",17.49485,78.31689,17.37331,78.47693,25.4,87,1,"300A/217 → 217","300A/217: Lingampally Bs → Nanal Nagar (10 stops) | 217: Nanal Nagar → Afzalganj Central Library (12 stops)"
"Lingampally Bs","Alugadda Bhavi",17.49485,78.31689,17.43531,78.51438,23.6,80,1,"219P → 186","219P: Lingampally → Secunderabad Railway Station (13 stops) | 186: Secunderabad Railway Station → Alugadda Bhavi (2 stops)"
"Lingampally Bs","Patny",17.49485,78.31689,17.44318,78.49625,21.1,71,0,"219P","219P: Lingampally → Patny (12 stops)"
"Lingampally Bs","Cbs",17.49485,78.31689,17.37823,78.48168,24.8,83,1,"300A/217 → 116/220K","300A/217: Lingampally Bs → Nanal Nagar (10 stops) | 116/220K: Nanal Nagar → Cbs (7 stops)"
"Lingampally Bs","Erragadda",17.49485,78.31689,17.45617,78.43378,15.1,51,1,"219P → 113K","219P: Lingampally → Kukatpally (6 stops) | 113K: Kukatpally → Erragadda (3 stops)"
"Lingampally Bs","Gajularamaram X Road",17.49485,78.31689,17.50941,78.44817,16.8,57,1,"219P → 171KJ","219P: Lingampally → Kphb (5 stops) | 171KJ: Kphb → Gajularamaram X Road (14 stops)"
"Lingampally Bs","Jbs",17.49485,78.31689,17.44757,78.49664,20.9,72,1,"219P → 511","219P: Lingampally → Tadbund (10 stops) | 511: Tadbund → Jublee Bus Station (2 stops)"
"Lingampally Bs","Hayathnagar Bus Station",17.49485,78.31689,17.32732,78.60489,39.3,131,3,"300A/217 → 116/220K → 277MP → 524","300A/217: Lingampally Bs → Nanal Nagar (10 stops) | 116/220K: Nanal Nagar → Abids Grammar School (5 stops) | 277MP: Abids Grammar School → Ntr Nagar (12 stops) | 524: Ntr Nagar → Hayathnagar Bus Station (8 stops)"
"Lingampally Bs","Rathifile Bus Station",17.49485,78.31689,17.43457,78.50488,22.6,76,0,"219P","219P: Lingampally → Secunderabad Railway Station (13 stops)"
"Lingampally Bs","Nampally Public Garoaden",17.49485,78.31689,17.39628,78.47082,22.7,77,1,"300A/217 → 217","300A/217: Lingampally Bs → Nanal Nagar (10 stops) | 217: Nanal Nagar → Public Garden (8 stops)"
"Lingampally Bs","Lakdikapool",17.49485,78.31689,17.40361,78.46497,21.1,71,1,"300A/217 → 217","300A/217: Lingampally Bs → Nanal Nagar (10 stops) | 217: Nanal Nagar → Lakdikapool (6 stops)"
"Lingampally Bs","Ecil Bus Terminal",17.49485,78.31689,17.47253,78.57006,31.5,109,1,"219P → 37/8A","219P: Lingampally → Patny (12 stops) | 37/8A: Clock Tower → Ecil Bus Terminal (7 stops)"
"Lingampally Bs","Secretariat",17.49485,78.31689,17.40812,78.47182,22.1,74,1,"300A/217 → 10W","300A/217: Lingampally Bs → Nanal Nagar (10 stops) | 10W: Nanal Nagar → Secretariat (7 stops)"
"Lingampally Bs","Patancheruvu",17.49485,78.31689,17.52903,78.26428,6.8,23,0,"300A/217","300A/217: Lingampally Bs → Patancheruvu (5 stops)"
"Lingampally Bs","Darul Shifa",17.49485,78.31689,17.37327,78.48299,26.1,89,1,"300A/217 → 217","300A/217: Lingampally Bs → Nanal Nagar (10 stops) | 217: Nanal Nagar → Afzalganj Central Library (12 stops)"
"Lingampally Bs","Plaza",17.49485,78.31689,17.44330,78.49066,20.7,70,0,"219P","219P: Lingampally → Race Course (11 stops)"
"Lingampally Bs","Bluesea Cafe",17.49485,78.31689,17.43713,78.50515,22.2,75,1,"219P → 227G","219P: Lingampally → Patny (12 stops) | 227G: Patny → Bluesea Cafe (3 stops)"
"Lingampally Bs","Tarnaka",17.49485,78.31689,17.42571,78.53223,25.7,87,1,"219P → 186","219P: Lingampally → Secunderabad Railway Station (13 stops) | 186: Secunderabad Railway Station → Tarnaka (3 stops)"
"Lingampally Bs","Lb Nagar X Road",17.49485,78.31689,17.34699,78.55013,35.8,120,1,"219P → 186","219P: Lingampally → Secunderabad Railway Station (13 stops) | 186: Secunderabad Railway Station → Lb Nagar X Road (9 stops)"
"Lingampally Bs","Kukatpally",17.49485,78.31689,17.48385,78.41242,10.8,37,0,"219P","219P: Lingampally → Kukatpally (6 stops)"
"Lingampally Bs","Jublee Bus Station",17.49485,78.31689,17.44761,78.49758,20.8,71,1,"219P → 511","219P: Lingampally → Tadbund (10 stops) | 511: Tadbund → Jublee Bus Station (2 stops)"
"Lingampally Bs","Ibrahimpatnam Bus Station",17.49485,78.31689,17.19144,78.64766,56.2,188,2,"300A/217 → 116/220K → 277MP","300A/217: Lingampally Bs → Nanal Nagar (10 stops) | 116/220K: Nanal Nagar → Abids Grammar School (5 stops) | 277MP: Abids Grammar School → Ibrahimpatnam Bus Station (30 stops)"
"Lingampally Bs","Prashanth Nagar",17.49485,78.31689,17.47378,78.42698,12.6,45,0,"219P","219P: Lingampally → Prashanth Ngr (7 stops)"
"Lingampally Bs","Moosapet",17.49485,78.31689,17.47081,78.42668,12.6,43,1,"219P → 113K","219P: Lingampally → Kukatpally (6 stops) | 113K: Kukatpally → Moosapet (2 stops)"
"Lingampally Bs","Cherlapally Bus Stand",17.49485,78.31689,17.46329,78.61145,35.7,120,2,"219P → 186 → 250C/R","219P: Lingampally → Secunderabad Railway Station (13 stops) | 186: Secunderabad Railway Station → Tarnaka (3 stops) | 250C/R: Tarnaka → Cherlapally Bus Stand (7 stops)"
"Lingampally Bs","Koti Medical College",17.49485,78.31689,17.38310,78.48282,24.2,81,1,"300A/217 → 116/220K","300A/217: Lingampally Bs → Nanal Nagar (10 stops) | 116/220K: Nanal Nagar → Koti Medical College (6 stops)"
"Lingampally Bs","Chadarghat",17.49485,78.31689,17.37722,78.49302,25.6,86,2,"300A/217 → 116/220K → 277MP","300A/217: Lingampally Bs → Nanal Nagar (10 stops) | 116/220K: Nanal Nagar → Abids Grammar School (5 stops) | 277MP: Abids Grammar School → Chadarghat (3 stops)"
"Lingampally Bs","Kachiguda X Road",17.49485,78.31689,17.39069,78.48938,25.4,88,2,"300A/217 → 10W → 83/272","300A/217: Lingampally Bs → Nanal Nagar (10 stops) | 10W: Nanal Nagar → Secretariat (7 stops) | 83/272: Secretariat → Kacheguda X Road (9 stops)"
"Lingampally Bs","Gandimaisamma",17.49485,78.31689,17.57508,78.42319,19,65,1,"219P → 219/229","219P: Lingampally → Miyapur (3 stops) | 219/229: Miyapur → Gandimaisamma (12 stops)"
"Lingampally Bs","Mehdipatnam",17.49485,78.31689,17.39527,78.43980,18.3,61,1,"300A/217 → 217","300A/217: Lingampally Bs → Nanal Nagar (10 stops) | 217: Nanal Nagar → Mehdipatnam (2 stops)"
"Lingampally Bs","Bata",17.49485,78.31689,17.43600,78.49370,21.9,74,0,"219P","219P: Lingampally → Patny (12 stops)"
"Lingampally Bs","Jntu X Rd",17.49485,78.31689,17.49672,78.39445,8.3,29,1,"219P → 219","219P: Lingampally → Hydernagar (4 stops) | 219: Hydernagar → Jntu X Rd (2 stops)"
"Lingampally Bs","Super Bazar",17.49485,78.31689,17.37193,78.50992,27.2,91,2,"300A/217 → 116/220K → 277MP","300A/217: Lingampally Bs → Nanal Nagar (10 stops) | 116/220K: Nanal Nagar → Abids Grammar School (5 stops) | 277MP: Abids Grammar School → Super Bazar (6 stops)"
"Lingampally Bs","Race Course",17.49485,78.31689,17.45076,78.48820,19.9,67,0,"219P","219P: Lingampally → Race Course (11 stops)"
"Lingampally Bs","Punjagutta",17.49485,78.31689,17.42645,78.45141,18.4,63,1,"219P → 19MP/272","219P: Lingampally → Kukatpally (6 stops) | 19MP/272: Kukatpally → Punjagutta (5 stops)"
"Lingampally Bs","Balanagar",17.49485,78.31689,17.46697,78.44626,14.8,50,0,"219P","219P: Lingampally → Balanagar (8 stops)"
"Lingampally Bs","Chintal",17.49485,78.31689,17.49540,78.45210,18,61,1,"219P → 171Y","219P: Lingampally → Balanagar (8 stops) | 171Y: Balanagar → Chintal (5 stops)"
"Lingampally Bs","Nanal Nagar",17.49485,78.31689,17.39620,78.42700,17,57,0,"300A/217","300A/217: Lingampally Bs → Nanal Nagar (10 stops)"
"Lingampally Bs","Abids Gpo",17.49485,78.31689,17.38757,78.47617,23.5,79,1,"300A/217 → 116/220K","300A/217: Lingampally Bs → Nanal Nagar (10 stops) | 116/220K: Nanal Nagar → Abids Grammar School (5 stops)"
"Lingampally Bs","Kachiguda Railway Station",17.49485,78.31689,17.38950,78.49726,27,90,2,"300A/217 → 116/220K → 65K/123","300A/217: Lingampally Bs → Nanal Nagar (10 stops) | 116/220K: Nanal Nagar → Cbs (7 stops) | 65K/123: Cbs → Kachiguda Railway Station (3 stops)"
"Lingampally Bs","Ghatkesar Bus Station",17.49485,78.31689,17.45213,78.68231,43.9,147,2,"219P → 290/186 → 500","219P: Lingampally → Secunderabad Railway Station (13 stops) | 290/186: Secunderabad Railway Station → Uppal X Road (6 stops) | 500: Uppal X Road → Ghatkesar Bus Station (2 stops)"
"Lingampally Bs","Chengicherla",17.49485,78.31689,17.43313,78.60845,38.9,131,3,"219P → 113K → 284P → 18CR","219P: Lingampally → Kukatpally (6 stops) | 113K: Kukatpally → Uppal Bus Station (14 stops) | 284P: Uppal Bus Station → Medipally (3 stops) | 18CR: Medipally → Chengicherla (3 stops)"
"Lingampally Bs","Quthbullapur X Rd",17.49485,78.31689,17.49890,78.45176,18.4,63,1,"219P → 250C/30","219P: Lingampally → Balanagar (8 stops) | 250C/30: Balanagar → Quthbullapur X Rd (6 stops)"
"Lingampally Bs","Shapur Nagar",17.49485,78.31689,17.51600,78.44690,17.3,59,1,"219P → 171KJ","219P: Lingampally → Kphb (5 stops) | 171KJ: Kphb → Shapur Nagar (15 stops)"
"Lingampally Bs","Panama Godown",17.49485,78.31689,17.33840,78.56864,38,128,1,"219P → 186","219P: Lingampally → Secunderabad Railway Station (13 stops) | 186: Secunderabad Railway Station → Panama Godown (10 stops)"
"Lingampally Bs","Gachibowli X Road",17.49485,78.31689,17.43903,78.36295,8.6,29,0,"300A/217","300A/217: Lingampally Bs → Gachibowli X Road (6 stops)"
"Lingampally Bs","Abids Grammar School",17.49485,78.31689,17.39333,78.47625,22.9,77,1,"300A/217 → 116/220K","300A/217: Lingampally Bs → Nanal Nagar (10 stops) | 116/220K: Nanal Nagar → Abids Grammar School (5 stops)"
"Lingampally Bs","Dilsukhnagar",17.49485,78.31689,17.36862,78.52366,28.8,96,2,"300A/217 → 116/220K → 277MP","300A/217: Lingampally Bs → Nanal Nagar (10 stops) | 116/220K: Nanal Nagar → Abids Grammar School (5 stops) | 277MP: Abids Grammar School → Dilsukhnagar (8 stops)"
"Lingampally Bs","Sathamrai",17.49485,78.31689,17.27452,78.40118,31.8,107,1,"300A/217 → 49M/251","300A/217: Lingampally Bs → Aramghar X Roads (15 stops) | 49M/251: Aramghar → Sathamrai (4 stops)"
"Lingampally Bs","Gajularam X Road",17.49485,78.31689,17.51010,78.44771,16.7,57,1,"219P → 171KJ","219P: Lingampally → Kphb (5 stops) | 171KJ: Kphb → Gajularam X Road (14 stops)"
"Lingampally Bs","Rc Puram",17.49485,78.31689,17.51362,78.28780,3.8,13,0,"300A/217","300A/217: Lingampally Bs → Rc Puram (3 stops)"
"Lingampally Bs","Kphb",17.49485,78.31689,17.49456,78.40081,9,31,0,"219P","219P: Lingampally → Kphb (5 stops)"
"Lingampally Bs","Pisal Banda",17.49485,78.31689,17.33995,78.50379,30.5,103,3,"300A/217 → 471/92C → 300/532 → 300/253","300A/217: Lingampally Bs → Nanal Nagar (10 stops) | 471/92C: Nanal Nagar → Hashamabad (2 stops) | 300/532: Hashamabad → Phoolbagh (2 stops) | 300/253: Phoolbagh → Pisal Banda (2 stops)"
"Lingampally Bs","Police Lines",17.49485,78.31689,17.44365,78.47499,20.4,69,2,"219P → 10S/K → 10JB","219P: Lingampally → Kukatpally (6 stops) | 10S/K: Kukatpally → Rj College (5 stops) | 10JB: Rj College → Police Lines (2 stops)"
"Lingampally Bs","Uppal X Road",17.49485,78.31689,17.40126,78.56007,29.9,101,1,"219P → 290/186","219P: Lingampally → Secunderabad Railway Station (13 stops) | 290/186: Secunderabad Railway Station → Uppal X Road (6 stops)"
"Lingampally Bs","Boats Club",17.49485,78.31689,17.42644,78.48664,23.3,79,1,"219P → 8/26S","219P: Lingampally → Patny (12 stops) | 8/26S: Patny → Boats Club (4 stops)"
"Lingampally Bs","Womens College",17.49485,78.31689,17.38481,78.48762,24.6,83,2,"300A/217 → 116/220K → 222","300A/217: Lingampally Bs → Nanal Nagar (10 stops) | 116/220K: Nanal Nagar → Abids Grammar School (5 stops) | 222: Abids Grammar School → Koti Maternity Hospital (3 stops)"
"Lingampally Bs","Hydernagar",17.49485,78.31689,17.49919,78.38352,7.1,25,0,"219P","219P: Lingampally → Hydernagar (4 stops)"
"Lingampally Bs","Charminar",17.49485,78.31689,17.35868,78.47403,31.1,105,2,"300A/217 → 471/92C → 178G","300A/217: Lingampally Bs → Nanal Nagar (10 stops) | 471/92C: Nanal Nagar → Hashamabad (2 stops) | 178G: Hashamabad → Charminar (9 stops)"
"Lingampally Bs","Hitech City",17.49485,78.31689,17.44995,78.38257,9.9,34,1,"127K/H → 222","127K/H: Lingampally Bs → Deepthi Sri Nagar (5 stops) | 222: Deepthisrinagar → Hitech City (9 stops)"
"Lingampally Bs","Ameerpet",17.49485,78.31689,17.43155,78.44765,17.4,59,1,"219P → 113K","219P: Lingampally → Kukatpally (6 stops) | 113K: Kukatpally → Sr Nagar (4 stops)"
"Lingampally Bs","Gandipet X Road",17.49485,78.31689,17.38500,78.33100,22.1,76,1,"220 → 94/220K","220: Bhel-Lingampally → Kollur (6 stops) | 94/220K: Kollur → Gandipet X Road (8 stops)"
"Lingampally Bs","Gachibowli",17.49485,78.31689,17.43966,78.36356,8.7,30,0,"300A/217","300A/217: Lingampally Bs → Gachibowli X Road (6 stops)"
"Lingampally Bs","Miyapur",17.49485,78.31689,17.49669,78.36077,4.7,17,0,"219P","219P: Lingampally → Miyapur (3 stops)"
"Lingampally Bs","Sr Nagar",17.49485,78.31689,17.44027,78.44260,16.6,57,1,"219P → 113K","219P: Lingampally → Kukatpally (6 stops) | 113K: Kukatpally → Sr Nagar (4 stops)"
"Lingampally Bs","Begumpet",17.49485,78.31689,17.10805,78.55358,57.2,191,2,"300A/217 → 471/92C → 478","300A/217: Lingampally Bs → Nanal Nagar (10 stops) | 471/92C: Rethi Bowli → Imamguda (9 stops) | 478: Imamguda → Begumpet (7 stops)"
"Lingampally Bs","Tolichowki",17.49485,78.31689,17.39924,78.41552,15.7,53,0,"300A/217","300A/217: Lingampally Bs → Brindavan Colony (9 stops)"
"Lingampally Bs","Kondapur",17.49485,78.31689,17.46392,78.36725,7.4,26,1,"127K/H → 222","127K/H: Lingampally Bs → Deepthi Sri Nagar (5 stops) | 222: Deepthisrinagar → Kondapur (5 stops)"
"Lingampally Bs","Shamshabad",17.49485,78.31689,17.26205,78.38824,30.4,103,1,"300A/217 → 315","300A/217: Lingampally Bs → Gachibowli X Road (6 stops) | 315: Gachibowli Orr → Shamshabad (4 stops)"
"Kukatpally","Secunderabad Railway Station",17.48385,78.41242,17.43426,78.50158,11.5,39,0,"219P","219P: Kukatpally → Secunderabad Railway Station (8 stops)"
"Kukatpally","Afzalgunj",17.48385,78.41242,17.37331,78.47693,14.5,49,2,"113K → 127N → 8","113K: Kukatpally → Telephone Bhavan (7 stops) | 127N: Telephone Bhavan → Abids Grammar School (3 stops) | 8: Abids Grammar School → Afzalgunj (4 stops)"
"Kukatpally","Alugadda Bhavi",17.48385,78.41242,17.43531,78.51438,12.8,44,1,"219P → 186","219P: Kukatpally → Secunderabad Railway Station (8 stops) | 186: Secunderabad Railway Station → Alugadda Bhavi (2 stops)"
"Kukatpally","Patny",17.48385,78.41242,17.44318,78.49625,10.3,36,0,"219P","219P: Kukatpally → Patny (7 stops)"
"Kukatpally","Cbs",17.48385,78.41242,17.37823,78.48168,14.1,48,1,"113K → 116G","113K: Kukatpally → Telephone Bhavan (7 stops) | 116G: Assembly → Cbs (3 stops)"
"Kukatpally","Erragadda",17.48385,78.41242,17.45617,78.43378,3.9,13,0,"10MN","10MN: Kukatpally → Erragadda (3 stops)"
"Kukatpally","Gajularamaram X Road",17.48385,78.41242,17.50941,78.44817,9,32,0,"219/27G","219/27G: Kukatpally → Gajularam X Road (9 stops)"
"Kukatpally","Jbs",17.48385,78.41242,17.44757,78.49664,10.2,36,1,"219P → 511","219P: Kukatpally → Tadbund (5 stops) | 511: Tadbund → Jublee Bus Station (2 stops)"
"Kukatpally","Hayathnagar Bus Station",17.48385,78.41242,17.32732,78.60489,28.7,97,3,"113K → 127N → 277MP → 524","113K: Kukatpally → Telephone Bhavan (7 stops) | 127N: Telephone Bhavan → Abids Grammar School (3 stops) | 277MP: Abids Grammar School → Ntr Nagar (12 stops) | 524: Ntr Nagar → Hayathnagar Bus Station (8 stops)"
"Kukatpally","Rathifile Bus Station",17.48385,78.41242,17.43457,78.50488,11.8,41,0,"219P","219P: Kukatpally → Secunderabad Railway Station (8 stops)"
"Kukatpally","Nampally Public Garoaden",17.48385,78.41242,17.39628,78.47082,11.8,41,0,"113K","113K: Kukatpally → Telephone Bhavan (7 stops)"
"Kukatpally","Lakdikapool",17.48385,78.41242,17.40361,78.46497,10.3,35,0,"113K","113K: Kukatpally → Khairatabad (6 stops)"
"Kukatpally","Ecil Bus Terminal",17.48385,78.41242,17.47253,78.57006,20.7,73,1,"219P → 37/8A","219P: Kukatpally → Patny (7 stops) | 37/8A: Clock Tower → Ecil Bus Terminal (7 stops)"
"Kukatpally","Secretariat",17.48385,78.41242,17.40812,78.47182,11,38,0,"113K","113K: Kukatpally → Telephone Bhavan (7 stops)"
"Kukatpally","Patancheruvu",17.48385,78.41242,17.52903,78.26428,17.5,59,2,"10MN → 224L → 300A/217","10MN: Kukatpally → Miyapur (5 stops) | 224L: Miyapur → Lingampally Bs (4 stops) | 300A/217: Lingampally Bs → Patancheruvu (5 stops)"
"Kukatpally","Darul Shifa",17.48385,78.41242,17.37327,78.48299,15.2,52,2,"113K → 127N → 8A","113K: Kukatpally → Telephone Bhavan (7 stops) | 127N: Telephone Bhavan → Abids Grammar School (3 stops) | 8A: Abids Grammar School → Darul Shifa (5 stops)"
"Kukatpally","Plaza",17.48385,78.41242,17.44330,78.49066,11.2,38,0,"10MN","10MN: Kukatpally → Plaza (7 stops)"
"Kukatpally","Bluesea Cafe",17.48385,78.41242,17.43713,78.50515,11.5,39,1,"219P → 227G","219P: Kukatpally → Patny (7 stops) | 227G: Patny → Bluesea Cafe (3 stops)"
"Kukatpally","Tarnaka",17.48385,78.41242,17.42571,78.53223,15,51,1,"219P → 186","219P: Kukatpally → Secunderabad Railway Station (8 stops) | 186: Secunderabad Railway Station → Tarnaka (3 stops)"
"Kukatpally","Lb Nagar X Road",17.48385,78.41242,17.34699,78.55013,25,85,1,"219P → 186","219P: Kukatpally → Secunderabad Railway Station (8 stops) | 186: Secunderabad Railway Station → Lb Nagar X Road (9 stops)"
"Kukatpally","Lingampally Bs",17.48385,78.41242,17.49485,78.31689,10.7,36,1,"10MN → 224L","10MN: Kukatpally → Miyapur (5 stops) | 224L: Miyapur → Lingampally Bs (4 stops)"
"Kukatpally","Jublee Bus Station",17.48385,78.41242,17.44761,78.49758,10.1,35,1,"219P → 511","219P: Kukatpally → Tadbund (5 stops) | 511: Tadbund → Jublee Bus Station (2 stops)"
"Kukatpally","Ibrahimpatnam Bus Station",17.48385,78.41242,17.19144,78.64766,45.6,153,2,"113K → 127N → 277MP","113K: Kukatpally → Telephone Bhavan (7 stops) | 127N: Telephone Bhavan → Abids Grammar School (3 stops) | 277MP: Abids Grammar School → Ibrahimpatnam Bus Station (30 stops)"
"Kukatpally","Prashanth Nagar",17.48385,78.41242,17.47378,78.42698,1.9,7,0,"186","186: Kukatpally → Prashanth Nagar (2 stops)"
"Kukatpally","Moosapet",17.48385,78.41242,17.47081,78.42668,1.9,7,0,"113K","113K: Kukatpally → Moosapet (2 stops)"
"Kukatpally","Cherlapally Bus Stand",17.48385,78.41242,17.46329,78.61145,25,84,2,"219P → 186 → 250C/R","219P: Kukatpally → Secunderabad Railway Station (8 stops) | 186: Secunderabad Railway Station → Tarnaka (3 stops) | 250C/R: Tarnaka → Cherlapally Bus Stand (7 stops)"
"Kukatpally","Koti Medical College",17.48385,78.41242,17.38310,78.48282,13.6,46,2,"113K → 127N → 218I","113K: Kukatpally → Telephone Bhavan (7 stops) | 127N: Telephone Bhavan → Abids Grammar School (3 stops) | 218I: Abids Grammar School → Koti Medical College (2 stops)"
"Kukatpally","Chadarghat",17.48385,78.41242,17.37722,78.49302,15,51,2,"113K → 127N → 277MP","113K: Kukatpally → Telephone Bhavan (7 stops) | 127N: Telephone Bhavan → Abids Grammar School (3 stops) | 277MP: Abids Grammar School → Chadarghat (3 stops)"
"Kukatpally","Kachiguda X Road",17.48385,78.41242,17.39069,78.48938,16.2,56,1,"113K → 83/272","113K: Kukatpally → Telephone Bhavan (7 stops) | 83/272: Telephone Bhavan → Kachiguda X Road (13 stops)"
"Kukatpally","Gandimaisamma",17.48385,78.41242,17.57508,78.42319,16.7,57,0,"219/27G","219/27G: Kukatpally → Gandimaisamma (17 stops)"
"Kukatpally","Mehdipatnam",17.48385,78.41242,17.39527,78.43980,12,41,0,"19MP/272","19MP/272: Kukatpally → Mehdipatnam (8 stops)"
"Kukatpally","Bata",17.48385,78.41242,17.43600,78.49370,11.2,38,0,"219P","219P: Kukatpally → Patny (7 stops)"
"Kukatpally","Jntu X Rd",17.48385,78.41242,17.49672,78.39445,2.4,9,0,"10MN","10MN: Kukatpally → Jntu X Road (3 stops)"
"Kukatpally","Super Bazar",17.48385,78.41242,17.37193,78.50992,16.5,56,2,"113K → 127N → 277MP","113K: Kukatpally → Telephone Bhavan (7 stops) | 127N: Telephone Bhavan → Abids Grammar School (3 stops) | 277MP: Abids Grammar School → Super Bazar (6 stops)"
"Kukatpally","Race Course",17.48385,78.41242,17.45076,78.48820,9.1,32,0,"219P","219P: Kukatpally → Race Course (6 stops)"
"Kukatpally","Punjagutta",17.48385,78.41242,17.42645,78.45141,7.7,27,0,"19MP/272","19MP/272: Kukatpally → Punjagutta (5 stops)"
"Kukatpally","Balanagar",17.48385,78.41242,17.46697,78.44626,4,14,0,"186","186: Kukatpally → Balanagar (3 stops)"
"Kukatpally","Chintal",17.48385,78.41242,17.49540,78.45210,7.2,25,0,"219/27G","219/27G: Kukatpally → Chintal (7 stops)"
"Kukatpally","Nanal Nagar",17.48385,78.41242,17.39620,78.42700,13.3,46,1,"19MP/272 → 116G","19MP/272: Kukatpally → Mehdipatnam (8 stops) | 116G: Mehdipatnam → Nanal Nagar (2 stops)"
"Kukatpally","Abids Gpo",17.48385,78.41242,17.38757,78.47617,14.5,50,1,"113K → 127N","113K: Kukatpally → Telephone Bhavan (7 stops) | 127N: Telephone Bhavan → Abids Gpo (6 stops)"
"Kukatpally","Kachiguda Railway Station",17.48385,78.41242,17.38950,78.49726,15,54,1,"113K → 83/272","113K: Kukatpally → Telephone Bhavan (7 stops) | 83/272: Telephone Bhavan → Tourist Hotel (11 stops)"
"Kukatpally","Ghatkesar Bus Station",17.48385,78.41242,17.45213,78.68231,32.7,110,1,"19BM → 22/281","19BM: Kukatpally → Balajinagar (Twd Secunderabad (2 stops) | 22/281: Balajinagar → Ghatkesar Bus Station (19 stops)"
"Kukatpally","Chengicherla",17.48385,78.41242,17.43313,78.60845,28.2,95,2,"113K → 284P → 18CR","113K: Kukatpally → Uppal Bus Station (14 stops) | 284P: Uppal Bus Station → Medipally (3 stops) | 18CR: Medipally → Chengicherla (3 stops)"
"Kukatpally","Quthbullapur X Rd",17.48385,78.41242,17.49890,78.45176,7.6,26,0,"219/27G","219/27G: Kukatpally → Quthbullapur X Rd (8 stops)"
"Kukatpally","Shapur Nagar",17.48385,78.41242,17.51600,78.44690,9.5,33,0,"219/27G","219/27G: Kukatpally → Shapur Nagar (10 stops)"
"Kukatpally","Panama Godown",17.48385,78.41242,17.33840,78.56864,27.3,92,1,"219P → 186","219P: Kukatpally → Secunderabad Railway Station (8 stops) | 186: Secunderabad Railway Station → Panama Godown (10 stops)"
"Kukatpally","Gachibowli X Road",17.48385,78.41242,17.43903,78.36295,11.7,39,0,"198","198: Kukatpally → Gachibowli X Road (15 stops)"
"Kukatpally","Abids Grammar School",17.48385,78.41242,17.39333,78.47625,12.3,42,1,"113K → 127N","113K: Kukatpally → Telephone Bhavan (7 stops) | 127N: Telephone Bhavan → Abids Grammar School (3 stops)"
"Kukatpally","Dilsukhnagar",17.48385,78.41242,17.36862,78.52366,18.2,62,2,"113K → 127N → 277MP","113K: Kukatpally → Telephone Bhavan (7 stops) | 127N: Telephone Bhavan → Abids Grammar School (3 stops) | 277MP: Abids Grammar School → Dilsukhnagar (8 stops)"
"Kukatpally","Sathamrai",17.48385,78.41242,17.27452,78.40118,28.3,95,1,"19MP/272 → 92A/251S","19MP/272: Kukatpally → Mehdipatnam (8 stops) | 92A/251S: Mehdipatnam → Sathamrai (13 stops)"
"Kukatpally","Gajularam X Road",17.48385,78.41242,17.51010,78.44771,8.9,31,0,"219/27G","219/27G: Kukatpally → Gajularam X Road (9 stops)"
"Kukatpally","Rc Puram",17.48385,78.41242,17.51362,78.28780,14.5,49,2,"10MN → 224L → 300A/217","10MN: Kukatpally → Miyapur (5 stops) | 224L: Miyapur → Lingampally Bs (4 stops) | 300A/217: Lingampally Bs → Rc Puram (3 stops)"
"Kukatpally","Kphb",17.48385,78.41242,17.49456,78.40081,1.8,7,0,"219/27G","219/27G: Kukatpally → Kphb (2 stops)"
"Kukatpally","Pisal Banda",17.48385,78.41242,17.33995,78.50379,26.2,89,3,"113K → 127N → 8A/253S → 300/253","113K: Kukatpally → Telephone Bhavan (7 stops) | 127N: Telephone Bhavan → Abids Grammar School (3 stops) | 8A/253S: Abids Grammar School → Barkas (17 stops) | 300/253: Barkas → Pisal Banda (3 stops)"
"Kukatpally","Police Lines",17.48385,78.41242,17.44365,78.47499,9.6,33,1,"10MN → 10JB","10MN: Kukatpally → Rj College (5 stops) | 10JB: Rj College → Police Lines (2 stops)"
"Kukatpally","Uppal X Road",17.48385,78.41242,17.40126,78.56007,19.2,65,1,"219P → 290/186","219P: Kukatpally → Secunderabad Railway Station (8 stops) | 290/186: Secunderabad Railway Station → Uppal X Road (6 stops)"
"Kukatpally","Boats Club",17.48385,78.41242,17.42644,78.48664,12.6,43,1,"219P → 8/26S","219P: Kukatpally → Patny (7 stops) | 8/26S: Patny → Boats Club (4 stops)"
"Kukatpally","Womens College",17.48385,78.41242,17.38481,78.48762,14,49,1,"113K → 127N","113K: Kukatpally → Telephone Bhavan (7 stops) | 127N: Telephone Bhavan → Koti Bank Strret (4 stops)"
"Kukatpally","Hydernagar",17.48385,78.41242,17.49919,78.38352,3.6,12,0,"10MN","10MN: Kukatpally → Hydernagar (4 stops)"
"Kukatpally","Charminar",17.48385,78.41242,17.35868,78.47403,17.4,59,2,"113K → 127N → 8A","113K: Kukatpally → Telephone Bhavan (7 stops) | 127N: Telephone Bhavan → Abids Grammar School (3 stops) | 8A: Abids Grammar School → Charminar (9 stops)"
"Kukatpally","Hitech City",17.48385,78.41242,17.44995,78.38257,7.6,27,0,"198","198: Kukatpally → Cyber Towers (9 stops)"
"Kukatpally","Ameerpet",17.48385,78.41242,17.43155,78.44765,6.7,23,0,"113K","113K: Kukatpally → Sr Nagar (4 stops)"
"Kukatpally","Gandipet X Road",17.48385,78.41242,17.38500,78.33100,20.5,70,2,"198 → 316 → 120","198: Kukatpally → Gachibowli X Road (15 stops) | 316: Gachibowli Orr → Manchirevula X Road (4 stops) | 120: Manchirevula X Road → Gandipet X Road (4 stops)"
"Kukatpally","Gachibowli",17.48385,78.41242,17.43966,78.36356,11.8,41,0,"198","198: Kukatpally → Gachibowli X Road (15 stops)"
"Kukatpally","Miyapur",17.48385,78.41242,17.49669,78.36077,6.3,22,0,"10MN","10MN: Kukatpally → Miyapur (5 stops)"
"Kukatpally","Sr Nagar",17.48385,78.41242,17.44027,78.44260,5.5,19,0,"10MN","10MN: Kukatpally → Sr Nagar (4 stops)"
"Kukatpally","Tolichowki",17.48385,78.41242,17.39924,78.41552,14.6,50,1,"19MP/272 → 216","19MP/272: Kukatpally → Mehdipatnam (8 stops) | 216: Mehdipatnam → Tolichowki (3 stops)"
"Kukatpally","Kondapur",17.48385,78.41242,17.46392,78.36725,10.4,35,2,"10MN → 9EM → 222M","10MN: Kukatpally → Hydernagar (4 stops) | 9EM: Hydernagar → Miyapur X Road (2 stops) | 222M: Miyapur X Road → Kondapur (4 stops)"
"Kukatpally","Madhapur",17.48385,78.41242,17.63017,78.77482,48.1,162,3,"19BM → 22/281 → 496 → 577","19BM: Kukatpally → Balajinagar (Twd Secunderabad (2 stops) | 22/281: Balajinagar → Rampally X Road (8 stops) | 496: Rampally X Road → Keesara Village (5 stops) | 577: Keesara Village → Madhapur (11 stops)"
"Kukatpally","Shamshabad",17.48385,78.41242,17.26205,78.38824,30.2,102,1,"19MP/272 → 92A/251S","19MP/272: Kukatpally → Mehdipatnam (8 stops) | 92A/251S: Mehdipatnam → Shamshabad (14 stops)"
"Jublee Bus Station","Secunderabad Railway Station",17.44761,78.49758,17.43426,78.50158,1.5,6,0,"AC","AC: Jublee Bus Station → Secunderabad Railway Station (2 stops)"
"Jublee Bus Station","Afzalgunj",17.44761,78.49758,17.37331,78.47693,9.4,33,1,"5K/25S → 7Z/452","5K/25S: Jbs → Tankbund (5 stops) | 7Z/452: Tankbund → Afzalgunj (7 stops)"
"Jublee Bus Station","Alugadda Bhavi",17.44761,78.49758,17.43531,78.51438,2.7,10,0,"412","412: Jublee Bus Station → Alugaddabavi (4 stops)"
"Jublee Bus Station","Patny",17.44761,78.49758,17.44318,78.49625,0.5,2,0,"",""
"Jublee Bus Station","Cbs",17.44761,78.49758,17.37823,78.48168,8.6,30,1,"5K/25S → 7Z/452","5K/25S: Jbs → Tankbund (5 stops) | 7Z/452: Tankbund → Cbs (6 stops)"
"Jublee Bus Station","Erragadda",17.44761,78.49758,17.45617,78.43378,8.5,30,1,"147 → 10KM","147: Jbs → Begumpet Hps (5 stops) | 10KM: Begumpet Hps → Erragadda (7 stops)"
"Jublee Bus Station","Gajularamaram X Road",17.44761,78.49758,17.50941,78.44817,10.8,36,1,"567G → 171SM","567G: Jublee Bus Station → Chintal (6 stops) | 171SM: Chintal → Gajularamaram X Road (3 stops)"
"Jublee Bus Station","Jbs",17.44761,78.49758,17.44757,78.49664,0.1,2,0,"",""
"Jublee Bus Station","Hayathnagar Bus Station",17.44761,78.49758,17.32732,78.60489,21,71,1,"AL → 290U/F","AL: Jbs → Nagole X Road (5 stops) | 290U/F: Nagole X Road → Hayathnagar Bus Station (10 stops)"
"Jublee Bus Station","Rathifile Bus Station",17.44761,78.49758,17.43457,78.50488,1.8,6,0,"107JS","107JS: Jublee Bus Station → Rathifile Bus Station (3 stops)"
"Jublee Bus Station","Nampally Public Garoaden",17.44761,78.49758,17.39628,78.47082,7.8,27,1,"5K/25S → AA","5K/25S: Jbs → Secretariat (6 stops) | AA: Secretariat → Nampally Railway Station (3 stops)"
"Jublee Bus Station","Lakdikapool",17.44761,78.49758,17.40361,78.46497,6.3,23,0,"5K/25S","5K/25S: Jbs → Lakdikapool (8 stops)"
"Jublee Bus Station","Ecil Bus Terminal",17.44761,78.49758,17.47253,78.57006,10.3,37,0,"16ES","16ES: Jbs → Ecil Bus Terminal (14 stops)"
"Jublee Bus Station","Secretariat",17.44761,78.49758,17.40812,78.47182,5.3,19,0,"8R/251M","8R/251M: Jbs → Secretariat (6 stops)"
"Jublee Bus Station","Patancheruvu",17.44761,78.49758,17.52903,78.26428,27.7,93,1,"567G → 219/27G","567G: Jublee Bus Station → Balanagar (4 stops) | 219/27G: Balanagar → Patancheruvu (19 stops)"
"Jublee Bus Station","Darul Shifa",17.44761,78.49758,17.37327,78.48299,10,35,1,"5K/25S → 7Z/452","5K/25S: Jbs → Tankbund (5 stops) | 7Z/452: Tankbund → Afzalgunj (7 stops)"
"Jublee Bus Station","Plaza",17.44761,78.49758,17.44330,78.49066,0.9,5,0,"",""
"Jublee Bus Station","Bluesea Cafe",17.44761,78.49758,17.43713,78.50515,1.4,5,0,"412","412: Jublee Bus Station → Bluesea Cafe (2 stops)"
"Jublee Bus Station","Tarnaka",17.44761,78.49758,17.42571,78.53223,4.4,15,0,"500","500: Jublee Bus Station → Tarnaka (2 stops)"
"Jublee Bus Station","Lb Nagar X Road",17.44761,78.49758,17.34699,78.55013,14.8,50,1,"500 → 290/186","500: Jublee Bus Station → Uppal X Road (3 stops) | 290/186: Uppal X Road → Lb Nagar X Road (5 stops)"
"Jublee Bus Station","Lingampally Bs",17.44761,78.49758,17.49485,78.31689,20.8,70,1,"567G → 219/27G","567G: Jublee Bus Station → Balanagar (4 stops) | 219/27G: Balanagar → Lingampally (13 stops)"
"Jublee Bus Station","Kukatpally",17.44761,78.49758,17.48385,78.41242,10,34,1,"567G → 219/27G","567G: Jublee Bus Station → Balanagar (4 stops) | 219/27G: Balanagar → Kukatpally (3 stops)"
"Jublee Bus Station","Ibrahimpatnam Bus Station",17.44761,78.49758,17.19144,78.64766,37.2,125,1,"AL → 279U","AL: Jbs → Nagole X Road (5 stops) | 279U: Nagole X Road → Ibrahimpatnam Bus Station (19 stops)"
"Jublee Bus Station","Prashanth Nagar",17.44761,78.49758,17.47378,78.42698,8.1,28,1,"567G → 219/27G","567G: Jublee Bus Station → Balanagar (4 stops) | 219/27G: Balanagar → Prashanth Nagar (2 stops)"
"Jublee Bus Station","Moosapet",17.44761,78.49758,17.47081,78.42668,8.3,29,1,"567G → 219/27G","567G: Jublee Bus Station → Balanagar (4 stops) | 219/27G: Balanagar → Prashanth Nagar (2 stops)"
"Jublee Bus Station","Cherlapally Bus Stand",17.44761,78.49758,17.46329,78.61145,15.9,56,1,"16ES → 250X","16ES: Jbs → Ecil Bus Terminal (14 stops) | 250X: Ecil Bus Terminal → Cherlapally Bus Stand (7 stops)"
"Jublee Bus Station","Koti Medical College",17.44761,78.49758,17.38310,78.48282,8.4,28,1,"107JS → 102/277","107JS: Jublee Bus Station → Rathifile Bus Station (3 stops) | 102/277: Rathifile Bus Station → Koti Medical College (10 stops)"
"Jublee Bus Station","Chadarghat",17.44761,78.49758,17.37722,78.49302,8.8,30,2,"107JS → 102/277 → 96","107JS: Jublee Bus Station → Rathifile Bus Station (3 stops) | 102/277: Rathifile Bus Station → Koti Womens College (9 stops) | 96: Koti Womens College → Chadarghat (2 stops)"
"Jublee Bus Station","Kachiguda X Road",17.44761,78.49758,17.39069,78.48938,7,24,2,"107JS → 102/277 → 3X","107JS: Jublee Bus Station → Rathifile Bus Station (3 stops) | 102/277: Rathifile Bus Station → Chikkadapally (6 stops) | 3X: Chikkadapally → Kachiguda X Road (2 stops)"
"Jublee Bus Station","Gandimaisamma",17.44761,78.49758,17.57508,78.42319,18.6,63,0,"567G","567G: Jublee Bus Station → Gandimaisamma (10 stops)"
"Jublee Bus Station","Mehdipatnam",17.44761,78.49758,17.39527,78.43980,9.2,32,0,"5K/25S","5K/25S: Jbs → Mehdipatnam (12 stops)"
"Jublee Bus Station","Bata",17.44761,78.49758,17.43600,78.49370,1.4,6,0,"8R","8R: Jbs → Bata (2 stops)"
"Jublee Bus Station","Jntu X Rd",17.44761,78.49758,17.49672,78.39445,12.5,43,1,"567G → 219/27G","567G: Jublee Bus Station → Balanagar (4 stops) | 219/27G: Balanagar → Jntu X Road (5 stops)"
"Jublee Bus Station","Super Bazar",17.44761,78.49758,17.37193,78.50992,10.3,35,2,"107JS → 102/277 → 443","107JS: Jublee Bus Station → Rathifile Bus Station (3 stops) | 102/277: Rathifile Bus Station → Koti Womens College (9 stops) | 443: Koti Womens College → Super Bazar (3 stops)"
"Jublee Bus Station","Race Course",17.44761,78.49758,17.45076,78.48820,1.6,7,0,"186","186: Patny → Race Course (2 stops)"
"Jublee Bus Station","Punjagutta",17.44761,78.49758,17.42645,78.45141,6.2,22,0,"147","147: Jbs → Punjagutta (7 stops)"
"Jublee Bus Station","Balanagar",17.44761,78.49758,17.46697,78.44626,6,21,0,"567G","567G: Jublee Bus Station → Balanagar (4 stops)"
"Jublee Bus Station","Chintal",17.44761,78.49758,17.49540,78.45210,9.1,31,0,"567G","567G: Jublee Bus Station → Chintal (6 stops)"
"Jublee Bus Station","Nanal Nagar",17.44761,78.49758,17.39620,78.42700,10.6,37,1,"5K/25S → 113M/217","5K/25S: Jbs → Mehdipatnam (12 stops) | 113M/217: Mehdipatnam → Nanal Nagar (2 stops)"
"Jublee Bus Station","Abids Gpo",17.44761,78.49758,17.38757,78.47617,7.4,26,2,"5K/25S → 8 → 85M","5K/25S: Jbs → Tankbund (5 stops) | 8: Tankbund → Basheer Bagh (3 stops) | 85M: Basheer Bagh → Abids Gpo (2 stops)"
"Jublee Bus Station","Kachiguda Railway Station",17.44761,78.49758,17.38950,78.49726,10.8,38,0,"107JS","107JS: Jublee Bus Station → Tourist Hotel (17 stops)"
"Jublee Bus Station","Ghatkesar Bus Station",17.44761,78.49758,17.45213,78.68231,22.5,75,0,"500","500: Jublee Bus Station → Ghatkesar Bus Station (4 stops)"
"Jublee Bus Station","Chengicherla",17.44761,78.49758,17.43313,78.60845,14.5,49,2,"500 → 3N → 50B","500: Jublee Bus Station → Tarnaka (2 stops) | 3N: Tarnaka → Ts Food X Road (7 stops) | 50B: Ts Food X Road → Chengicherla (8 stops)"
"Jublee Bus Station","Quthbullapur X Rd",17.44761,78.49758,17.49890,78.45176,9.5,32,0,"567G","567G: Jublee Bus Station → Chintal (6 stops)"
"Jublee Bus Station","Shapur Nagar",17.44761,78.49758,17.51600,78.44690,11.5,39,0,"567G","567G: Jublee Bus Station → Shapur Nagar (7 stops)"
"Jublee Bus Station","Panama Godown",17.44761,78.49758,17.33840,78.56864,17.1,57,1,"500 → 290/186","500: Jublee Bus Station → Uppal X Road (3 stops) | 290/186: Uppal X Road → Panama Godown (6 stops)"
"Jublee Bus Station","Gachibowli X Road",17.44761,78.49758,17.43903,78.36295,18.7,64,1,"147 → 10H/220","147: Jbs → Madhapur Ps (13 stops) | 10H/220: Madhapur Ps → Gachibowli X Road (5 stops)"
"Jublee Bus Station","Abids Grammar School",17.44761,78.49758,17.39333,78.47625,6.7,24,1,"5K/25S → 7Z/449","5K/25S: Jbs → Tankbund (5 stops) | 7Z/449: Tankbund → Abids Grammar School (4 stops)"
"Jublee Bus Station","Dilsukhnagar",17.44761,78.49758,17.36862,78.52366,13.2,45,0,"107JS","107JS: Jublee Bus Station → Dilsukhnagar (19 stops)"
"Jublee Bus Station","Sathamrai",17.44761,78.49758,17.27452,78.40118,23.7,81,1,"5K/25S → 7Z/452","5K/25S: Jbs → Tankbund (5 stops) | 7Z/452: Tankbund → Sathamrai (20 stops)"
"Jublee Bus Station","Gajularam X Road",17.44761,78.49758,17.51010,78.44771,10.8,37,1,"567G → 9M/X","567G: Jublee Bus Station → Chintal (6 stops) | 9M/X: Chintal → Gajularam X Road (3 stops)"
"Jublee Bus Station","Rc Puram",17.44761,78.49758,17.51362,78.28780,24.6,82,1,"567G → 219/27G","567G: Jublee Bus Station → Balanagar (4 stops) | 219/27G: Balanagar → Rc Puram (17 stops)"
"Jublee Bus Station","Kphb",17.44761,78.49758,17.49456,78.40081,11.8,40,1,"567G → 219/27G","567G: Jublee Bus Station → Balanagar (4 stops) | 219/27G: Balanagar → Kphb (4 stops)"
"Jublee Bus Station","Pisal Banda",17.44761,78.49758,17.33995,78.50379,13.4,45,3,"107JS → 102/277 → 277K → 460","107JS: Jublee Bus Station → Rathifile Bus Station (3 stops) | 102/277: Rathifile Bus Station → Koti Womens College (9 stops) | 277K: Koti Womens College → Is Sadan (6 stops) | 460: Is Sadan → Pisal Banda (3 stops)"
"Jublee Bus Station","Police Lines",17.44761,78.49758,17.44365,78.47499,2.6,10,0,"147","147: Jbs → Police Lines (4 stops)"
"Jublee Bus Station","Uppal X Road",17.44761,78.49758,17.40126,78.56007,8.6,29,0,"500","500: Jublee Bus Station → Uppal X Road (3 stops)"
"Jublee Bus Station","Boats Club",17.44761,78.49758,17.42644,78.48664,2.5,10,0,"5K/25S","5K/25S: Jbs → Boats Club (4 stops)"
"Jublee Bus Station","Womens College",17.44761,78.49758,17.38481,78.48762,7.7,27,2,"107JS → 102/277 → 3X","107JS: Jublee Bus Station → Rathifile Bus Station (3 stops) | 102/277: Rathifile Bus Station → Chikkadapally (6 stops) | 3X: Chikkadapally → Koti Maternity Hospital (3 stops)"
"Jublee Bus Station","Hydernagar",17.44761,78.49758,17.49919,78.38352,13.7,46,1,"567G → 219/27G","567G: Jublee Bus Station → Balanagar (4 stops) | 219/27G: Balanagar → Hydernagar (6 stops)"
"Jublee Bus Station","Charminar",17.44761,78.49758,17.35868,78.47403,11.9,41,2,"5K/25S → 7Z/452 → 253M","5K/25S: Jbs → Tankbund (5 stops) | 7Z/452: Tankbund → Afzalgunj (7 stops) | 253M: Afzalgunj → Charminar (3 stops)"
"Jublee Bus Station","Hitech City",17.44761,78.49758,17.44995,78.38257,14.6,50,1,"147 → 10HW","147: Jbs → Madhapur Ps (13 stops) | 10HW: Madhapur Ps → Hitech City (2 stops)"
"Jublee Bus Station","Ameerpet",17.44761,78.49758,17.43155,78.44765,6,24,1,"147 → 10KM/224G","147: Jbs → Begumpet Hps (5 stops) | 10KM/224G: Begumpet Hps → Kanaka Durga Temple (3 stops)"
"Jublee Bus Station","Gandipet X Road",17.44761,78.49758,17.38500,78.33100,22.4,77,2,"5K/25S → 65M/123 → 505","5K/25S: Jbs → Mehdipatnam (12 stops) | 65M/123: Mehdipatnam → Narsingi (11 stops) | 505: Narsingi → Gandipet X Road (4 stops)"
"Jublee Bus Station","Gachibowli",17.44761,78.49758,17.43966,78.36356,17.6,60,1,"147 → 10HW","147: Jbs → Madhapur Ps (13 stops) | 10HW: Madhapur Ps → Telecom Nagar (4 stops)"
"Jublee Bus Station","Miyapur",17.44761,78.49758,17.49669,78.36077,16.4,55,1,"567G → 219/27G","567G: Jublee Bus Station → Balanagar (4 stops) | 219/27G: Balanagar → Miyapur (8 stops)"
"Jublee Bus Station","Sr Nagar",17.44761,78.49758,17.44027,78.44260,6.9,25,1,"147 → 10KM","147: Jbs → Begumpet Hps (5 stops) | 10KM: Begumpet Hps → Sr Nagar (5 stops)"
"Jublee Bus Station","Begumpet",17.44761,78.49758,17.10805,78.55358,46.8,159,1,"AL → 203A/479","AL: Jbs → Balapur X Road (8 stops) | 203A/479: Balapur X Road → Begumpet (17 stops)"
"Jublee Bus Station","Tolichowki",17.44761,78.49758,17.39924,78.41552,11.8,41,1,"5K/25S → 116","5K/25S: Jbs → Mehdipatnam (12 stops) | 116: Mehdipatnam → Tolichowki (3 stops)"
"Jublee Bus Station","Kondapur",17.44761,78.49758,17.46392,78.36725,17.2,59,1,"147 → 104R/127K","147: Jbs → Image Hospital (15 stops) | 104R/127K: Image Hospital → Kondapur (5 stops)"
"Jublee Bus Station","Madhapur",17.44761,78.49758,17.63017,78.77482,41.6,141,2,"16ES → 16AB/5K → 546","16ES: Jbs → Ecil Bus Terminal (14 stops) | 16AB/5K: Ecil Bus Terminal → Rampally X Road (4 stops) | 546: Rampally X Road → Madhapur (12 stops)"
"Jublee Bus Station","Shamshabad",17.44761,78.49758,17.26205,78.38824,25.7,87,1,"5K/25S → 7Z/452","5K/25S: Jbs → Tankbund (5 stops) | 7Z/452: Tankbund → Shamshabad (21 stops)"
"Ibrahimpatnam Bus Station","Secunderabad Railway Station",17.19144,78.64766,17.43426,78.50158,35.6,119,1,"404 → 431","404: Ibrahimpatnam Bus Station → Sagar Ring Road (6 stops) | 431: Sagar Ring Road → Secunderabad Railway Station (11 stops)"
"Ibrahimpatnam Bus Station","Afzalgunj",17.19144,78.64766,17.37331,78.47693,30.4,102,1,"401 → 277S","401: Ibrahimpatnam Bus Station → Is Sadan (7 stops) | 277S: Is Sadan → Afzalgunj (6 stops)"
"Ibrahimpatnam Bus Station","Alugadda Bhavi",17.19144,78.64766,17.43531,78.51438,34.2,115,1,"404 → 431","404: Ibrahimpatnam Bus Station → Sagar Ring Road (6 stops) | 431: Sagar Ring Road → Alugadda Bhavi (9 stops)"
"Ibrahimpatnam Bus Station","Patny",17.19144,78.64766,17.44318,78.49625,36.7,123,1,"404 → 431","404: Ibrahimpatnam Bus Station → Sagar Ring Road (6 stops) | 431: Sagar Ring Road → Patny (12 stops)"
"Ibrahimpatnam Bus Station","Cbs",17.19144,78.64766,17.37823,78.48168,29.8,102,1,"401 → 277/422","401: Ibrahimpatnam Bus Station → Is Sadan (7 stops) | 277/422: Is Sadan → Mgbs Bs (4 stops)"
"Ibrahimpatnam Bus Station","Erragadda",17.19144,78.64766,17.45617,78.43378,41.5,139,2,"401 → 277S → 113F","401: Ibrahimpatnam Bus Station → Is Sadan (7 stops) | 277S: Is Sadan → Secretariat (9 stops) | 113F: Secretariat → Erragadda (12 stops)"
"Ibrahimpatnam Bus Station","Gajularamaram X Road",17.19144,78.64766,17.50941,78.44817,48.1,161,3,"404 → 431 → 567G → 171SM","404: Ibrahimpatnam Bus Station → Sagar Ring Road (6 stops) | 431: Sagar Ring Road → Bowenpally X Road (16 stops) | 567G: Bowenpally X Road → Chintal (4 stops) | 171SM: Chintal → Gajularamaram X Road (3 stops)"
"Ibrahimpatnam Bus Station","Jbs",17.19144,78.64766,17.44757,78.49664,36.6,122,2,"404 → 431 → AL","404: Ibrahimpatnam Bus Station → Sagar Ring Road (6 stops) | 431: Sagar Ring Road → Tarnaka (8 stops) | AL: Tarnaka → Jbs (3 stops)"
"Ibrahimpatnam Bus Station","Hayathnagar Bus Station",17.19144,78.64766,17.32732,78.60489,23.7,80,2,"401 → 203 → 277H","401: Ibrahimpatnam Bus Station → Sheriguda (2 stops) | 203: Sheriguda → Mangalpally X Road (2 stops) | 277H: Mangalpally X Road → Hayathnagar Bus Station (13 stops)"
"Ibrahimpatnam Bus Station","Rathifile Bus Station",17.19144,78.64766,17.43457,78.50488,35.3,118,1,"404 → 431","404: Ibrahimpatnam Bus Station → Sagar Ring Road (6 stops) | 431: Sagar Ring Road → Rathifile Bus Station (10 stops)"
"Ibrahimpatnam Bus Station","Nampally Public Garoaden",17.19144,78.64766,17.39628,78.47082,33.1,111,1,"401 → 277S","401: Ibrahimpatnam Bus Station → Is Sadan (7 stops) | 277S: Is Sadan → Gandhi Bhavan (7 stops)"
"Ibrahimpatnam Bus Station","Lakdikapool",17.19144,78.64766,17.40361,78.46497,34.2,115,2,"401 → 277S → 116G/220K","401: Ibrahimpatnam Bus Station → Is Sadan (7 stops) | 277S: Is Sadan → Afzalgunj (6 stops) | 116G/220K: Afzalgunj → Lakdikapool (4 stops)"
"Ibrahimpatnam Bus Station","Ecil Bus Terminal",17.19144,78.64766,17.47253,78.57006,40.1,135,2,"404 → 431 → 3K/90L","404: Ibrahimpatnam Bus Station → Sagar Ring Road (6 stops) | 431: Sagar Ring Road → Tarnaka (8 stops) | 3K/90L: Tarnaka → Ecil Bus Terminal (12 stops)"
"Ibrahimpatnam Bus Station","Secretariat",17.19144,78.64766,17.40812,78.47182,34.4,115,1,"401 → 277S","401: Ibrahimpatnam Bus Station → Is Sadan (7 stops) | 277S: Is Sadan → Secretariat (9 stops)"
"Ibrahimpatnam Bus Station","Patancheruvu",17.19144,78.64766,17.52903,78.26428,62.3,208,3,"401 → 277S → 116G/220K → 300A/217","401: Ibrahimpatnam Bus Station → Is Sadan (7 stops) | 277S: Is Sadan → Afzalgunj (6 stops) | 116G/220K: Afzalgunj → Khajaguda X Road (11 stops) | 300A/217: Khajaguda X Road → Patancheruvu (11 stops)"
"Ibrahimpatnam Bus Station","Darul Shifa",17.19144,78.64766,17.37327,78.48299,29.9,100,1,"401 → 277S","401: Ibrahimpatnam Bus Station → Is Sadan (7 stops) | 277S: Is Sadan → Mgbs Exit (5 stops)"
"Ibrahimpatnam Bus Station","Plaza",17.19144,78.64766,17.44330,78.49066,37.1,124,2,"404 → 431 → 10JB","404: Ibrahimpatnam Bus Station → Sagar Ring Road (6 stops) | 431: Sagar Ring Road → Secunderabad Railway Station (11 stops) | 10JB: Secunderabad Railway Station → Plaza (2 stops)"
"Ibrahimpatnam Bus Station","Bluesea Cafe",17.19144,78.64766,17.43713,78.50515,35.2,118,2,"404 → 431 → 242","404: Ibrahimpatnam Bus Station → Sagar Ring Road (6 stops) | 431: Sagar Ring Road → Alugadda Bhavi (9 stops) | 242: Alugadda Bhavi → Bluesea Cafe (2 stops)"
"Ibrahimpatnam Bus Station","Tarnaka",17.19144,78.64766,17.42571,78.53223,32.1,107,1,"404 → 431","404: Ibrahimpatnam Bus Station → Sagar Ring Road (6 stops) | 431: Sagar Ring Road → Tarnaka (8 stops)"
"Ibrahimpatnam Bus Station","Lb Nagar X Road",17.19144,78.64766,17.34699,78.55013,21.9,73,0,"404","404: Ibrahimpatnam Bus Station → Sagar Ring Road (6 stops)"
"Ibrahimpatnam Bus Station","Lingampally Bs",17.19144,78.64766,17.49485,78.31689,55.5,185,3,"401 → 277S → 116G/220K → 300A/217","401: Ibrahimpatnam Bus Station → Is Sadan (7 stops) | 277S: Is Sadan → Afzalgunj (6 stops) | 116G/220K: Afzalgunj → Khajaguda X Road (11 stops) | 300A/217: Khajaguda X Road → Lingampally Bs (7 stops)"
"Ibrahimpatnam Bus Station","Kukatpally",17.19144,78.64766,17.48385,78.41242,47.4,159,1,"404 → 431","404: Ibrahimpatnam Bus Station → Sagar Ring Road (6 stops) | 431: Sagar Ring Road → Kukatpally (19 stops)"
"Ibrahimpatnam Bus Station","Jublee Bus Station",17.19144,78.64766,17.44761,78.49758,37.1,124,2,"404 → 431 → 2J","404: Ibrahimpatnam Bus Station → Sagar Ring Road (6 stops) | 431: Sagar Ring Road → Rathifile Bus Station (10 stops) | 2J: Rathifile Bus Station → Jublee Bus Station (3 stops)"
"Ibrahimpatnam Bus Station","Prashanth Nagar",17.19144,78.64766,17.47378,78.42698,35,117,2,"404 → 431 → 3K/90L","404: Ibrahimpatnam Bus Station → Sagar Ring Road (6 stops) | 431: Sagar Ring Road → Tarnaka (8 stops) | 3K/90L: Tarnaka → Lalapet (4 stops)"
"Ibrahimpatnam Bus Station","Moosapet",17.19144,78.64766,17.47081,78.42668,43.3,145,3,"401 → 277S → 113F → 9EM","401: Ibrahimpatnam Bus Station → Is Sadan (7 stops) | 277S: Is Sadan → Secretariat (9 stops) | 113F: Secretariat → Erragadda (12 stops) | 9EM: Erragadda → Moosapet (2 stops)"
"Ibrahimpatnam Bus Station","Cherlapally Bus Stand",17.19144,78.64766,17.46329,78.61145,39.7,133,3,"404 → 431 → 300/242 → 16A/281","404: Ibrahimpatnam Bus Station → Sagar Ring Road (6 stops) | 431: Sagar Ring Road → Ngri (7 stops) | 300/242: Ngri → Hcl X Road (6 stops) | 16A/281: Hcl X Road → Cherlapally Bus Stand (3 stops)"
"Ibrahimpatnam Bus Station","Koti Medical College",17.19144,78.64766,17.38310,78.48282,30.2,101,2,"401 → 427/277 → 152","401: Ibrahimpatnam Bus Station → Is Sadan (7 stops) | 427/277: Is Sadan → Chadarghat (3 stops) | 152: Chadarghat → Koti Medical College (3 stops)"
"Ibrahimpatnam Bus Station","Chadarghat",17.19144,78.64766,17.37722,78.49302,28.6,96,1,"401 → 427/277","401: Ibrahimpatnam Bus Station → Is Sadan (7 stops) | 427/277: Is Sadan → Chadarghat (3 stops)"
"Ibrahimpatnam Bus Station","Kachiguda X Road",17.19144,78.64766,17.39069,78.48938,30.9,103,2,"401 → 427/277 → 65K/123","401: Ibrahimpatnam Bus Station → Is Sadan (7 stops) | 427/277: Is Sadan → Chadarghat (3 stops) | 65K/123: Chadarghat → Kachiguda Railway Station (2 stops)"
"Ibrahimpatnam Bus Station","Gandimaisamma",17.19144,78.64766,17.57508,78.42319,23.6,81,3,"401 → 203 → 277H → 205","401: Ibrahimpatnam Bus Station → Sheriguda (2 stops) | 203: Sheriguda → Mangalpally X Road (2 stops) | 277H: Mangalpally X Road → Pedda Amberpet (10 stops) | 205: Pedda Amberpet → Gandimaisamma (3 stops)"
"Ibrahimpatnam Bus Station","Mehdipatnam",17.19144,78.64766,17.39527,78.43980,37.1,124,2,"401 → 277S → 116G/220K","401: Ibrahimpatnam Bus Station → Is Sadan (7 stops) | 277S: Is Sadan → Afzalgunj (6 stops) | 116G/220K: Afzalgunj → Mehdipatnam (8 stops)"
"Ibrahimpatnam Bus Station","Bata",17.19144,78.64766,17.43600,78.49370,36.5,122,1,"404 → 431","404: Ibrahimpatnam Bus Station → Sagar Ring Road (6 stops) | 431: Sagar Ring Road → Secunderabad Railway Station (11 stops)"
"Ibrahimpatnam Bus Station","Jntu X Rd",17.19144,78.64766,17.49672,78.39445,49.9,167,1,"404 → 431","404: Ibrahimpatnam Bus Station → Sagar Ring Road (6 stops) | 431: Sagar Ring Road → Kphb Metro Station (20 stops)"
"Ibrahimpatnam Bus Station","Super Bazar",17.19144,78.64766,17.37193,78.50992,28.8,97,1,"404 → 277D/S","404: Ibrahimpatnam Bus Station → Sagar Ring Road (6 stops) | 277D/S: Sagar Ring Road → Super Bazar (10 stops)"
"Ibrahimpatnam Bus Station","Race Course",17.19144,78.64766,17.45076,78.48820,38.5,129,1,"404 → 431","404: Ibrahimpatnam Bus Station → Sagar Ring Road (6 stops) | 431: Sagar Ring Road → Race Course (14 stops)"
"Ibrahimpatnam Bus Station","Punjagutta",17.19144,78.64766,17.42645,78.45141,37.7,126,2,"401 → 277S → 113F","401: Ibrahimpatnam Bus Station → Is Sadan (7 stops) | 277S: Is Sadan → Secretariat (9 stops) | 113F: Secretariat → Punjagutta (6 stops)"
"Ibrahimpatnam Bus Station","Balanagar",17.19144,78.64766,17.46697,78.44626,43.5,145,1,"404 → 431","404: Ibrahimpatnam Bus Station → Sagar Ring Road (6 stops) | 431: Sagar Ring Road → Balanagar (17 stops)"
"Ibrahimpatnam Bus Station","Chintal",17.19144,78.64766,17.49540,78.45210,46.5,155,2,"404 → 431 → 567G","404: Ibrahimpatnam Bus Station → Sagar Ring Road (6 stops) | 431: Sagar Ring Road → Bowenpally X Road (16 stops) | 567G: Bowenpally X Road → Chintal (4 stops)"
"Ibrahimpatnam Bus Station","Nanal Nagar",17.19144,78.64766,17.39620,78.42700,38.5,129,2,"401 → 277S → 116G/220K","401: Ibrahimpatnam Bus Station → Is Sadan (7 stops) | 277S: Is Sadan → Afzalgunj (6 stops) | 116G/220K: Afzalgunj → Nanal Nagar (7 stops)"
"Ibrahimpatnam Bus Station","Abids Gpo",17.19144,78.64766,17.38757,78.47617,30.9,103,2,"401 → 427/277 → 104R/127K","401: Ibrahimpatnam Bus Station → Is Sadan (7 stops) | 427/277: Is Sadan → Chadarghat (3 stops) | 104R/127K: Chadarghat → Abids Gpo (4 stops)"
"Ibrahimpatnam Bus Station","Kachiguda Railway Station",17.19144,78.64766,17.38950,78.49726,30.1,101,2,"401 → 427/277 → 65K/123","401: Ibrahimpatnam Bus Station → Is Sadan (7 stops) | 427/277: Is Sadan → Chadarghat (3 stops) | 65K/123: Chadarghat → Kachiguda Railway Station (2 stops)"
"Ibrahimpatnam Bus Station","Ghatkesar Bus Station",17.19144,78.64766,17.45213,78.68231,42.1,141,3,"404 → 431 → 115RR → 500","404: Ibrahimpatnam Bus Station → Sagar Ring Road (6 stops) | 431: Sagar Ring Road → Nagole Metro Station (4 stops) | 115RR: Nagole Metro Station → Uppal X Road (2 stops) | 500: Uppal X Road → Ghatkesar Bus Station (2 stops)"
"Ibrahimpatnam Bus Station","Chengicherla",17.19144,78.64766,17.43313,78.60845,36.1,121,3,"404 → 431 → 115RR → 18C/R","404: Ibrahimpatnam Bus Station → Sagar Ring Road (6 stops) | 431: Sagar Ring Road → Nagole Metro Station (4 stops) | 115RR: Nagole Metro Station → Boduppal Kamman (5 stops) | 18C/R: Boduppal Kamman → Chengicherla (9 stops)"
"Ibrahimpatnam Bus Station","Quthbullapur X Rd",17.19144,78.64766,17.49890,78.45176,46.9,157,2,"404 → 431 → 567G","404: Ibrahimpatnam Bus Station → Sagar Ring Road (6 stops) | 431: Sagar Ring Road → Bowenpally X Road (16 stops) | 567G: Bowenpally X Road → Chintal (4 stops)"
"Ibrahimpatnam Bus Station","Shapur Nagar",17.19144,78.64766,17.51600,78.44690,48.8,163,2,"404 → 431 → 567G","404: Ibrahimpatnam Bus Station → Sagar Ring Road (6 stops) | 431: Sagar Ring Road → Bowenpally X Road (16 stops) | 567G: Bowenpally X Road → Shapur Nagar (5 stops)"
"Ibrahimpatnam Bus Station","Panama Godown",17.19144,78.64766,17.33840,78.56864,23.7,80,1,"404 → 524","404: Ibrahimpatnam Bus Station → Sagar Ring Road (6 stops) | 524: Lb Nagar (District Stop) → Panama Godown (3 stops)"
"Ibrahimpatnam Bus Station","Gachibowli X Road",17.19144,78.64766,17.43903,78.36295,46.7,156,3,"401 → 277S → 116G/220K → 300A/217","401: Ibrahimpatnam Bus Station → Is Sadan (7 stops) | 277S: Is Sadan → Afzalgunj (6 stops) | 116G/220K: Afzalgunj → Khajaguda X Road (11 stops) | 300A/217: Khajaguda X Road → Gachibowli X Road (2 stops)"
"Ibrahimpatnam Bus Station","Abids Grammar School",17.19144,78.64766,17.39333,78.47625,33.9,114,2,"401 → 277S → 1M/D","401: Ibrahimpatnam Bus Station → Is Sadan (7 stops) | 277S: Is Sadan → Nampally Railway Station (8 stops) | 1M/D: Nampally Railway Station → Abids Grammar School (3 stops)"
"Ibrahimpatnam Bus Station","Dilsukhnagar",17.19144,78.64766,17.36862,78.52366,27.3,92,1,"404 → 277D/S","404: Ibrahimpatnam Bus Station → Sagar Ring Road (6 stops) | 277D/S: Sagar Ring Road → Dilsukhnagar (8 stops)"
"Ibrahimpatnam Bus Station","Sathamrai",17.19144,78.64766,17.27452,78.40118,40.9,138,1,"404 → 300/532","404: Ibrahimpatnam Bus Station → Sagar Ring Road (6 stops) | 300/532: Sagar Ring Road → Sathamrai (12 stops)"
"Ibrahimpatnam Bus Station","Gajularam X Road",17.19144,78.64766,17.51010,78.44771,48.2,161,3,"404 → 431 → 567G → 9M/X","404: Ibrahimpatnam Bus Station → Sagar Ring Road (6 stops) | 431: Sagar Ring Road → Bowenpally X Road (16 stops) | 567G: Bowenpally X Road → Chintal (4 stops) | 9M/X: Chintal → Gajularam X Road (3 stops)"
"Ibrahimpatnam Bus Station","Rc Puram",17.19144,78.64766,17.51362,78.28780,59.3,198,3,"401 → 277S → 116G/220K → 300A/217","401: Ibrahimpatnam Bus Station → Is Sadan (7 stops) | 277S: Is Sadan → Afzalgunj (6 stops) | 116G/220K: Afzalgunj → Khajaguda X Road (11 stops) | 300A/217: Khajaguda X Road → Rc Puram (9 stops)"
"Ibrahimpatnam Bus Station","Kphb",17.19144,78.64766,17.49456,78.40081,49.2,165,1,"404 → 431","404: Ibrahimpatnam Bus Station → Sagar Ring Road (6 stops) | 431: Sagar Ring Road → Kphb Metro Station (20 stops)"
"Ibrahimpatnam Bus Station","Pisal Banda",17.19144,78.64766,17.33995,78.50379,26,88,1,"404 → 300/253","404: Ibrahimpatnam Bus Station → Sagar Ring Road (6 stops) | 300/253: Sagar Ring Road → Pisal Banda (4 stops)"
"Ibrahimpatnam Bus Station","Police Lines",17.19144,78.64766,17.44365,78.47499,38.8,130,2,"404 → 431 → 47YN","404: Ibrahimpatnam Bus Station → Sagar Ring Road (6 stops) | 431: Sagar Ring Road → Secunderabad Railway Station (11 stops) | 47YN: Secunderabad Railway Station → Police Lines (3 stops)"
"Ibrahimpatnam Bus Station","Uppal X Road",17.19144,78.64766,17.40126,78.56007,28.1,94,1,"404 → 431","404: Ibrahimpatnam Bus Station → Sagar Ring Road (6 stops) | 431: Sagar Ring Road → Uppal X Road (5 stops)"
"Ibrahimpatnam Bus Station","Boats Club",17.19144,78.64766,17.42644,78.48664,37.2,124,2,"401 → 277S → 8A/67L","401: Ibrahimpatnam Bus Station → Is Sadan (7 stops) | 277S: Is Sadan → Nampally Railway Station (8 stops) | 8A/67L: Nampally Railway Station → Boats Club (6 stops)"
"Ibrahimpatnam Bus Station","Womens College",17.19144,78.64766,17.38481,78.48762,29.6,99,2,"401 → 427/277 → 152","401: Ibrahimpatnam Bus Station → Is Sadan (7 stops) | 427/277: Is Sadan → Chadarghat (3 stops) | 152: Chadarghat → Womens College (2 stops)"
"Ibrahimpatnam Bus Station","Hydernagar",17.19144,78.64766,17.49919,78.38352,51,170,1,"404 → 431","404: Ibrahimpatnam Bus Station → Sagar Ring Road (6 stops) | 431: Sagar Ring Road → Hydernagar (21 stops)"
"Ibrahimpatnam Bus Station","Charminar",17.19144,78.64766,17.35868,78.47403,31.8,106,2,"401 → 277S → 253M","401: Ibrahimpatnam Bus Station → Is Sadan (7 stops) | 277S: Is Sadan → Mgbs Exit (5 stops) | 253M: Darul Shifa → Charminar (2 stops)"
"Ibrahimpatnam Bus Station","Hitech City",17.19144,78.64766,17.44995,78.38257,46.1,154,3,"401 → 277S → 116G/220K → 222A","401: Ibrahimpatnam Bus Station → Is Sadan (7 stops) | 277S: Is Sadan → Afzalgunj (6 stops) | 116G/220K: Afzalgunj → Mahavir Hospital (5 stops) | 222A: Mahavir Hospital → Hitech City (15 stops)"
"Ibrahimpatnam Bus Station","Ameerpet",17.19144,78.64766,17.43155,78.44765,38.4,128,2,"401 → 277S → 113F","401: Ibrahimpatnam Bus Station → Is Sadan (7 stops) | 277S: Is Sadan → Secretariat (9 stops) | 113F: Secretariat → Ameerpet (8 stops)"
"Ibrahimpatnam Bus Station","Gandipet X Road",17.19144,78.64766,17.38500,78.33100,46.8,157,3,"401 → 277S → 1JK → 120","401: Ibrahimpatnam Bus Station → Is Sadan (7 stops) | 277S: Is Sadan → Afzalgunj (6 stops) | 1JK: Afzalgunj → Langar House (9 stops) | 120: Langar House → Gandipet X Road (13 stops)"
"Ibrahimpatnam Bus Station","Gachibowli",17.19144,78.64766,17.43966,78.36356,46.9,157,3,"401 → 277S → 116G/220K → 300C/216","401: Ibrahimpatnam Bus Station → Is Sadan (7 stops) | 277S: Is Sadan → Afzalgunj (6 stops) | 116G/220K: Afzalgunj → Khajaguda X Road (11 stops) | 300C/216: Khajaguda X Road → Gachibowli (2 stops)"
"Ibrahimpatnam Bus Station","Miyapur",17.19144,78.64766,17.49669,78.36077,53.7,180,2,"404 → 431 → 10MN","404: Ibrahimpatnam Bus Station → Sagar Ring Road (6 stops) | 431: Sagar Ring Road → Hydernagar (21 stops) | 10MN: Hydernagar → Miyapur (2 stops)"
"Ibrahimpatnam Bus Station","Sr Nagar",17.19144,78.64766,17.44027,78.44260,39.8,133,2,"401 → 277S → 113F","401: Ibrahimpatnam Bus Station → Is Sadan (7 stops) | 277S: Is Sadan → Secretariat (9 stops) | 113F: Secretariat → Sr Nagar (10 stops)"
"Ibrahimpatnam Bus Station","Begumpet",17.19144,78.64766,17.10805,78.55358,17.2,58,1,"486 → 443","486: Ibrahimpatnam Bus Station → Timmapur Village (8 stops) | 443: Timmapur Village → Begumpet (2 stops)"
"Ibrahimpatnam Bus Station","Tolichowki",17.19144,78.64766,17.39924,78.41552,39.7,133,2,"401 → 277S → 116G/220K","401: Ibrahimpatnam Bus Station → Is Sadan (7 stops) | 277S: Is Sadan → Afzalgunj (6 stops) | 116G/220K: Afzalgunj → Tolichowki (8 stops)"
"Ibrahimpatnam Bus Station","Kondapur",17.19144,78.64766,17.46392,78.36725,48.6,163,3,"401 → 277S → 116G/220K → 222A","401: Ibrahimpatnam Bus Station → Is Sadan (7 stops) | 277S: Is Sadan → Afzalgunj (6 stops) | 116G/220K: Afzalgunj → Mahavir Hospital (5 stops) | 222A: Mahavir Hospital → Kondapur (20 stops)"
"Ibrahimpatnam Bus Station","Madhapur",17.19144,78.64766,17.63017,78.77482,12.1,41,0,"486","486: Ibrahimpatnam Bus Station → Madhapur (7 stops)"
"Ibrahimpatnam Bus Station","Shamshabad",17.19144,78.64766,17.26205,78.38824,33.9,113,3,"401 → 203 → 461 → 255","401: Ibrahimpatnam Bus Station → Sheriguda (2 stops) | 203: Sheriguda → Mangalpally X Road (2 stops) | 461: Mangalpally X Road → Thukkuguda Bus Station (7 stops) | 255: Thukkuguda Bus Station → Shamshabad (5 stops)"
"Prashanth Nagar","Secunderabad Railway Station",17.47378,78.42698,17.43426,78.50158,5.9,20,0,"16P","16P: Prashanth Nagar → Secunderabad Railway Station (11 stops)"
"Prashanth Nagar","Afzalgunj",17.47378,78.42698,17.37331,78.47693,12.8,45,0,"9X/230","9X/230: Prashanth Nagar → Afzalganj Central Library (18 stops)"
"Prashanth Nagar","Alugadda Bhavi",17.47378,78.42698,17.43531,78.51438,4.4,15,0,"16P","16P: Prashanth Nagar → Alugadda Bhavi (9 stops)"
"Prashanth Nagar","Patny",17.47378,78.42698,17.44318,78.49625,8.3,28,0,"186","186: Prashanth Nagar → Patny (6 stops)"
"Prashanth Nagar","Cbs",17.47378,78.42698,17.37823,78.48168,11.4,38,0,"17S","17S: Lalapet → Cbs (15 stops)"
"Prashanth Nagar","Erragadda",17.47378,78.42698,17.45617,78.43378,2.2,9,0,"19MV","19MV: Kukatpally Bus Depot → Erragadda (3 stops)"
"Prashanth Nagar","Gajularamaram X Road",17.47378,78.42698,17.50941,78.44817,7.2,27,0,"171SM","171SM: Prashanth Ngr → Gajularamaram X Road (8 stops)"
"Prashanth Nagar","Jbs",17.47378,78.42698,17.44757,78.49664,7.6,26,1,"16P → 290K","16P: Prashanth Nagar → Secunderabad Railway Station (11 stops) | 290K: Secunderabad Railway Station → Jbs (3 stops)"
"Prashanth Nagar","Hayathnagar Bus Station",17.47378,78.42698,17.32732,78.60489,19.4,65,1,"3K/90L → 290U/S","3K/90L: Lalapet → Kamineni Hospital (12 stops) | 290U/S: Kamineni Hospital → Hayathnagar Bus Station (12 stops)"
"Prashanth Nagar","Rathifile Bus Station",17.47378,78.42698,17.43457,78.50488,5.4,19,1,"16P → 431","16P: Prashanth Nagar → Alugadda Bhavi (9 stops) | 431: Alugadda Bhavi → Rathifile Bus Station (2 stops)"
"Prashanth Nagar","Nampally Public Garoaden",17.47378,78.42698,17.39628,78.47082,10.1,35,0,"9X/230","9X/230: Prashanth Nagar → Public Garden (15 stops)"
"Prashanth Nagar","Lakdikapool",17.47378,78.42698,17.40361,78.46497,8.6,30,0,"9X/230","9X/230: Prashanth Nagar → Lakdikapool (13 stops)"
"Prashanth Nagar","Ecil Bus Terminal",17.47378,78.42698,17.47253,78.57006,5.9,21,0,"3","3: Lalapet → Ecil (6 stops)"
"Prashanth Nagar","Secretariat",17.47378,78.42698,17.40812,78.47182,9.6,33,0,"9X/230","9X/230: Prashanth Nagar → Lakdikapool (13 stops)"
"Prashanth Nagar","Patancheruvu",17.47378,78.42698,17.52903,78.26428,19.5,65,0,"219/272G","219/272G: Prashanth Nagar → Patancheruvu (18 stops)"
"Prashanth Nagar","Darul Shifa",17.47378,78.42698,17.37327,78.48299,13.4,45,1,"9X/230 → 9X","9X/230: Prashanth Nagar → Osmangunj (17 stops) | 9X: Osmangunj → Darul Shifa (3 stops)"
"Prashanth Nagar","Plaza",17.47378,78.42698,17.44330,78.49066,7.2,25,1,"16P → 17H/47W","16P: Prashanth Nagar → Alugadda Bhavi (9 stops) | 17H/47W: Alugadda Bhavi → Plaza (4 stops)"
"Prashanth Nagar","Bluesea Cafe",17.47378,78.42698,17.43713,78.50515,5.4,19,0,"16P","16P: Prashanth Nagar → Bluesea Cafe (10 stops)"
"Prashanth Nagar","Tarnaka",17.47378,78.42698,17.42571,78.53223,2.8,10,0,"3K/90L","3K/90L: Lalapet → Tarnaka (3 stops)"
"Prashanth Nagar","Lb Nagar X Road",17.47378,78.42698,17.34699,78.55013,13.2,46,0,"3K/90L","3K/90L: Lalapet → Lb Nagar (13 stops)"
"Prashanth Nagar","Lingampally Bs",17.47378,78.42698,17.49485,78.31689,12.6,43,0,"219/272G","219/272G: Prashanth Nagar → Lingampally Bs (12 stops)"
"Prashanth Nagar","Kukatpally",17.47378,78.42698,17.48385,78.41242,1.9,7,0,"219/27G","219/27G: Prashanth Nagar → Kukatpally (2 stops)"
"Prashanth Nagar","Jublee Bus Station",17.47378,78.42698,17.44761,78.49758,7.5,25,1,"16P → AC","16P: Prashanth Nagar → Secunderabad Railway Station (11 stops) | AC: Secunderabad Railway Station → Jublee Bus Station (2 stops)"
"Prashanth Nagar","Ibrahimpatnam Bus Station",17.47378,78.42698,17.19144,78.64766,35.2,118,2,"3K/90L → 300L/279K → 401","3K/90L: Lalapet → Lb Nagar (13 stops) | 300L/279K: Lb Nagar → Bongloor X Road (16 stops) | 401: Bongloor X Road → Ibrahimpatnam Bus Station (3 stops)"
"Prashanth Nagar","Moosapet",17.47378,78.42698,17.47081,78.42668,0.2,1,0,"",""
"Prashanth Nagar","Cherlapally Bus Stand",17.47378,78.42698,17.46329,78.61145,12.8,43,1,"17H/47W → 250C/R","17H/47W: Lalapet → Tarnaka (3 stops) | 250C/R: Tarnaka → Cherlapally Bus Stand (7 stops)"
"Prashanth Nagar","Koti Medical College",17.47378,78.42698,17.38310,78.48282,10.8,36,0,"17S","17S: Lalapet → Koti Medical College (14 stops)"
"Prashanth Nagar","Chadarghat",17.47378,78.42698,17.37722,78.49302,9.7,33,1,"17S → 2K","17S: Lalapet → Kachiguda Station (11 stops) | 2K: Kachiguda Station → Chadarghat (3 stops)"
"Prashanth Nagar","Kachiguda X Road",17.47378,78.42698,17.39069,78.48938,9.6,33,0,"17S","17S: Lalapet → Kachiguda X Road (12 stops)"
"Prashanth Nagar","Gandimaisamma",17.47378,78.42698,17.57508,78.42319,15.1,53,0,"83/272","83/272: Prashanth Ngr → Gandimaisamma (14 stops)"
"Prashanth Nagar","Mehdipatnam",17.47378,78.42698,17.39527,78.43980,10.4,36,0,"189M","189M: Prashanth Nagar → Mehdipatnam (17 stops)"
"Prashanth Nagar","Bata",17.47378,78.42698,17.43600,78.49370,6.8,23,0,"16P","16P: Prashanth Nagar → Secunderabad Railway Station (11 stops)"
"Prashanth Nagar","Jntu X Rd",17.47378,78.42698,17.49672,78.39445,4.3,16,0,"24N/219","24N/219: Prashanth Nagar → Jntu X Road (4 stops)"
"Prashanth Nagar","Super Bazar",17.47378,78.42698,17.37193,78.50992,11.7,41,1,"16P → 107VS","16P: Prashanth Nagar → New Bridge (7 stops) | 107VS: New Bridge → Musarambagh (3 stops)"
"Prashanth Nagar","Race Course",17.47378,78.42698,17.45076,78.48820,7.2,25,0,"186","186: Prashanth Nagar → Race Course (5 stops)"
"Prashanth Nagar","Punjagutta",17.47378,78.42698,17.42645,78.45141,6.1,21,0,"189M","189M: Prashanth Nagar → Punjagutta (10 stops)"
"Prashanth Nagar","Balanagar",17.47378,78.42698,17.46697,78.44626,2.1,7,0,"186","186: Prashanth Nagar → Balanagar (2 stops)"
"Prashanth Nagar","Chintal",17.47378,78.42698,17.49540,78.45210,5.6,21,0,"9X","9X: Prashanth Ngr → Chintal (6 stops)"
"Prashanth Nagar","Nanal Nagar",17.47378,78.42698,17.39620,78.42700,11.8,40,1,"189M → 113M/217","189M: Prashanth Nagar → Mehdipatnam (17 stops) | 113M/217: Mehdipatnam → Nanal Nagar (2 stops)"
"Prashanth Nagar","Abids Gpo",17.47378,78.42698,17.38757,78.47617,12.7,43,1,"16P → 251M/A","16P: Prashanth Nagar → Secunderabad Railway Station (11 stops) | 251M/A: Secunderabad Railway Station → Abids Gpo (6 stops)"
"Prashanth Nagar","Kachiguda Railway Station",17.47378,78.42698,17.38950,78.49726,8.5,29,0,"17S","17S: Lalapet → Tourist Hotel (10 stops)"
"Prashanth Nagar","Ghatkesar Bus Station",17.47378,78.42698,17.45213,78.68231,20.8,70,1,"3K/90L → 500","3K/90L: Lalapet → Tarnaka (3 stops) | 500: Tarnaka → Ghatkesar Bus Station (3 stops)"
"Prashanth Nagar","Chengicherla",17.47378,78.42698,17.43313,78.60845,12.8,43,2,"3K/90L → 3N → 50B","3K/90L: Lalapet → Habsiguda (4 stops) | 3N: Habsiguda → Ts Food X Road (6 stops) | 50B: Ts Food X Road → Chengicherla (8 stops)"
"Prashanth Nagar","Quthbullapur X Rd",17.47378,78.42698,17.49890,78.45176,6,23,0,"9X","9X: Prashanth Ngr → Quthbullapur X Rd (7 stops)"
"Prashanth Nagar","Shapur Nagar",17.47378,78.42698,17.51600,78.44690,8,29,0,"9M/X","9M/X: Prashanth Ngr → Shapur Nagar (9 stops)"
"Prashanth Nagar","Panama Godown",17.47378,78.42698,17.33840,78.56864,15.3,51,1,"3K/90L → 290U/S","3K/90L: Lalapet → Kamineni Hospital (12 stops) | 290U/S: Kamineni Hospital → Panama Godown (5 stops)"
"Prashanth Nagar","Gachibowli X Road",17.47378,78.42698,17.43903,78.36295,13.6,46,0,"198","198: Prashanth Nagar → Gachibowli X Road (16 stops)"
"Prashanth Nagar","Abids Grammar School",17.47378,78.42698,17.39333,78.47625,10.6,36,1,"9X/230 → 116G","9X/230: Prashanth Nagar → Lakdikapool (13 stops) | 116G: Lakdikapool → Abids Grammar School (2 stops)"
"Prashanth Nagar","Dilsukhnagar",17.47378,78.42698,17.36862,78.52366,11.8,40,1,"16P → 107VS","16P: Prashanth Nagar → New Bridge (7 stops) | 107VS: New Bridge → Dilsukhnagar (4 stops)"
"Prashanth Nagar","Sathamrai",17.47378,78.42698,17.27452,78.40118,25.8,87,2,"189M → 300/217 → 85M","189M: Prashanth Nagar → Mehdipatnam (17 stops) | 300/217: Mehdipatnam → Shivrampally (8 stops) | 85M: Shivrampally → Sathamrai (4 stops)"
"Prashanth Nagar","Gajularam X Road",17.47378,78.42698,17.51010,78.44771,7.3,27,0,"9M/X","9M/X: Prashanth Ngr → Gajularam X Road (8 stops)"
"Prashanth Nagar","Rc Puram",17.47378,78.42698,17.51362,78.28780,16.5,55,0,"219/272G","219/272G: Prashanth Nagar → Rc Puram (16 stops)"
"Prashanth Nagar","Kphb",17.47378,78.42698,17.49456,78.40081,3.6,13,0,"219/27G","219/27G: Prashanth Nagar → Kphb (3 stops)"
"Prashanth Nagar","Pisal Banda",17.47378,78.42698,17.33995,78.50379,18.5,62,1,"3K/90L → 300/253","3K/90L: Lalapet → Champapet X Road (18 stops) | 300/253: Champapet X Road → Pisal Banda (2 stops)"
"Prashanth Nagar","Police Lines",17.47378,78.42698,17.44365,78.47499,8.8,30,1,"16P → 17H/47W","16P: Prashanth Nagar → Alugadda Bhavi (9 stops) | 17H/47W: Alugadda Bhavi → Police Lines (5 stops)"
"Prashanth Nagar","Uppal X Road",17.47378,78.42698,17.40126,78.56007,6.9,23,1,"3K/90L → 500","3K/90L: Lalapet → Tarnaka (3 stops) | 500: Tarnaka → Uppal X Road (2 stops)"
"Prashanth Nagar","Boats Club",17.47378,78.42698,17.42644,78.48664,7.8,26,1,"16P → 251M/A","16P: Prashanth Nagar → Secunderabad Railway Station (11 stops) | 251M/A: Secunderabad Railway Station → Boats Club (3 stops)"
"Prashanth Nagar","Womens College",17.47378,78.42698,17.38481,78.48762,10.3,36,0,"17S","17S: Lalapet → Koti Maternity Hospital (13 stops)"
"Prashanth Nagar","Hydernagar",17.47378,78.42698,17.49919,78.38352,5.5,19,0,"219/272G","219/272G: Prashanth Nagar → Hydernagar (5 stops)"
"Prashanth Nagar","Charminar",17.47378,78.42698,17.35868,78.47403,15.3,52,1,"9X/230 → 8A/253M","9X/230: Prashanth Nagar → Osmangunj (17 stops) | 8A/253M: Osmangunj → Charminar (4 stops)"
"Prashanth Nagar","Hitech City",17.47378,78.42698,17.44995,78.38257,9.5,34,0,"198","198: Prashanth Nagar → Cyber Towers (10 stops)"
"Prashanth Nagar","Ameerpet",17.47378,78.42698,17.43155,78.44765,5.3,19,0,"9X","9X: Prashanth Nagar → Ameerpet (8 stops)"
"Prashanth Nagar","Gandipet X Road",17.47378,78.42698,17.38500,78.33100,23.7,80,2,"189M → 65M/123 → 505","189M: Prashanth Nagar → Mehdipatnam (17 stops) | 65M/123: Mehdipatnam → Narsingi (11 stops) | 505: Narsingi → Gandipet X Road (4 stops)"
"Prashanth Nagar","Gachibowli",17.47378,78.42698,17.43966,78.36356,13.7,47,0,"198","198: Prashanth Nagar → Gachibowli X Road (16 stops)"
"Prashanth Nagar","Miyapur",17.47378,78.42698,17.49669,78.36077,8.2,28,0,"219/272G","219/272G: Prashanth Nagar → Miyapur (7 stops)"
"Prashanth Nagar","Sr Nagar",17.47378,78.42698,17.44027,78.44260,3.9,15,0,"19MV","19MV: Kukatpally Bus Depot → Sr Nagar (4 stops)"
"Prashanth Nagar","Begumpet",17.47378,78.42698,17.10805,78.55358,45.1,151,2,"3K/90L → 203LWX → 203A/479","3K/90L: Lalapet → Manda Mallamma (17 stops) | 203LWX: Mandamallam → Kongara Kalan (15 stops) | 203A/479: Kongara Kalan → Begumpet (5 stops)"
"Prashanth Nagar","Tolichowki",17.47378,78.42698,17.39924,78.41552,13.1,45,1,"189M → 116","189M: Prashanth Nagar → Mehdipatnam (17 stops) | 116: Mehdipatnam → Tolichowki (3 stops)"
"Prashanth Nagar","Kondapur",17.47378,78.42698,17.46392,78.36725,13,48,1,"219/272G → 222M","219/272G: Prashanth Nagar → Allwyn X Rd (8 stops) | 222M: Allwyn X Rd → Kondapur (3 stops)"
"Prashanth Nagar","Madhapur",17.47378,78.42698,17.63017,78.77482,37.1,124,1,"3 → 546","3: Lalapet → Kushaiguda (7 stops) | 546: Kushaiguda → Madhapur (14 stops)"
"Prashanth Nagar","Shamshabad",17.47378,78.42698,17.26205,78.38824,26.5,90,1,"189M → AC","189M: Prashanth Nagar → Sarojini Devi Hospital (16 stops) | AC: Mehdipatnam(District Stop) → Shamshabad (3 stops)"
"Moosapet","Secunderabad Railway Station",17.47081,78.42668,17.43426,78.50158,10.7,36,0,"10MN","10MN: Moosapet → Secunderabad Railway Station (7 stops)"
"Moosapet","Afzalgunj",17.47081,78.42668,17.37331,78.47693,12.9,46,2,"113K → 127N → 8","113K: Moosapet → Telephone Bhavan (6 stops) | 127N: Telephone Bhavan → Abids Grammar School (3 stops) | 8: Abids Grammar School → Afzalgunj (4 stops)"
"Moosapet","Alugadda Bhavi",17.47081,78.42668,17.43531,78.51438,12.1,41,1,"10MN → 186","10MN: Moosapet → Secunderabad Railway Station (7 stops) | 186: Secunderabad Railway Station → Alugadda Bhavi (2 stops)"
"Moosapet","Patny",17.47081,78.42668,17.44318,78.49625,8.6,33,0,"186","186: Prashanth Nagar → Patny (6 stops)"
"Moosapet","Cbs",17.47081,78.42668,17.37823,78.48168,12.5,45,1,"113K → 116G","113K: Moosapet → Telephone Bhavan (6 stops) | 116G: Assembly → Cbs (3 stops)"
"Moosapet","Erragadda",17.47081,78.42668,17.45617,78.43378,1.8,6,0,"19MB","19MB: Moosapet → Erragadda (2 stops)"
"Moosapet","Gajularamaram X Road",17.47081,78.42668,17.50941,78.44817,7.5,26,0,"171SM","171SM: Moosapet → Gajularamaram X Road (9 stops)"
"Moosapet","Jbs",17.47081,78.42668,17.44757,78.49664,9.1,34,0,"186","186: Prashanth Nagar → Patny (6 stops)"
"Moosapet","Hayathnagar Bus Station",17.47081,78.42668,17.32732,78.60489,27,93,3,"113K → 127N → 277MP → 524","113K: Moosapet → Telephone Bhavan (6 stops) | 127N: Telephone Bhavan → Abids Grammar School (3 stops) | 277MP: Abids Grammar School → Ntr Nagar (12 stops) | 524: Ntr Nagar → Hayathnagar Bus Station (8 stops)"
"Moosapet","Rathifile Bus Station",17.47081,78.42668,17.43457,78.50488,11,37,0,"10MN","10MN: Moosapet → Secunderabad Railway Station (7 stops)"
"Moosapet","Nampally Public Garoaden",17.47081,78.42668,17.39628,78.47082,10.1,37,0,"113K","113K: Moosapet → Telephone Bhavan (6 stops)"
"Moosapet","Lakdikapool",17.47081,78.42668,17.40361,78.46497,8.6,32,0,"113K","113K: Moosapet → Khairatabad (5 stops)"
"Moosapet","Ecil Bus Terminal",17.47081,78.42668,17.47253,78.57006,19.3,68,1,"186 → 16ES","186: Prashanth Nagar → Patny (6 stops) | 16ES: Jbs → Ecil Bus Terminal (14 stops)"
"Moosapet","Secretariat",17.47081,78.42668,17.40812,78.47182,9.3,34,0,"113K","113K: Moosapet → Telephone Bhavan (6 stops)"
"Moosapet","Patancheruvu",17.47081,78.42668,17.52903,78.26428,19.6,66,2,"9EM → 224L → 300A/217","9EM: Moosapet → Miyapur X Road (5 stops) | 224L: Miyapur X Road → Lingampally Bs (5 stops) | 300A/217: Lingampally Bs → Patancheruvu (5 stops)"
"Moosapet","Darul Shifa",17.47081,78.42668,17.37327,78.48299,13.5,48,2,"113K → 127N → 8A","113K: Moosapet → Telephone Bhavan (6 stops) | 127N: Telephone Bhavan → Abids Grammar School (3 stops) | 8A: Abids Grammar School → Darul Shifa (5 stops)"
"Moosapet","Plaza",17.47081,78.42668,17.44330,78.49066,9.2,31,0,"10MN","10MN: Moosapet → Plaza (6 stops)"
"Moosapet","Bluesea Cafe",17.47081,78.42668,17.43713,78.50515,9.9,37,1,"186 → 29J","186: Prashanth Nagar → Patny (6 stops) | 29J: Patny → Bluesea Cafe (2 stops)"
"Moosapet","Tarnaka",17.47081,78.42668,17.42571,78.53223,13.7,48,1,"113K → 250/281","113K: Moosapet → Erragadda (2 stops) | 250/281: Erragadda → Tarnaka (5 stops)"
"Moosapet","Lb Nagar X Road",17.47081,78.42668,17.34699,78.55013,24.2,81,1,"10MN → 186","10MN: Moosapet → Secunderabad Railway Station (7 stops) | 186: Secunderabad Railway Station → Lb Nagar X Road (9 stops)"
"Moosapet","Lingampally Bs",17.47081,78.42668,17.49485,78.31689,12.8,43,1,"9EM → 224L","9EM: Moosapet → Miyapur X Road (5 stops) | 224L: Miyapur X Road → Lingampally Bs (5 stops)"
"Moosapet","Kukatpally",17.47081,78.42668,17.48385,78.41242,2.1,10,0,"19PM/272","19PM/272: Moosapet → Kukatpally (2 stops)"
"Moosapet","Jublee Bus Station",17.47081,78.42668,17.44761,78.49758,8.5,33,1,"186 → 511","186: Prashanth Nagar → Tadbund (4 stops) | 511: Tadbund → Jublee Bus Station (2 stops)"
"Moosapet","Ibrahimpatnam Bus Station",17.47081,78.42668,17.19144,78.64766,43.9,149,2,"113K → 127N → 277MP","113K: Moosapet → Telephone Bhavan (6 stops) | 127N: Telephone Bhavan → Abids Grammar School (3 stops) | 277MP: Abids Grammar School → Ibrahimpatnam Bus Station (30 stops)"
"Moosapet","Prashanth Nagar",17.47081,78.42668,17.47378,78.42698,0.3,5,0,"",""
"Moosapet","Cherlapally Bus Stand",17.47081,78.42668,17.46329,78.61145,24.2,81,2,"10MN → 186 → 250C/R","10MN: Moosapet → Secunderabad Railway Station (7 stops) | 186: Secunderabad Railway Station → Tarnaka (3 stops) | 250C/R: Tarnaka → Cherlapally Bus Stand (7 stops)"
"Moosapet","Koti Medical College",17.47081,78.42668,17.38310,78.48282,12,43,2,"113K → 127N → 218I","113K: Moosapet → Telephone Bhavan (6 stops) | 127N: Telephone Bhavan → Abids Grammar School (3 stops) | 218I: Abids Grammar School → Koti Medical College (2 stops)"
"Moosapet","Chadarghat",17.47081,78.42668,17.37722,78.49302,13.4,48,2,"113K → 127N → 277MP","113K: Moosapet → Telephone Bhavan (6 stops) | 127N: Telephone Bhavan → Abids Grammar School (3 stops) | 277MP: Abids Grammar School → Chadarghat (3 stops)"
"Moosapet","Kachiguda X Road",17.47081,78.42668,17.39069,78.48938,14.6,53,1,"113K → 83/272","113K: Moosapet → Telephone Bhavan (6 stops) | 83/272: Telephone Bhavan → Kachiguda X Road (13 stops)"
"Moosapet","Gandimaisamma",17.47081,78.42668,17.57508,78.42319,15.4,52,0,"83/272","83/272: Moosapet → Gandimaisamma (15 stops)"
"Moosapet","Mehdipatnam",17.47081,78.42668,17.39527,78.43980,9.4,32,0,"19KA","19KA: Moosapet → Mehdipatnam (6 stops)"
"Moosapet","Bata",17.47081,78.42668,17.43600,78.49370,11.5,39,0,"10MN","10MN: Moosapet → Secunderabad Railway Station (7 stops)"
"Moosapet","Jntu X Rd",17.47081,78.42668,17.49672,78.39445,4.5,19,0,"19PM/272","19PM/272: Moosapet → Kphb Main Road (3 stops)"
"Moosapet","Super Bazar",17.47081,78.42668,17.37193,78.50992,14.9,53,2,"113K → 127N → 277MP","113K: Moosapet → Telephone Bhavan (6 stops) | 127N: Telephone Bhavan → Abids Grammar School (3 stops) | 277MP: Abids Grammar School → Super Bazar (6 stops)"
"Moosapet","Race Course",17.47081,78.42668,17.45076,78.48820,7.5,29,0,"186","186: Prashanth Nagar → Race Course (5 stops)"
"Moosapet","Punjagutta",17.47081,78.42668,17.42645,78.45141,5.6,19,0,"19KA","19KA: Moosapet → Punjagutta (4 stops)"
"Moosapet","Balanagar",17.47081,78.42668,17.46697,78.44626,2.8,10,0,"9X","9X: Moosapet → Balanagar (3 stops)"
"Moosapet","Chintal",17.47081,78.42668,17.49540,78.45210,5.9,20,0,"9X","9X: Moosapet → Chintal (7 stops)"
"Moosapet","Nanal Nagar",17.47081,78.42668,17.39620,78.42700,10.7,36,1,"19KA → 116G","19KA: Moosapet → Mehdipatnam (6 stops) | 116G: Mehdipatnam → Nanal Nagar (2 stops)"
"Moosapet","Abids Gpo",17.47081,78.42668,17.38757,78.47617,12.9,46,1,"113K → 127N","113K: Moosapet → Telephone Bhavan (6 stops) | 127N: Telephone Bhavan → Abids Gpo (6 stops)"
"Moosapet","Kachiguda Railway Station",17.47081,78.42668,17.38950,78.49726,13.3,50,1,"113K → 83/272","113K: Moosapet → Telephone Bhavan (6 stops) | 83/272: Telephone Bhavan → Tourist Hotel (11 stops)"
"Moosapet","Ghatkesar Bus Station",17.47081,78.42668,17.45213,78.68231,32.3,108,2,"10MN → 290/186 → 500","10MN: Moosapet → Secunderabad Railway Station (7 stops) | 290/186: Secunderabad Railway Station → Uppal X Road (6 stops) | 500: Uppal X Road → Ghatkesar Bus Station (2 stops)"
"Moosapet","Chengicherla",17.47081,78.42668,17.43313,78.60845,26.5,92,2,"113K → 284P → 18CR","113K: Moosapet → Uppal Bus Station (13 stops) | 284P: Uppal Bus Station → Medipally (3 stops) | 18CR: Medipally → Chengicherla (3 stops)"
"Moosapet","Quthbullapur X Rd",17.47081,78.42668,17.49890,78.45176,6.3,21,0,"9X","9X: Moosapet → Quthbullapur X Rd (8 stops)"
"Moosapet","Shapur Nagar",17.47081,78.42668,17.51600,78.44690,8.3,28,0,"9M/X","9M/X: Moosapet → Shapur Nagar (10 stops)"
"Moosapet","Panama Godown",17.47081,78.42668,17.33840,78.56864,26.5,89,1,"10MN → 186","10MN: Moosapet → Secunderabad Railway Station (7 stops) | 186: Secunderabad Railway Station → Panama Godown (10 stops)"
"Moosapet","Gachibowli X Road",17.47081,78.42668,17.43903,78.36295,12,41,2,"19MB → 10F/V → 195SP","19MB: Moosapet → Erragadda (2 stops) | 10F/V: Erragadda → Tcs Deccan Park (9 stops) | 195SP: Tcs Deccan Park → Gachibowli X Road (3 stops)"
"Moosapet","Abids Grammar School",17.47081,78.42668,17.39333,78.47625,10.6,38,1,"113K → 127N","113K: Moosapet → Telephone Bhavan (6 stops) | 127N: Telephone Bhavan → Abids Grammar School (3 stops)"
"Moosapet","Dilsukhnagar",17.47081,78.42668,17.36862,78.52366,16.5,58,2,"113K → 127N → 277MP","113K: Moosapet → Telephone Bhavan (6 stops) | 127N: Telephone Bhavan → Abids Grammar School (3 stops) | 277MP: Abids Grammar School → Dilsukhnagar (8 stops)"
"Moosapet","Sathamrai",17.47081,78.42668,17.27452,78.40118,25.7,86,1,"19KA → 92A/251S","19KA: Moosapet → Mehdipatnam (6 stops) | 92A/251S: Mehdipatnam → Sathamrai (13 stops)"
"Moosapet","Gajularam X Road",17.47081,78.42668,17.51010,78.44771,7.6,26,0,"9M/X","9M/X: Moosapet → Gajularam X Road (9 stops)"
"Moosapet","Rc Puram",17.47081,78.42668,17.51362,78.28780,16.6,56,2,"9EM → 224L → 300A/217","9EM: Moosapet → Miyapur X Road (5 stops) | 224L: Miyapur X Road → Lingampally Bs (5 stops) | 300A/217: Lingampally Bs → Rc Puram (3 stops)"
"Moosapet","Kphb",17.47081,78.42668,17.49456,78.40081,3.9,14,0,"9EM","9EM: Moosapet → Kphb Metro Station (3 stops)"
"Moosapet","Pisal Banda",17.47081,78.42668,17.33995,78.50379,24.5,86,3,"113K → 127N → 8A/253S → 300/253","113K: Moosapet → Telephone Bhavan (6 stops) | 127N: Telephone Bhavan → Abids Grammar School (3 stops) | 8A/253S: Abids Grammar School → Barkas (17 stops) | 300/253: Barkas → Pisal Banda (3 stops)"
"Moosapet","Police Lines",17.47081,78.42668,17.44365,78.47499,7.5,26,1,"19MB → 10JB","19MB: Moosapet → Rj College (4 stops) | 10JB: Rj College → Police Lines (2 stops)"
"Moosapet","Uppal X Road",17.47081,78.42668,17.40126,78.56007,18.4,62,1,"10MN → 290/186","10MN: Moosapet → Secunderabad Railway Station (7 stops) | 290/186: Secunderabad Railway Station → Uppal X Road (6 stops)"
"Moosapet","Boats Club",17.47081,78.42668,17.42644,78.48664,11.8,42,1,"113K → 5K","113K: Moosapet → Telephone Bhavan (6 stops) | 5K: Telephone Bhavan → Boats Club (3 stops)"
"Moosapet","Womens College",17.47081,78.42668,17.38481,78.48762,12.3,45,1,"113K → 127N","113K: Moosapet → Telephone Bhavan (6 stops) | 127N: Telephone Bhavan → Koti Bank Strret (4 stops)"
"Moosapet","Hydernagar",17.47081,78.42668,17.49919,78.38352,5.7,19,0,"9EM","9EM: Moosapet → Hydernagar (4 stops)"
"Moosapet","Charminar",17.47081,78.42668,17.35868,78.47403,15.8,56,2,"113K → 127N → 8A","113K: Moosapet → Telephone Bhavan (6 stops) | 127N: Telephone Bhavan → Abids Grammar School (3 stops) | 8A: Abids Grammar School → Charminar (9 stops)"
"Moosapet","Hitech City",17.47081,78.42668,17.44995,78.38257,8,29,1,"19MB → 10F/V","19MB: Moosapet → Erragadda (2 stops) | 10F/V: Erragadda → Cyber Towers (8 stops)"
"Moosapet","Ameerpet",17.47081,78.42668,17.43155,78.44765,5,20,0,"113K","113K: Moosapet → Sr Nagar (3 stops)"
"Moosapet","Gandipet X Road",17.47081,78.42668,17.38500,78.33100,22.7,76,2,"19KA → 95K → 120","19KA: Moosapet → Mehdipatnam (6 stops) | 95K: Mehdipatnam → Bapu Ghat (4 stops) | 120: Bapu Ghat → Gandipet X Road (12 stops)"
"Moosapet","Gachibowli",17.47081,78.42668,17.43966,78.36356,10.7,36,2,"19MB → 10F/V → 10HW","19MB: Moosapet → Erragadda (2 stops) | 10F/V: Erragadda → Tcs Deccan Park (9 stops) | 10HW: Tcs Deccan Park → Telecom Nagar (2 stops)"
"Moosapet","Miyapur",17.47081,78.42668,17.49669,78.36077,8.1,28,0,"9EM","9EM: Moosapet → Miyapur X Road (5 stops)"
"Moosapet","Sr Nagar",17.47081,78.42668,17.44027,78.44260,3.4,12,0,"10MN","10MN: Moosapet → Sr Nagar (3 stops)"
"Moosapet","Tolichowki",17.47081,78.42668,17.39924,78.41552,12,40,1,"19KA → 216","19KA: Moosapet → Mehdipatnam (6 stops) | 216: Mehdipatnam → Tolichowki (3 stops)"
"Moosapet","Kondapur",17.47081,78.42668,17.46392,78.36725,12.5,42,1,"9EM → 222M","9EM: Moosapet → Miyapur X Road (5 stops) | 222M: Miyapur X Road → Kondapur (4 stops)"
"Moosapet","Madhapur",17.47081,78.42668,17.63017,78.77482,52.3,177,3,"113K → 250/281 → 17D → 546","113K: Moosapet → Erragadda (2 stops) | 250/281: Erragadda → Alugaddabavi (4 stops) | 17D: Alugaddabavi → Nagaram (8 stops) | 546: Nagaram → Madhapur (13 stops)"
"Moosapet","Shamshabad",17.47081,78.42668,17.26205,78.38824,27.6,93,1,"19KA → 92A/251S","19KA: Moosapet → Mehdipatnam (6 stops) | 92A/251S: Mehdipatnam → Shamshabad (14 stops)"
"Cherlapally Bus Stand","Secunderabad Railway Station",17.46329,78.61145,17.43426,78.50158,13.5,45,1,"250C/R → 431","250C/R: Cherlapally Bus Stand → Alugadda Bhavi (8 stops) | 431: Alugadda Bhavi → Secunderabad Railway Station (3 stops)"
"Cherlapally Bus Stand","Afzalgunj",17.46329,78.61145,17.37331,78.47693,18.9,64,2,"250C/R → 6X → 86A","250C/R: Cherlapally Bus Stand → Tarnaka (7 stops) | 6X: Tarnaka → Vst X Road (7 stops) | 86A: Vst X Road → Afzalgunj (9 stops)"
"Cherlapally Bus Stand","Alugadda Bhavi",17.46329,78.61145,17.43531,78.51438,12.1,41,0,"250C/R","250C/R: Cherlapally Bus Stand → Alugadda Bhavi (8 stops)"
"Cherlapally Bus Stand","Patny",17.46329,78.61145,17.44318,78.49625,14.6,49,1,"250C/R → 431","250C/R: Cherlapally Bus Stand → Alugadda Bhavi (8 stops) | 431: Alugadda Bhavi → Patny (4 stops)"
"Cherlapally Bus Stand","Cbs",17.46329,78.61145,17.37823,78.48168,18.1,61,2,"250C/R → 6X → 86A","250C/R: Cherlapally Bus Stand → Tarnaka (7 stops) | 6X: Tarnaka → Vst X Road (7 stops) | 86A: Vst X Road → Cbs (8 stops)"
"Cherlapally Bus Stand","Erragadda",17.46329,78.61145,17.45617,78.43378,22.6,76,2,"250C/R → 26/20 → 10MN","250C/R: Cherlapally Bus Stand → Secunderabad (9 stops) | 26/20: Secunderabad → Plaza (3 stops) | 10MN: Plaza → Erragadda (5 stops)"
"Cherlapally Bus Stand","Gajularamaram X Road",17.46329,78.61145,17.50941,78.44817,23,79,3,"16A/250X → 24S/273 → 24SS → 30S","16A/250X: Cherlapally Bus Stand → Neredmet X Road (12 stops) | 24S/273: Neredmet X Road → Suchitra Circle (13 stops) | 24SS: Suchitra X Road → Quthubullapur X Road (6 stops) | 30S: Quthubullapur X Road → Gajularamaram X Road (2 stops)"
"Cherlapally Bus Stand","Jbs",17.46329,78.61145,17.44757,78.49664,14.5,49,1,"250C/R → AL","250C/R: Cherlapally Bus Stand → Tarnaka (7 stops) | AL: Tarnaka → Jbs (3 stops)"
"Cherlapally Bus Stand","Hayathnagar Bus Station",17.46329,78.61145,17.32732,78.60489,25.2,85,1,"16A/250X → 290/186","16A/250X: Cherlapally Bus Stand → Kamala Nagar (6 stops) | 290/186: Kamala Nagar → Hayathnagar Bus Station (5 stops)"
"Cherlapally Bus Stand","Rathifile Bus Station",17.46329,78.61145,17.43457,78.50488,13.1,44,1,"250C/R → 431","250C/R: Cherlapally Bus Stand → Alugadda Bhavi (8 stops) | 431: Alugadda Bhavi → Rathifile Bus Station (2 stops)"
"Cherlapally Bus Stand","Nampally Public Garoaden",17.46329,78.61145,17.39628,78.47082,19.4,66,2,"250C/R → 16/20 → 8C","250C/R: Cherlapally Bus Stand → Alugadda Bhavi (8 stops) | 16/20: Alugadda Bhavi → Rbi Birlamandir (5 stops) | 8C: Rbi Birlamandir → Public Garden (3 stops)"
"Cherlapally Bus Stand","Lakdikapool",17.46329,78.61145,17.40361,78.46497,18.5,62,1,"250C/R → 16/20","250C/R: Cherlapally Bus Stand → Alugadda Bhavi (8 stops) | 16/20: Alugadda Bhavi → Rbi Birlamandir (5 stops)"
"Cherlapally Bus Stand","Ecil Bus Terminal",17.46329,78.61145,17.47253,78.57006,5.6,19,0,"16A/250X","16A/250X: Cherlapally Bus Stand → Ecil Bus Terminal (5 stops)"
"Cherlapally Bus Stand","Secretariat",17.46329,78.61145,17.40812,78.47182,17.7,60,1,"250C/R → 6X","250C/R: Cherlapally Bus Stand → Tarnaka (7 stops) | 6X: Tarnaka → Secretariat (14 stops)"
"Cherlapally Bus Stand","Patancheruvu",17.46329,78.61145,17.52903,78.26428,42.9,143,2,"250C/R → 431 → 219/27G","250C/R: Cherlapally Bus Stand → Alugadda Bhavi (8 stops) | 431: Alugadda Bhavi → Hydernagar (13 stops) | 219/27G: Hydernagar → Patancheruvu (14 stops)"
"Cherlapally Bus Stand","Darul Shifa",17.46329,78.61145,17.37327,78.48299,19.5,66,2,"250C/R → 6X → 86A","250C/R: Cherlapally Bus Stand → Tarnaka (7 stops) | 6X: Tarnaka → Vst X Road (7 stops) | 86A: Vst X Road → Afzalgunj (9 stops)"
"Cherlapally Bus Stand","Plaza",17.46329,78.61145,17.44330,78.49066,15.3,51,1,"250C/R → 26/20","250C/R: Cherlapally Bus Stand → Secunderabad (9 stops) | 26/20: Secunderabad → Plaza (3 stops)"
"Cherlapally Bus Stand","Bluesea Cafe",17.46329,78.61145,17.43713,78.50515,13.1,45,0,"250C/R","250C/R: Cherlapally Bus Stand → Secunderabad (9 stops)"
"Cherlapally Bus Stand","Tarnaka",17.46329,78.61145,17.42571,78.53223,10,34,0,"250C/R","250C/R: Cherlapally Bus Stand → Tarnaka (7 stops)"
"Cherlapally Bus Stand","Lb Nagar X Road",17.46329,78.61145,17.34699,78.55013,17.1,59,2,"18X/U → 284P → 300/532","18X/U: Cherlapally Bus Stand → Medipally (5 stops) | 284P: Medipally → Uppal X Road Junction (5 stops) | 300/532: Uppal X Road Junction → Lb Nagar (5 stops)"
"Cherlapally Bus Stand","Lingampally Bs",17.46329,78.61145,17.49485,78.31689,36.1,121,2,"250C/R → 431 → 219/27G","250C/R: Cherlapally Bus Stand → Alugadda Bhavi (8 stops) | 431: Alugadda Bhavi → Hydernagar (13 stops) | 219/27G: Hydernagar → Lingampally (8 stops)"
"Cherlapally Bus Stand","Kukatpally",17.46329,78.61145,17.48385,78.41242,25.3,85,1,"250C/R → 431","250C/R: Cherlapally Bus Stand → Alugadda Bhavi (8 stops) | 431: Alugadda Bhavi → Kukatpally (11 stops)"
"Cherlapally Bus Stand","Jublee Bus Station",17.46329,78.61145,17.44761,78.49758,14.6,50,1,"250C/R → AL","250C/R: Cherlapally Bus Stand → Tarnaka (7 stops) | AL: Tarnaka → Jbs (3 stops)"
"Cherlapally Bus Stand","Ibrahimpatnam Bus Station",17.46329,78.61145,17.19144,78.64766,46.5,158,3,"16A/250X → 290/186 → 290U/202T → 277H","16A/250X: Cherlapally Bus Stand → Kamala Nagar (6 stops) | 290/186: Kamala Nagar → Hayath Nagar Depot (4 stops) | 290U/202T: Thorrur X Road → Koeda Village (6 stops) | 277H: Koeda Village → Ibrahimpatnam Bus Station (11 stops)"
"Cherlapally Bus Stand","Prashanth Nagar",17.46329,78.61145,17.47378,78.42698,12.8,44,1,"250C/R → 3K/90L","250C/R: Cherlapally Bus Stand → Tarnaka (7 stops) | 3K/90L: Tarnaka → Lalapet (4 stops)"
"Cherlapally Bus Stand","Moosapet",17.46329,78.61145,17.47081,78.42668,23.6,79,1,"250C/R → 431","250C/R: Cherlapally Bus Stand → Alugadda Bhavi (8 stops) | 431: Alugadda Bhavi → Prashanth Nagar (10 stops)"
"Cherlapally Bus Stand","Koti Medical College",17.46329,78.61145,17.38310,78.48282,17.5,59,2,"250C/R → 6X → 86A","250C/R: Cherlapally Bus Stand → Tarnaka (7 stops) | 6X: Tarnaka → Vst X Road (7 stops) | 86A: Vst X Road → Koti Medical College (7 stops)"
"Cherlapally Bus Stand","Chadarghat",17.46329,78.61145,17.37722,78.49302,18.1,61,2,"250C/R → 6X → 252","250C/R: Cherlapally Bus Stand → Tarnaka (7 stops) | 6X: Tarnaka → Ladies Hostel Osmania University (4 stops) | 252: Ladies Hostel Osmania University → Chadarghat (5 stops)"
"Cherlapally Bus Stand","Kachiguda X Road",17.46329,78.61145,17.39069,78.48938,16.4,55,2,"250C/R → 6X → 86A","250C/R: Cherlapally Bus Stand → Tarnaka (7 stops) | 6X: Tarnaka → Vst X Road (7 stops) | 86A: Vst X Road → Kachiguda X Road (5 stops)"
"Cherlapally Bus Stand","Gandimaisamma",17.46329,78.61145,17.57508,78.42319,32.7,110,2,"16A/250X → 290/186 → 524","16A/250X: Cherlapally Bus Stand → Kamala Nagar (6 stops) | 290/186: Kamala Nagar → Hayathnagar Bus Station (5 stops) | 524: Hayathnagar Bus Station → Gandimaisamma (5 stops)"
"Cherlapally Bus Stand","Mehdipatnam",17.46329,78.61145,17.39527,78.43980,21.4,72,3,"250C/R → 16/20 → 5R → 6L","250C/R: Cherlapally Bus Stand → Alugadda Bhavi (8 stops) | 16/20: Alugadda Bhavi → Rbi Birlamandir (5 stops) | 5R: Rbi Birlamandir → Mahavir Hospital (3 stops) | 6L: Mahavir Hospital → Mehdipatnam (2 stops)"
"Cherlapally Bus Stand","Bata",17.46329,78.61145,17.43600,78.49370,14.3,48,1,"250C/R → 431","250C/R: Cherlapally Bus Stand → Alugadda Bhavi (8 stops) | 431: Alugadda Bhavi → Secunderabad Railway Station (3 stops)"
"Cherlapally Bus Stand","Jntu X Rd",17.46329,78.61145,17.49672,78.39445,27.7,94,1,"250C/R → 431","250C/R: Cherlapally Bus Stand → Alugadda Bhavi (8 stops) | 431: Alugadda Bhavi → Kphb Metro Station (12 stops)"
"Cherlapally Bus Stand","Super Bazar",17.46329,78.61145,17.37193,78.50992,22.6,76,3,"250C/R → 6X → 86A → 72/208C","250C/R: Cherlapally Bus Stand → Tarnaka (7 stops) | 6X: Tarnaka → Vst X Road (7 stops) | 86A: Vst X Road → Afzalgunj (9 stops) | 72/208C: Afzalgunj → Super Bazar (6 stops)"
"Cherlapally Bus Stand","Race Course",17.46329,78.61145,17.45076,78.48820,16.1,54,1,"250C/R → 26/20","250C/R: Cherlapally Bus Stand → Secunderabad (9 stops) | 26/20: Secunderabad → Race Course (4 stops)"
"Cherlapally Bus Stand","Punjagutta",17.46329,78.61145,17.42645,78.45141,21,71,1,"250C/R → 16/20","250C/R: Cherlapally Bus Stand → Alugadda Bhavi (8 stops) | 16/20: Alugadda Bhavi → Irrum Manzil (7 stops)"
"Cherlapally Bus Stand","Balanagar",17.46329,78.61145,17.46697,78.44626,21.3,72,1,"250C/R → 431","250C/R: Cherlapally Bus Stand → Alugadda Bhavi (8 stops) | 431: Alugadda Bhavi → Balanagar (9 stops)"
"Cherlapally Bus Stand","Chintal",17.46329,78.61145,17.49540,78.45210,24.4,82,2,"250C/R → 431 → 567G","250C/R: Cherlapally Bus Stand → Alugadda Bhavi (8 stops) | 431: Alugadda Bhavi → Bowenpally X Road (8 stops) | 567G: Bowenpally X Road → Chintal (4 stops)"
"Cherlapally Bus Stand","Nanal Nagar",17.46329,78.61145,17.39620,78.42700,22.8,76,3,"250C/R → 16/20 → 5R → 116G","250C/R: Cherlapally Bus Stand → Alugadda Bhavi (8 stops) | 16/20: Alugadda Bhavi → Rbi Birlamandir (5 stops) | 5R: Rbi Birlamandir → Mahavir Hospital (3 stops) | 116G: Mahavir Hospital → Nanal Nagar (3 stops)"
"Cherlapally Bus Stand","Abids Gpo",17.46329,78.61145,17.38757,78.47617,18.2,61,3,"250C/R → 6X → 86A → 127K","250C/R: Cherlapally Bus Stand → Tarnaka (7 stops) | 6X: Tarnaka → Vst X Road (7 stops) | 86A: Vst X Road → Kachiguda X Road (5 stops) | 127K: Kachiguda X Road → Abids Gpo (3 stops)"
"Cherlapally Bus Stand","Kachiguda Railway Station",17.46329,78.61145,17.38950,78.49726,15.6,53,2,"250C/R → 6X → 252","250C/R: Cherlapally Bus Stand → Tarnaka (7 stops) | 6X: Tarnaka → Ladies Hostel Osmania University (4 stops) | 252: Ladies Hostel Osmania University → Kachiguda Station (3 stops)"
"Cherlapally Bus Stand","Ghatkesar Bus Station",17.46329,78.61145,17.45213,78.68231,8.9,32,1,"250C/R → 22/281","250C/R: Cherlapally Bus Stand → Rampally Village (3 stops) | 22/281: Rampally Village → Ghatkesar Bus Station (6 stops)"
"Cherlapally Bus Stand","Chengicherla",17.46329,78.61145,17.43313,78.60845,3.4,12,0,"250C","250C: Cherlapally Bus Stand → Chengicherla (3 stops)"
"Cherlapally Bus Stand","Quthbullapur X Rd",17.46329,78.61145,17.49890,78.45176,24.8,83,2,"250C/R → 431 → 567G","250C/R: Cherlapally Bus Stand → Alugadda Bhavi (8 stops) | 431: Alugadda Bhavi → Bowenpally X Road (8 stops) | 567G: Bowenpally X Road → Chintal (4 stops)"
"Cherlapally Bus Stand","Shapur Nagar",17.46329,78.61145,17.51600,78.44690,26.7,90,2,"250C/R → 431 → 567G","250C/R: Cherlapally Bus Stand → Alugadda Bhavi (8 stops) | 431: Alugadda Bhavi → Bowenpally X Road (8 stops) | 567G: Bowenpally X Road → Shapur Nagar (5 stops)"
"Cherlapally Bus Stand","Panama Godown",17.46329,78.61145,17.33840,78.56864,19.2,66,3,"18X/U → 284P → 300/532 → 555","18X/U: Cherlapally Bus Stand → Medipally (5 stops) | 284P: Medipally → Uppal X Road Junction (5 stops) | 300/532: Uppal X Road Junction → Lb Nagar (5 stops) | 555: Lb Nagar X Road → Panama Godown (2 stops)"
"Cherlapally Bus Stand","Gachibowli X Road",17.46329,78.61145,17.43903,78.36295,31.1,104,3,"250C/R → 16/20 → 5R → 6L","250C/R: Cherlapally Bus Stand → Alugadda Bhavi (8 stops) | 16/20: Alugadda Bhavi → Rbi Birlamandir (5 stops) | 5R: Rbi Birlamandir → Mahavir Hospital (3 stops) | 6L: Mahavir Hospital → Gachibowli X Road (7 stops)"
"Cherlapally Bus Stand","Abids Grammar School",17.46329,78.61145,17.39333,78.47625,19.9,67,2,"250C/R → 16/20 → 102B","250C/R: Cherlapally Bus Stand → Alugadda Bhavi (8 stops) | 16/20: Alugadda Bhavi → Rbi Birlamandir (5 stops) | 102B: Rbi Birlamandir → Abids Grammar School (3 stops)"
"Cherlapally Bus Stand","Dilsukhnagar",17.46329,78.61145,17.36862,78.52366,17.5,59,3,"18X/U → 284P → 301 → 90U","18X/U: Cherlapally Bus Stand → Medipally (5 stops) | 284P: Medipally → Uppal X Road Junction (5 stops) | 301: Uppal X Road Junction → Nagole X Road (3 stops) | 90U: Nagole X Road → Dilsukhnagar (8 stops)"
"Cherlapally Bus Stand","Gajularam X Road",17.46329,78.61145,17.51010,78.44771,23.6,83,2,"16A/250X → 24S/273 → 24SS","16A/250X: Cherlapally Bus Stand → Neredmet X Road (12 stops) | 24S/273: Neredmet X Road → Suchitra Circle (13 stops) | 24SS: Suchitra X Road → Shapur Nagar X Road (9 stops)"
"Cherlapally Bus Stand","Rc Puram",17.46329,78.61145,17.51362,78.28780,39.8,133,2,"250C/R → 431 → 219/27G","250C/R: Cherlapally Bus Stand → Alugadda Bhavi (8 stops) | 431: Alugadda Bhavi → Hydernagar (13 stops) | 219/27G: Hydernagar → Rc Puram (12 stops)"
"Cherlapally Bus Stand","Kphb",17.46329,78.61145,17.49456,78.40081,27.1,91,1,"250C/R → 431","250C/R: Cherlapally Bus Stand → Alugadda Bhavi (8 stops) | 431: Alugadda Bhavi → Kphb Metro Station (12 stops)"
"Cherlapally Bus Stand","Pisal Banda",17.46329,78.61145,17.33995,78.50379,22.4,76,2,"18X/U → 284P → 300/532","18X/U: Cherlapally Bus Stand → Medipally (5 stops) | 284P: Medipally → Uppal X Road Junction (5 stops) | 300/532: Uppal X Road Junction → Midhani Bus Depot (9 stops)"
"Cherlapally Bus Stand","Police Lines",17.46329,78.61145,17.44365,78.47499,16.9,57,2,"250C/R → 431 → 49E","250C/R: Cherlapally Bus Stand → Alugadda Bhavi (8 stops) | 431: Alugadda Bhavi → Patny (4 stops) | 49E: Patny → Police Lines (3 stops)"
"Cherlapally Bus Stand","Uppal X Road",17.46329,78.61145,17.40126,78.56007,11.7,40,0,"18X/U","18X/U: Cherlapally Bus Stand → Uppal X Road (8 stops)"
"Cherlapally Bus Stand","Boats Club",17.46329,78.61145,17.42644,78.48664,15.3,52,2,"250C/R → 431 → 251M/A","250C/R: Cherlapally Bus Stand → Alugadda Bhavi (8 stops) | 431: Alugadda Bhavi → Secunderabad Railway Station (3 stops) | 251M/A: Secunderabad Railway Station → Boats Club (3 stops)"
"Cherlapally Bus Stand","Womens College",17.46329,78.61145,17.38481,78.48762,17.1,59,2,"250C/R → 6X → 86A","250C/R: Cherlapally Bus Stand → Tarnaka (7 stops) | 6X: Tarnaka → Vst X Road (7 stops) | 86A: Vst X Road → Koti Maternity Hospital (6 stops)"
"Cherlapally Bus Stand","Hydernagar",17.46329,78.61145,17.49919,78.38352,28.9,97,1,"250C/R → 431","250C/R: Cherlapally Bus Stand → Alugadda Bhavi (8 stops) | 431: Alugadda Bhavi → Hydernagar (13 stops)"
"Cherlapally Bus Stand","Charminar",17.46329,78.61145,17.35868,78.47403,21.4,72,3,"250C/R → 6X → 86A → 253M","250C/R: Cherlapally Bus Stand → Tarnaka (7 stops) | 6X: Tarnaka → Vst X Road (7 stops) | 86A: Vst X Road → Afzalgunj (9 stops) | 253M: Afzalgunj → Charminar (3 stops)"
"Cherlapally Bus Stand","Hitech City",17.46329,78.61145,17.44995,78.38257,28.8,98,3,"250C/R → 26/20 → 10MN → 10F/V","250C/R: Cherlapally Bus Stand → Secunderabad (9 stops) | 26/20: Secunderabad → Plaza (3 stops) | 10MN: Plaza → Erragadda (5 stops) | 10F/V: Erragadda → Cyber Towers (8 stops)"
"Cherlapally Bus Stand","Ameerpet",17.46329,78.61145,17.43155,78.44765,21.7,73,2,"250C/R → 16/20 → 113I/A","250C/R: Cherlapally Bus Stand → Alugadda Bhavi (8 stops) | 16/20: Alugadda Bhavi → Irrum Manzil (7 stops) | 113I/A: Irrum Manzil → Ameerpet (5 stops)"
"Cherlapally Bus Stand","Gandipet X Road",17.46329,78.61145,17.38500,78.33100,35.3,118,3,"250C/R → 16/20 → 5P → 120","250C/R: Cherlapally Bus Stand → Alugadda Bhavi (8 stops) | 16/20: Alugadda Bhavi → Rbi Birlamandir (5 stops) | 5P: Rbi Birlamandir → Mehdipatnam Bus Depot (6 stops) | 120: Mehdipatnam Bus Depot → Gandipet X Road (16 stops)"
"Cherlapally Bus Stand","Gachibowli",17.46329,78.61145,17.43966,78.36356,31.2,106,3,"250C/R → 16/20 → 5R → 6L","250C/R: Cherlapally Bus Stand → Alugadda Bhavi (8 stops) | 16/20: Alugadda Bhavi → Rbi Birlamandir (5 stops) | 5R: Rbi Birlamandir → Mahavir Hospital (3 stops) | 6L: Mahavir Hospital → Gachibowli X Road (7 stops)"
"Cherlapally Bus Stand","Miyapur",17.46329,78.61145,17.49669,78.36077,31.6,106,2,"250C/R → 431 → 10MN","250C/R: Cherlapally Bus Stand → Alugadda Bhavi (8 stops) | 431: Alugadda Bhavi → Hydernagar (13 stops) | 10MN: Hydernagar → Miyapur (2 stops)"
"Cherlapally Bus Stand","Sr Nagar",17.46329,78.61145,17.44027,78.44260,21,70,2,"250C/R → 26/20 → 10MN","250C/R: Cherlapally Bus Stand → Secunderabad (9 stops) | 26/20: Secunderabad → Plaza (3 stops) | 10MN: Plaza → Sr Nagar (4 stops)"
"Cherlapally Bus Stand","Tolichowki",17.46329,78.61145,17.39924,78.41552,24,81,3,"250C/R → 16/20 → 5R → 116G","250C/R: Cherlapally Bus Stand → Alugadda Bhavi (8 stops) | 16/20: Alugadda Bhavi → Rbi Birlamandir (5 stops) | 5R: Rbi Birlamandir → Mahavir Hospital (3 stops) | 116G: Mahavir Hospital → Tolichowki (4 stops)"
"Cherlapally Bus Stand","Kondapur",17.46329,78.61145,17.46392,78.36725,10.4,37,2,"250C/R → 22/281 → 280B","250C/R: Cherlapally Bus Stand → Rampally Village (3 stops) | 22/281: Rampally Village → Ghatkesar Bus Station (6 stops) | 280B: Ghatkesar Bus Station → Kondapur (3 stops)"
"Cherlapally Bus Stand","Madhapur",17.46329,78.61145,17.63017,78.77482,34.8,117,2,"250C/R → 281/25S → 546","250C/R: Cherlapally Bus Stand → Rampally Village (3 stops) | 281/25S: Rampally Village → Rampally X Road (7 stops) | 546: Rampally X Road → Madhapur (12 stops)"
"Cherlapally Bus Stand","Shamshabad",17.46329,78.61145,17.26205,78.38824,34.5,116,3,"250C/R → 6X → 86A → AA","250C/R: Cherlapally Bus Stand → Tarnaka (7 stops) | 6X: Tarnaka → Vst X Road (7 stops) | 86A: Vst X Road → Afzalgunj (9 stops) | AA: Afzalgunj → Shamshabad (4 stops)"
"Koti Medical College","Secunderabad Railway Station",17.38310,78.48282,17.43426,78.50158,6.6,23,0,"1/25S","1/25S: Ramkoti → Secunderabad Railway Station (10 stops)"
"Koti Medical College","Afzalgunj",17.38310,78.48282,17.37331,78.47693,1.3,6,0,"9K","9K: Koti Medical College → Afzalgunj (3 stops)"
"Koti Medical College","Alugadda Bhavi",17.38310,78.48282,17.43531,78.51438,8,27,1,"1/25S → 186","1/25S: Ramkoti → Secunderabad Railway Station (10 stops) | 186: Secunderabad Railway Station → Alugadda Bhavi (2 stops)"
"Koti Medical College","Patny",17.38310,78.48282,17.44318,78.49625,7.7,26,0,"1/25S","1/25S: Ramkoti → Patny (11 stops)"
"Koti Medical College","Cbs",17.38310,78.48282,17.37823,78.48168,0.6,3,0,"",""
"Koti Medical College","Erragadda",17.38310,78.48282,17.45617,78.43378,9.8,34,1,"6L → 113K","6L: Abids Gpo → Lakdikapool (2 stops) | 113K: Lakdikapool → Erragadda (5 stops)"
"Koti Medical College","Gajularamaram X Road",17.38310,78.48282,17.50941,78.44817,22.5,76,2,"1/25S → 24SS → 30S","1/25S: Ramkoti → Loyola Academy (24 stops) | 24SS: Loyola Academy → Quthubullapur X Road (7 stops) | 30S: Quthubullapur X Road → Gajularamaram X Road (2 stops)"
"Koti Medical College","Jbs",17.38310,78.48282,17.44757,78.49664,8.4,29,0,"1/25S","1/25S: Ramkoti → Jbs (12 stops)"
"Koti Medical College","Hayathnagar Bus Station",17.38310,78.48282,17.32732,78.60489,15,51,1,"100L → 555","100L: Koti Medical College → Dwaraka Nagar Ashtalakshmi Temple (8 stops) | 555: Dwaraka Nagar Ashtalakshmi Temple → Hayathnagar Bus Station (5 stops)"
"Koti Medical College","Rathifile Bus Station",17.38310,78.48282,17.43457,78.50488,6.4,22,0,"102","102: Ramkoti → Rathifile Bus Station (10 stops)"
"Koti Medical College","Nampally Public Garoaden",17.38310,78.48282,17.39628,78.47082,2.2,8,0,"316-L","316-L: Koti Medical College → Nampally Public Garden (4 stops)"
"Koti Medical College","Lakdikapool",17.38310,78.48282,17.40361,78.46497,3.1,11,0,"6L","6L: Abids Gpo → Lakdikapool (2 stops)"
"Koti Medical College","Ecil Bus Terminal",17.38310,78.48282,17.47253,78.57006,15.9,55,1,"86J → 86J","86J: Ramkoti → Ramnagar Gundu (8 stops) | 86J: Adikmet → Ecil Bus Terminal (15 stops)"
"Koti Medical College","Secretariat",17.38310,78.48282,17.40812,78.47182,3.5,13,1,"316-L → 277S","316-L: Koti Medical College → Nampally Railway Station (3 stops) | 277S: Nampally Railway Station → Secretariat (2 stops)"
"Koti Medical College","Patancheruvu",17.38310,78.48282,17.52903,78.26428,30.2,102,0,"116N/220K","116N/220K: Koti Medical College → Patancheruvu (35 stops)"
"Koti Medical College","Darul Shifa",17.38310,78.48282,17.37327,78.48299,2,8,0,"9K","9K: Koti Medical College → Darul Shifa (4 stops)"
"Koti Medical College","Plaza",17.38310,78.48282,17.44330,78.49066,8.1,28,0,"316-L","316-L: Koti Medical College → Paradise (11 stops)"
"Koti Medical College","Bluesea Cafe",17.38310,78.48282,17.43713,78.50515,6.6,23,0,"102","102: Ramkoti → Rathifile Bus Station (10 stops)"
"Koti Medical College","Tarnaka",17.38310,78.48282,17.42571,78.53223,7.9,28,1,"86J → 3","86J: Ramkoti → Ramnagar Gundu (8 stops) | 3: Adikmet → Tarnaka (4 stops)"
"Koti Medical College","Lb Nagar X Road",17.38310,78.48282,17.34699,78.55013,8.9,30,1,"100L → 156/206","100L: Koti Medical College → Dwaraka Nagar Ashtalakshmi Temple (8 stops) | 156/206: Dwaraka Nagar Ashtalakshmi Temple → Lb Nagar X Road (4 stops)"
"Koti Medical College","Lingampally Bs",17.38310,78.48282,17.49485,78.31689,23.5,81,0,"116N/220K","116N/220K: Koti Medical College → Bhel-Lingampally (28 stops)"
"Koti Medical College","Kukatpally",17.38310,78.48282,17.48385,78.41242,13.7,47,1,"6L → 113K","6L: Abids Gpo → Lakdikapool (2 stops) | 113K: Lakdikapool → Kukatpally (7 stops)"
"Koti Medical College","Jublee Bus Station",17.38310,78.48282,17.44761,78.49758,8.2,28,1,"1/25S → AC","1/25S: Ramkoti → Secunderabad Railway Station (10 stops) | AC: Secunderabad Railway Station → Jublee Bus Station (2 stops)"
"Koti Medical College","Ibrahimpatnam Bus Station",17.38310,78.48282,17.19144,78.64766,30.4,102,2,"100L → 277Y → 401","100L: Koti Medical College → Chadarghat (2 stops) | 277Y: Chadarghat → Turkyamjal (10 stops) | 401: Turkyamjal → Ibrahimpatnam Bus Station (4 stops)"
"Koti Medical College","Prashanth Nagar",17.38310,78.48282,17.47378,78.42698,10.8,38,1,"86J → 86J","86J: Ramkoti → Ramnagar Gundu (8 stops) | 86J: Adikmet → Lalapet (6 stops)"
"Koti Medical College","Moosapet",17.38310,78.48282,17.47081,78.42668,11.6,40,1,"6L → 113K","6L: Abids Gpo → Lakdikapool (2 stops) | 113K: Lakdikapool → Moosapet (6 stops)"
"Koti Medical College","Cherlapally Bus Stand",17.38310,78.48282,17.46329,78.61145,18.2,62,2,"86J → 203A/3K → 250C/R","86J: Ramkoti → Ramnagar Gundu (8 stops) | 203A/3K: Adikmet → Mallapur (8 stops) | 250C/R: Mallapur → Cherlapally Bus Stand (4 stops)"
"Koti Medical College","Chadarghat",17.38310,78.48282,17.37722,78.49302,1.5,6,0,"100L","100L: Koti Medical College → Chadarghat (2 stops)"
"Koti Medical College","Kachiguda X Road",17.38310,78.48282,17.39069,78.48938,1.2,8,0,"",""
"Koti Medical College","Gandimaisamma",17.38310,78.48282,17.57508,78.42319,22.5,76,2,"100L → 555 → 205","100L: Koti Medical College → Dwaraka Nagar Ashtalakshmi Temple (8 stops) | 555: Dwaraka Nagar Ashtalakshmi Temple → Orr (8 stops) | 205: Orr → Gandimaisamma (2 stops)"
"Koti Medical College","Mehdipatnam",17.38310,78.48282,17.39527,78.43980,5,17,0,"116N","116N: Koti Medical College → Mehdipatnam (8 stops)"
"Koti Medical College","Bata",17.38310,78.48282,17.43600,78.49370,7,27,0,"40V","40V: Koti Bus Terminal → Bata (16 stops)"
"Koti Medical College","Jntu X Rd",17.38310,78.48282,17.49672,78.39445,21,71,1,"116N/220K → 126M","116N/220K: Koti Medical College → Khajaguda X Road (14 stops) | 126M: Khajaguda X Road → Jntu X Rd (11 stops)"
"Koti Medical College","Super Bazar",17.38310,78.48282,17.37193,78.50992,3,11,0,"100L","100L: Koti Medical College → Super Bazar (4 stops)"
"Koti Medical College","Race Course",17.38310,78.48282,17.45076,78.48820,9.1,31,1,"316-L → 8/26S","316-L: Koti Medical College → Paradise (11 stops) | 8/26S: Paradise → Race Course (3 stops)"
"Koti Medical College","Punjagutta",17.38310,78.48282,17.42645,78.45141,9.3,32,1,"216 → 19PM/272","216: Koti Medical College → Mehdipatnam (8 stops) | 19PM/272: Mehdipatnam → Punjagutta (4 stops)"
"Koti Medical College","Balanagar",17.38310,78.48282,17.46697,78.44626,14.1,48,2,"316-L → 8/26S → 431","316-L: Koti Medical College → Paradise (11 stops) | 8/26S: Paradise → Race Course (3 stops) | 431: Race Course → Balanagar (4 stops)"
"Koti Medical College","Chintal",17.38310,78.48282,17.49540,78.45210,17.1,58,3,"316-L → 8/26S → 227 → 567G","316-L: Koti Medical College → Paradise (11 stops) | 8/26S: Paradise → Race Course (3 stops) | 227: Race Course → Bowenpally X Road (3 stops) | 567G: Bowenpally X Road → Chintal (4 stops)"
"Koti Medical College","Nanal Nagar",17.38310,78.48282,17.39620,78.42700,6.4,22,0,"216","216: Koti Medical College → Nanal Nagar (9 stops)"
"Koti Medical College","Abids Gpo",17.38310,78.48282,17.38757,78.47617,0.9,4,0,"",""
"Koti Medical College","Kachiguda Railway Station",17.38310,78.48282,17.38950,78.49726,2.1,7,1,"115R → 107","115R: Koti Medical College → Chadarghat Kedia College (2 stops) | 107: Chadarghat Kedia College → Kachiguda Railway Station (3 stops)"
"Koti Medical College","Ghatkesar Bus Station",17.38310,78.48282,17.45213,78.68231,24.3,81,2,"115R → 115RR → 500","115R: Koti Medical College → Ali Cafe (6 stops) | 115RR: Ali Cafe → Uppal X Road (9 stops) | 500: Uppal X Road → Ghatkesar Bus Station (2 stops)"
"Koti Medical College","Chengicherla",17.38310,78.48282,17.43313,78.60845,18.3,61,2,"115R → 115RR → 18C/R","115R: Koti Medical College → Ali Cafe (6 stops) | 115RR: Ali Cafe → Boduppal Kamman (12 stops) | 18C/R: Boduppal Kamman → Chengicherla (9 stops)"
"Koti Medical College","Quthbullapur X Rd",17.38310,78.48282,17.49890,78.45176,23.7,80,2,"1/25S → 24SS → 272GS","1/25S: Ramkoti → Loyola Academy (24 stops) | 24SS: Loyola Academy → Quthubullapur X Road (7 stops) | 272GS: Quthubullapur X Road → Quthbullapur X Rd (3 stops)"
"Koti Medical College","Shapur Nagar",17.38310,78.48282,17.51600,78.44690,19.5,66,3,"316-L → 8/26S → 227 → 567G","316-L: Koti Medical College → Paradise (11 stops) | 8/26S: Paradise → Race Course (3 stops) | 227: Race Course → Bowenpally X Road (3 stops) | 567G: Bowenpally X Road → Shapur Nagar (5 stops)"
"Koti Medical College","Panama Godown",17.38310,78.48282,17.33840,78.56864,11,37,1,"100L → 555","100L: Koti Medical College → Dwaraka Nagar Ashtalakshmi Temple (8 stops) | 555: Dwaraka Nagar Ashtalakshmi Temple → Panama Godown (3 stops)"
"Koti Medical College","Gachibowli X Road",17.38310,78.48282,17.43903,78.36295,14.8,50,0,"116N/220K","116N/220K: Koti Medical College → Gachibowli X Road (17 stops)"
"Koti Medical College","Abids Grammar School",17.38310,78.48282,17.39333,78.47625,3,11,1,"316-L → 1M/D","316-L: Koti Medical College → Nampally Railway Station (3 stops) | 1M/D: Nampally Railway Station → Abids Grammar School (3 stops)"
"Koti Medical College","Dilsukhnagar",17.38310,78.48282,17.36862,78.52366,4.7,16,0,"100L","100L: Koti Medical College → Dilsukhnagar (6 stops)"
"Koti Medical College","Sathamrai",17.38310,78.48282,17.27452,78.40118,16,54,1,"95 → 251M/A","95: Koti Medical College → Shivarampally (14 stops) | 251M/A: Shivarampally → Sathamrai (4 stops)"
"Koti Medical College","Gajularam X Road",17.38310,78.48282,17.51010,78.44771,23.1,80,1,"1/25S → 24SS","1/25S: Ramkoti → Loyola Academy (24 stops) | 24SS: Loyola Academy → Shapur Nagar X Road (10 stops)"
"Koti Medical College","Rc Puram",17.38310,78.48282,17.51362,78.28780,27.2,92,0,"116N/220K","116N/220K: Koti Medical College → Rc Puram (32 stops)"
"Koti Medical College","Kphb",17.38310,78.48282,17.49456,78.40081,15.4,56,1,"6L → 113K","6L: Abids Gpo → Lakdikapool (2 stops) | 113K: Lakdikapool → Kphb Main Road (8 stops)"
"Koti Medical College","Pisal Banda",17.38310,78.48282,17.33995,78.50379,6,21,2,"100L → 277K → 460","100L: Koti Medical College → Chadarghat (2 stops) | 277K: Chadarghat → Is Sadan (5 stops) | 460: Is Sadan → Pisal Banda (3 stops)"
"Koti Medical College","Police Lines",17.38310,78.48282,17.44365,78.47499,9.2,34,1,"316-L → 147","316-L: Koti Medical College → Paradise (11 stops) | 147: Paradise Metro Station → Police Lines (2 stops)"
"Koti Medical College","Uppal X Road",17.38310,78.48282,17.40126,78.56007,10.1,34,1,"115R → 71","115R: Koti Medical College → Ramanthapur  Public School (12 stops) | 71: Ramanthapur  Public School → Uppal X Road (4 stops)"
"Koti Medical College","Boats Club",17.38310,78.48282,17.42644,78.48664,6,21,0,"316-L","316-L: Koti Medical College → Boats Club (9 stops)"
"Koti Medical College","Womens College",17.38310,78.48282,17.38481,78.48762,0.6,6,0,"",""
"Koti Medical College","Hydernagar",17.38310,78.48282,17.49919,78.38352,17.2,59,2,"6L → 113K → 10MN","6L: Abids Gpo → Lakdikapool (2 stops) | 113K: Lakdikapool → Kphb Main Road (8 stops) | 10MN: Kphb Main Road → Hydernagar (3 stops)"
"Koti Medical College","Charminar",17.38310,78.48282,17.35868,78.47403,1.8,9,0,"9X","9X: Purani Haveli → Charminar (4 stops)"
"Koti Medical College","Hitech City",17.38310,78.48282,17.44995,78.38257,15.8,54,1,"116N/220K → 126M","116N/220K: Koti Medical College → Khajaguda X Road (14 stops) | 126M: Khajaguda X Road → Hitech City (6 stops)"
"Koti Medical College","Ameerpet",17.38310,78.48282,17.43155,78.44765,6.7,23,2,"6L → 113K → 83J/A","6L: Abids Gpo → Lakdikapool (2 stops) | 113K: Lakdikapool → Nims Hospital (3 stops) | 83J/A: Nims Hospital → Ameerpet (3 stops)"
"Koti Medical College","Gandipet X Road",17.38310,78.48282,17.38500,78.33100,18.2,62,2,"216 → 65M/123 → 505","216: Koti Medical College → Tolichowki (10 stops) | 65M/123: Tolichowki → Narsingi (9 stops) | 505: Narsingi → Gandipet X Road (4 stops)"
"Koti Medical College","Gachibowli",17.38310,78.48282,17.43966,78.36356,14.9,51,0,"116N/220K","116N/220K: Koti Medical College → Gachibowli X Road (17 stops)"
"Koti Medical College","Miyapur",17.38310,78.48282,17.49669,78.36077,20,68,2,"6L → 113K → 10MN","6L: Abids Gpo → Lakdikapool (2 stops) | 113K: Lakdikapool → Kphb Main Road (8 stops) | 10MN: Kphb Main Road → Miyapur (4 stops)"
"Koti Medical College","Sr Nagar",17.38310,78.48282,17.44027,78.44260,8.1,28,1,"6L → 113K","6L: Abids Gpo → Lakdikapool (2 stops) | 113K: Lakdikapool → Sr Nagar (4 stops)"
"Koti Medical College","Begumpet",17.38310,78.48282,17.10805,78.55358,36.5,124,1,"528 → 478","528: Purani Haveli → Imamguda (19 stops) | 478: Imamguda → Begumpet (7 stops)"
"Koti Medical College","Tolichowki",17.38310,78.48282,17.39924,78.41552,7.6,26,0,"216","216: Koti Medical College → Tolichowki (10 stops)"
"Koti Medical College","Kondapur",17.38310,78.48282,17.46392,78.36725,18.1,61,1,"116N/220K → 282K","116N/220K: Koti Medical College → Khajaguda X Road (14 stops) | 282K: Khajaguda X Road → Kothaguda X Rd (8 stops)"
"Koti Medical College","Madhapur",17.38310,78.48282,17.63017,78.77482,47.2,159,3,"86J → 86J → 17D → 546","86J: Ramkoti → Ramnagar Gundu (8 stops) | 86J: Adikmet → Sp Nagar (14 stops) | 17D: Sp Nagar → Nagaram (3 stops) | 546: Nagaram → Madhapur (13 stops)"
"Koti Medical College","Shamshabad",17.38310,78.48282,17.26205,78.38824,17.4,59,1,"95 → AA","95: Koti Medical College → Bahadurpura (8 stops) | AA: Bahadurpura → Shamshabad (3 stops)"
"Chadarghat","Secunderabad Railway Station",17.37722,78.49302,17.43426,78.50158,7.3,28,0,"1/25S","1/25S: Chadarghat → Secunderabad Railway Station (12 stops)"
"Chadarghat","Afzalgunj",17.37722,78.49302,17.37331,78.47693,2.1,11,0,"71A/D","71A/D: Chadarghat → Afzalgunj (2 stops)"
"Chadarghat","Alugadda Bhavi",17.37722,78.49302,17.43531,78.51438,8.6,32,1,"1/25S → 186","1/25S: Chadarghat → Secunderabad Railway Station (12 stops) | 186: Secunderabad Railway Station → Alugadda Bhavi (2 stops)"
"Chadarghat","Patny",17.37722,78.49302,17.44318,78.49625,8.4,31,0,"1/25S","1/25S: Chadarghat → Patny (13 stops)"
"Chadarghat","Cbs",17.37722,78.49302,17.37823,78.48168,1.8,9,0,"218I","218I: Chadarghat → Cbs (3 stops)"
"Chadarghat","Erragadda",17.37722,78.49302,17.45617,78.43378,11,40,0,"218I","218I: Chadarghat → Erragadda (15 stops)"
"Chadarghat","Gajularamaram X Road",17.37722,78.49302,17.50941,78.44817,19.6,69,2,"1/25S → 567G → 171SM","1/25S: Chadarghat → Secunderabad Railway Station (12 stops) | 567G: Secunderabad Railway Station → Chintal (7 stops) | 171SM: Chintal → Gajularamaram X Road (3 stops)"
"Chadarghat","Jbs",17.37722,78.49302,17.44757,78.49664,9.1,34,0,"1/25S","1/25S: Chadarghat → Jbs (14 stops)"
"Chadarghat","Hayathnagar Bus Station",17.37722,78.49302,17.32732,78.60489,14.6,50,0,"72/208C","72/208C: Jail Garden → Hayathnagar Bus Station (19 stops)"
"Chadarghat","Rathifile Bus Station",17.37722,78.49302,17.43457,78.50488,7,27,0,"95M/1Z","95M/1Z: Chadarghat → Rathifile Bus Station (12 stops)"
"Chadarghat","Nampally Public Garoaden",17.37722,78.49302,17.39628,78.47082,3.2,14,0,"218I","218I: Chadarghat → Nampally Public Garoaden (4 stops)"
"Chadarghat","Lakdikapool",17.37722,78.49302,17.40361,78.46497,4.2,18,0,"218I","218I: Chadarghat → Lakdikapool (5 stops)"
"Chadarghat","Ecil Bus Terminal",17.37722,78.49302,17.47253,78.57006,16.6,60,1,"86J → 86J","86J: Chadarghat → Ramnagar Gundu (10 stops) | 86J: Adikmet → Ecil Bus Terminal (15 stops)"
"Chadarghat","Secretariat",17.37722,78.49302,17.40812,78.47182,4.8,20,1,"218I → 100V","218I: Chadarghat → Nampally Public Garoaden (4 stops) | 100V: Nampally Public Garoaden → Secretariat (3 stops)"
"Chadarghat","Patancheruvu",17.37722,78.49302,17.52903,78.26428,32.5,112,0,"218I","218I: Chadarghat → Patancheruvu (37 stops)"
"Chadarghat","Darul Shifa",17.37722,78.49302,17.37327,78.48299,1.2,5,0,"277D","277D: Chadarghat → Darul Shifa (4 stops)"
"Chadarghat","Plaza",17.37722,78.49302,17.44330,78.49066,8.8,33,1,"1/25S → 10JB","1/25S: Chadarghat → Secunderabad Railway Station (12 stops) | 10JB: Secunderabad Railway Station → Plaza (2 stops)"
"Chadarghat","Bluesea Cafe",17.37722,78.49302,17.43713,78.50515,7.3,28,0,"95M/1Z","95M/1Z: Chadarghat → Rathifile Bus Station (12 stops)"
"Chadarghat","Tarnaka",17.37722,78.49302,17.42571,78.53223,8.5,33,1,"86J → 3","86J: Chadarghat → Ramnagar Gundu (10 stops) | 3: Adikmet → Tarnaka (4 stops)"
"Chadarghat","Lb Nagar X Road",17.37722,78.49302,17.34699,78.55013,7.8,27,0,"72/208C","72/208C: Jail Garden → Lb Nagar X Road (10 stops)"
"Chadarghat","Lingampally Bs",17.37722,78.49302,17.49485,78.31689,25.7,89,0,"218I","218I: Chadarghat → Lingampally Bs (31 stops)"
"Chadarghat","Kukatpally",17.37722,78.49302,17.48385,78.41242,14.9,53,0,"218I","218I: Chadarghat → Kukatpally (18 stops)"
"Chadarghat","Jublee Bus Station",17.37722,78.49302,17.44761,78.49758,8.8,33,1,"1/25S → AC","1/25S: Chadarghat → Secunderabad Railway Station (12 stops) | AC: Secunderabad Railway Station → Jublee Bus Station (2 stops)"
"Chadarghat","Ibrahimpatnam Bus Station",17.37722,78.49302,17.19144,78.64766,29.2,101,1,"277Y → 401","277Y: Chadarghat → Turkyamjal (10 stops) | 401: Turkyamjal → Ibrahimpatnam Bus Station (4 stops)"
"Chadarghat","Prashanth Nagar",17.37722,78.49302,17.47378,78.42698,11.4,43,1,"86J → 86J","86J: Chadarghat → Ramnagar Gundu (10 stops) | 86J: Adikmet → Lalapet (6 stops)"
"Chadarghat","Moosapet",17.37722,78.49302,17.47081,78.42668,12.8,46,0,"218I","218I: Chadarghat → Moosapet (17 stops)"
"Chadarghat","Cherlapally Bus Stand",17.37722,78.49302,17.46329,78.61145,18.8,67,2,"86J → 203A/3K → 250C/R","86J: Chadarghat → Ramnagar Gundu (10 stops) | 203A/3K: Adikmet → Mallapur (8 stops) | 250C/R: Mallapur → Cherlapally Bus Stand (4 stops)"
"Chadarghat","Koti Medical College",17.37722,78.49302,17.38310,78.48282,1.2,8,0,"",""
"Chadarghat","Kachiguda X Road",17.37722,78.49302,17.39069,78.48938,1.8,7,0,"",""
"Chadarghat","Gandimaisamma",17.37722,78.49302,17.57508,78.42319,22.1,75,1,"72/208C → 524","72/208C: Jail Garden → Hayathnagar Bus Station (19 stops) | 524: Hayathnagar Bus Station → Gandimaisamma (5 stops)"
"Chadarghat","Mehdipatnam",17.37722,78.49302,17.39527,78.43980,6.2,24,0,"116N","116N: Koti Medical College → Mehdipatnam (8 stops)"
"Chadarghat","Bata",17.37722,78.49302,17.43600,78.49370,7.5,29,0,"40V","40V: Koti Maternity Hospital → Bata (15 stops)"
"Chadarghat","Jntu X Rd",17.37722,78.49302,17.49672,78.39445,17.4,62,0,"218I","218I: Chadarghat → Jntu X Road (21 stops)"
"Chadarghat","Super Bazar",17.37722,78.49302,17.37193,78.50992,1.8,10,0,"443","443: Chadarghat → Super Bazar (2 stops)"
"Chadarghat","Race Course",17.37722,78.49302,17.45076,78.48820,9.6,36,1,"1/25S → 186","1/25S: Chadarghat → Secunderabad Railway Station (12 stops) | 186: Secunderabad Railway Station → Race Course (3 stops)"
"Chadarghat","Punjagutta",17.37722,78.49302,17.42645,78.45141,7.2,28,0,"218I","218I: Chadarghat → Punjagutta (10 stops)"
"Chadarghat","Balanagar",17.37722,78.49302,17.46697,78.44626,14.8,53,1,"1/25S → 186","1/25S: Chadarghat → Secunderabad Railway Station (12 stops) | 186: Secunderabad Railway Station → Balanagar (6 stops)"
"Chadarghat","Chintal",17.37722,78.49302,17.49540,78.45210,18,63,1,"1/25S → 567G","1/25S: Chadarghat → Secunderabad Railway Station (12 stops) | 567G: Secunderabad Railway Station → Chintal (7 stops)"
"Chadarghat","Nanal Nagar",17.37722,78.49302,17.39620,78.42700,7.6,29,0,"216","216: Koti Medical College → Nanal Nagar (9 stops)"
"Chadarghat","Abids Gpo",17.37722,78.49302,17.38757,78.47617,2.1,11,0,"218I","218I: Chadarghat → Abids Gpo (3 stops)"
"Chadarghat","Kachiguda Railway Station",17.37722,78.49302,17.38950,78.49726,0.9,4,0,"",""
"Chadarghat","Ghatkesar Bus Station",17.37722,78.49302,17.45213,78.68231,23.1,79,1,"115RR → 500","115RR: Chadarghat Kedia College → Uppal X Road (12 stops) | 500: Uppal X Road → Ghatkesar Bus Station (2 stops)"
"Chadarghat","Chengicherla",17.37722,78.49302,17.43313,78.60845,17.1,59,1,"115RR → 18C/R","115RR: Chadarghat Kedia College → Boduppal Kamman (15 stops) | 18C/R: Boduppal Kamman → Chengicherla (9 stops)"
"Chadarghat","Quthbullapur X Rd",17.37722,78.49302,17.49890,78.45176,18.4,65,1,"1/25S → 567G","1/25S: Chadarghat → Secunderabad Railway Station (12 stops) | 567G: Secunderabad Railway Station → Chintal (7 stops)"
"Chadarghat","Shapur Nagar",17.37722,78.49302,17.51600,78.44690,20.3,71,1,"1/25S → 567G","1/25S: Chadarghat → Secunderabad Railway Station (12 stops) | 567G: Secunderabad Railway Station → Shapur Nagar (8 stops)"
"Chadarghat","Panama Godown",17.37722,78.49302,17.33840,78.56864,9.6,36,1,"443 → 524","443: Chadarghat → Dwaraka Nagar Ashtalakshmi Temple (4 stops) | 524: Dwaraka Nagar Ashtalakshmi Temple → Panama Godown (5 stops)"
"Chadarghat","Gachibowli X Road",17.37722,78.49302,17.43903,78.36295,16,57,0,"116N/220K","116N/220K: Koti Medical College → Gachibowli X Road (17 stops)"
"Chadarghat","Abids Grammar School",17.37722,78.49302,17.39333,78.47625,3.5,15,0,"218I","218I: Chadarghat → Abids Gpo (3 stops)"
"Chadarghat","Dilsukhnagar",17.37722,78.49302,17.36862,78.52366,3.4,15,0,"443","443: Chadarghat → Dilsukhnagar (3 stops)"
"Chadarghat","Sathamrai",17.37722,78.49302,17.27452,78.40118,15.7,53,2,"277D → AA → 188","277D: Chadarghat → Afzalgunj (5 stops) | AA: Afzalgunj → Aramghar (3 stops) | 188: Aramghar → Sathamrai (4 stops)"
"Chadarghat","Gajularam X Road",17.37722,78.49302,17.51010,78.44771,19.7,69,2,"1/25S → 567G → 9M/X","1/25S: Chadarghat → Secunderabad Railway Station (12 stops) | 567G: Secunderabad Railway Station → Chintal (7 stops) | 9M/X: Chintal → Gajularam X Road (3 stops)"
"Chadarghat","Rc Puram",17.37722,78.49302,17.51362,78.28780,29.5,102,0,"218I","218I: Chadarghat → Rc Puram (34 stops)"
"Chadarghat","Kphb",17.37722,78.49302,17.49456,78.40081,16.7,60,0,"218I","218I: Chadarghat → Kphb Metro Station (20 stops)"
"Chadarghat","Pisal Banda",17.37722,78.49302,17.33995,78.50379,4.8,20,1,"277K → 460","277K: Chadarghat → Is Sadan (5 stops) | 460: Is Sadan → Pisal Banda (3 stops)"
"Chadarghat","Police Lines",17.37722,78.49302,17.44365,78.47499,10.4,38,1,"1/25S → 47YN","1/25S: Chadarghat → Secunderabad Railway Station (12 stops) | 47YN: Secunderabad Railway Station → Police Lines (3 stops)"
"Chadarghat","Uppal X Road",17.37722,78.49302,17.40126,78.56007,9,32,0,"115","115: Chadarghat Kedia College → Uppal X Road (13 stops)"
"Chadarghat","Boats Club",17.37722,78.49302,17.42644,78.48664,7.3,28,1,"218I → 253M/8","218I: Chadarghat → Nampally Public Garoaden (4 stops) | 253M/8: Nampally Public Garoaden → Boats Club (5 stops)"
"Chadarghat","Womens College",17.37722,78.49302,17.38481,78.48762,0.9,6,0,"",""
"Chadarghat","Hydernagar",17.37722,78.49302,17.49919,78.38352,18.5,65,0,"218I","218I: Chadarghat → Hydernagar (23 stops)"
"Chadarghat","Charminar",17.37722,78.49302,17.35868,78.47403,3.1,11,1,"277D → 253M","277D: Chadarghat → Darul Shifa (4 stops) | 253M: Darul Shifa → Charminar (2 stops)"
"Chadarghat","Hitech City",17.37722,78.49302,17.44995,78.38257,16.1,57,1,"218I → 222A","218I: Chadarghat → Lakdikapool (5 stops) | 222A: Lakdikapool → Hitech City (16 stops)"
"Chadarghat","Ameerpet",17.37722,78.49302,17.43155,78.44765,7.9,30,0,"218I","218I: Chadarghat → Ameerpet (11 stops)"
"Chadarghat","Gandipet X Road",17.37722,78.49302,17.38500,78.33100,18.3,62,2,"277D → 1JK → 94/220K","277D: Chadarghat → Afzalgunj (5 stops) | 1JK: Afzalgunj → Langar House (9 stops) | 94/220K: Langar House → Gandipet X Road (13 stops)"
"Chadarghat","Gachibowli",17.37722,78.49302,17.43966,78.36356,16.1,58,0,"116N/220K","116N/220K: Koti Medical College → Gachibowli X Road (17 stops)"
"Chadarghat","Miyapur",17.37722,78.49302,17.49669,78.36077,21.3,75,0,"218I","218I: Chadarghat → Miyapur (26 stops)"
"Chadarghat","Sr Nagar",17.37722,78.49302,17.44027,78.44260,9.4,35,0,"218I","218I: Chadarghat → Sr Nagar (13 stops)"
"Chadarghat","Begumpet",17.37722,78.49302,17.10805,78.55358,34.1,118,3,"277K → 460 → 300/242 → 203A/479","277K: Chadarghat → Is Sadan (5 stops) | 460: Is Sadan → Pisal Banda (3 stops) | 300/242: Pisal Banda → Badangpet (7 stops) | 203A/479: Badangpet → Begumpet (14 stops)"
"Chadarghat","Tolichowki",17.37722,78.49302,17.39924,78.41552,8.8,33,0,"216","216: Koti Medical College → Tolichowki (10 stops)"
"Chadarghat","Kondapur",17.37722,78.49302,17.46392,78.36725,18.6,66,1,"218I → 222A","218I: Chadarghat → Lakdikapool (5 stops) | 222A: Lakdikapool → Kondapur (21 stops)"
"Chadarghat","Madhapur",17.37722,78.49302,17.63017,78.77482,35.1,120,3,"277Y → 401 → 277P → 486","277Y: Chadarghat → Turkyamjal (10 stops) | 401: Turkyamjal → Bongloor X Road (2 stops) | 277P: Bongloor X Road → Yeliminedu (9 stops) | 486: Yeliminedu → Madhapur (2 stops)"
"Chadarghat","Shamshabad",17.37722,78.49302,17.26205,78.38824,17.5,59,1,"277D → AA","277D: Chadarghat → Afzalgunj (5 stops) | AA: Afzalgunj → Shamshabad (4 stops)"
"Kachiguda X Road","Secunderabad Railway Station",17.39069,78.48938,17.43426,78.50158,5.6,19,0,"1/25S","1/25S: Narayanguda Metro Station(Ymca) → Secunderabad Railway Station (9 stops)"
"Kachiguda X Road","Afzalgunj",17.39069,78.48938,17.37331,78.47693,2.5,9,0,"116N/220K","116N/220K: Kachiguda X Road → Afzalgunj (4 stops)"
"Kachiguda X Road","Alugadda Bhavi",17.39069,78.48938,17.43531,78.51438,6.9,24,1,"1/25S → 186","1/25S: Narayanguda Metro Station(Ymca) → Secunderabad Railway Station (9 stops) | 186: Secunderabad Railway Station → Alugadda Bhavi (2 stops)"
"Kachiguda X Road","Patny",17.39069,78.48938,17.44318,78.49625,6.7,23,0,"1/25S","1/25S: Narayanguda Metro Station(Ymca) → Patny (10 stops)"
"Kachiguda X Road","Cbs",17.39069,78.48938,17.37823,78.48168,1.6,6,0,"116N/220K","116N/220K: Kachiguda X Road → Cbs (3 stops)"
"Kachiguda X Road","Erragadda",17.39069,78.48938,17.45617,78.43378,10.5,36,1,"83J/A → 113F","83J/A: Kachiguda X Road → Secretariat (9 stops) | 113F: Secretariat → Erragadda (12 stops)"
"Kachiguda X Road","Gajularamaram X Road",17.39069,78.48938,17.50941,78.44817,17.9,60,2,"1/25S → 567G → 171SM","1/25S: Narayanguda Metro Station(Ymca) → Secunderabad Railway Station (9 stops) | 567G: Secunderabad Railway Station → Chintal (7 stops) | 171SM: Chintal → Gajularamaram X Road (3 stops)"
"Kachiguda X Road","Jbs",17.39069,78.48938,17.44757,78.49664,7.4,25,0,"1/25S","1/25S: Narayanguda Metro Station(Ymca) → Jbs (11 stops)"
"Kachiguda X Road","Hayathnagar Bus Station",17.39069,78.48938,17.32732,78.60489,15.2,51,2,"3K/102 → 443 → 524","3K/102: Kachiguda X Road → Chadarghat (3 stops) | 443: Chadarghat → Dwaraka Nagar Ashtalakshmi Temple (4 stops) | 524: Dwaraka Nagar Ashtalakshmi Temple → Hayathnagar Bus Station (9 stops)"
"Kachiguda X Road","Rathifile Bus Station",17.39069,78.48938,17.43457,78.50488,5.3,18,0,"102","102: Narayanguda Metro Station(Ymca) → Rathifile Bus Station (9 stops)"
"Kachiguda X Road","Nampally Public Garoaden",17.39069,78.48938,17.39628,78.47082,3.1,11,0,"127K","127K: Kachiguda X Road → Nampally Public Garoaden (5 stops)"
"Kachiguda X Road","Lakdikapool",17.39069,78.48938,17.40361,78.46497,4.1,14,0,"127K","127K: Kachiguda X Road → Lakdikapool (6 stops)"
"Kachiguda X Road","Ecil Bus Terminal",17.39069,78.48938,17.47253,78.57006,15.4,57,1,"86J → 86J","86J: Ramkoti → Ramnagar Gundu (8 stops) | 86J: Adikmet → Ecil Bus Terminal (15 stops)"
"Kachiguda X Road","Secretariat",17.39069,78.48938,17.40812,78.47182,3.4,12,0,"83J/A","83J/A: Kachiguda X Road → Secretariat (9 stops)"
"Kachiguda X Road","Patancheruvu",17.39069,78.48938,17.52903,78.26428,31.3,105,0,"116N/220K","116N/220K: Kachiguda X Road → Patancheruvu (36 stops)"
"Kachiguda X Road","Darul Shifa",17.39069,78.48938,17.37327,78.48299,3,12,0,"252","252: Kachiguda X Road → Afzalganj Central Library (3 stops)"
"Kachiguda X Road","Plaza",17.39069,78.48938,17.44330,78.49066,7.1,24,1,"1/25S → 10JB","1/25S: Narayanguda Metro Station(Ymca) → Secunderabad Railway Station (9 stops) | 10JB: Secunderabad Railway Station → Plaza (2 stops)"
"Kachiguda X Road","Bluesea Cafe",17.39069,78.48938,17.43713,78.50515,5.6,19,0,"102","102: Narayanguda Metro Station(Ymca) → Rathifile Bus Station (9 stops)"
"Kachiguda X Road","Tarnaka",17.39069,78.48938,17.42571,78.53223,7.3,30,1,"86J → 3","86J: Ramkoti → Ramnagar Gundu (8 stops) | 3: Adikmet → Tarnaka (4 stops)"
"Kachiguda X Road","Lb Nagar X Road",17.39069,78.48938,17.34699,78.55013,9.3,33,1,"3K/102 → 443","3K/102: Kachiguda X Road → Chadarghat (3 stops) | 443: Chadarghat → Lb Nagar (5 stops)"
"Kachiguda X Road","Lingampally Bs",17.39069,78.48938,17.49485,78.31689,24.6,84,0,"116N/220K","116N/220K: Kachiguda X Road → Bhel-Lingampally (29 stops)"
"Kachiguda X Road","Kukatpally",17.39069,78.48938,17.48385,78.41242,14.4,49,2,"83J/A → 113F → 10MN","83J/A: Kachiguda X Road → Secretariat (9 stops) | 113F: Secretariat → Erragadda (12 stops) | 10MN: Erragadda → Kukatpally (3 stops)"
"Kachiguda X Road","Jublee Bus Station",17.39069,78.48938,17.44761,78.49758,7.1,24,1,"1/25S → AC","1/25S: Narayanguda Metro Station(Ymca) → Secunderabad Railway Station (9 stops) | AC: Secunderabad Railway Station → Jublee Bus Station (2 stops)"
"Kachiguda X Road","Ibrahimpatnam Bus Station",17.39069,78.48938,17.19144,78.64766,30.8,103,2,"3K/102 → 277K → 401","3K/102: Kachiguda X Road → Is Sadan (7 stops) | 277K: Is Sadan → Bongloor X Road (11 stops) | 401: Bongloor X Road → Ibrahimpatnam Bus Station (3 stops)"
"Kachiguda X Road","Prashanth Nagar",17.39069,78.48938,17.47378,78.42698,10.2,39,1,"86J → 86J","86J: Ramkoti → Ramnagar Gundu (8 stops) | 86J: Adikmet → Lalapet (6 stops)"
"Kachiguda X Road","Moosapet",17.39069,78.48938,17.47081,78.42668,12.3,42,2,"83J/A → 113F → 9EM","83J/A: Kachiguda X Road → Secretariat (9 stops) | 113F: Secretariat → Erragadda (12 stops) | 9EM: Erragadda → Moosapet (2 stops)"
"Kachiguda X Road","Cherlapally Bus Stand",17.39069,78.48938,17.46329,78.61145,17.6,64,2,"86J → 203A/3K → 250C/R","86J: Ramkoti → Ramnagar Gundu (8 stops) | 203A/3K: Adikmet → Mallapur (8 stops) | 250C/R: Mallapur → Cherlapally Bus Stand (4 stops)"
"Kachiguda X Road","Koti Medical College",17.39069,78.48938,17.38310,78.48282,1.1,4,0,"216","216: Kachiguda X Road → Koti Medical College (2 stops)"
"Kachiguda X Road","Chadarghat",17.39069,78.48938,17.37722,78.49302,1.8,7,0,"3K/102","3K/102: Kachiguda X Road → Chadarghat (3 stops)"
"Kachiguda X Road","Gandimaisamma",17.39069,78.48938,17.57508,78.42319,22.7,76,2,"3K/102 → 443 → 524","3K/102: Kachiguda X Road → Chadarghat (3 stops) | 443: Chadarghat → Dwaraka Nagar Ashtalakshmi Temple (4 stops) | 524: Dwaraka Nagar Ashtalakshmi Temple → Gandimaisamma (13 stops)"
"Kachiguda X Road","Mehdipatnam",17.39069,78.48938,17.39527,78.43980,6.1,21,0,"116N","116N: Kachiguda X Road → Mehdipatnam (9 stops)"
"Kachiguda X Road","Bata",17.39069,78.48938,17.43600,78.49370,6.3,22,1,"83J/A → 40","83J/A: Kachiguda X Road → Old M L A Quarters (4 stops) | 40: Old M L A Quarters → Bata (13 stops)"
"Kachiguda X Road","Jntu X Rd",17.39069,78.48938,17.49672,78.39445,16.8,58,2,"83J/A → 113F → 113K","83J/A: Kachiguda X Road → Secretariat (9 stops) | 113F: Secretariat → Erragadda (12 stops) | 113K: Erragadda → Kphb Main Road (4 stops)"
"Kachiguda X Road","Super Bazar",17.39069,78.48938,17.37193,78.50992,3.3,12,1,"3K/102 → 443","3K/102: Kachiguda X Road → Chadarghat (3 stops) | 443: Chadarghat → Super Bazar (2 stops)"
"Kachiguda X Road","Race Course",17.39069,78.48938,17.45076,78.48820,7.9,27,1,"1/25S → 186","1/25S: Narayanguda Metro Station(Ymca) → Secunderabad Railway Station (9 stops) | 186: Secunderabad Railway Station → Race Course (3 stops)"
"Kachiguda X Road","Punjagutta",17.39069,78.48938,17.42645,78.45141,6.7,23,1,"83J/A → 113F","83J/A: Kachiguda X Road → Secretariat (9 stops) | 113F: Secretariat → Punjagutta (6 stops)"
"Kachiguda X Road","Balanagar",17.39069,78.48938,17.46697,78.44626,13,44,1,"1/25S → 186","1/25S: Narayanguda Metro Station(Ymca) → Secunderabad Railway Station (9 stops) | 186: Secunderabad Railway Station → Balanagar (6 stops)"
"Kachiguda X Road","Chintal",17.39069,78.48938,17.49540,78.45210,16.3,55,1,"1/25S → 567G","1/25S: Narayanguda Metro Station(Ymca) → Secunderabad Railway Station (9 stops) | 567G: Secunderabad Railway Station → Chintal (7 stops)"
"Kachiguda X Road","Nanal Nagar",17.39069,78.48938,17.39620,78.42700,7.5,25,0,"216","216: Kachiguda X Road → Nanal Nagar (10 stops)"
"Kachiguda X Road","Abids Gpo",17.39069,78.48938,17.38757,78.47617,1.8,6,0,"127K","127K: Kachiguda X Road → Abids Gpo (3 stops)"
"Kachiguda X Road","Kachiguda Railway Station",17.39069,78.48938,17.38950,78.49726,1.1,8,0,"",""
"Kachiguda X Road","Ghatkesar Bus Station",17.39069,78.48938,17.45213,78.68231,23.4,81,1,"115RR → 500","115RR: Kachiguda Kamela → Uppal X Road (11 stops) | 500: Uppal X Road → Ghatkesar Bus Station (2 stops)"
"Kachiguda X Road","Chengicherla",17.39069,78.48938,17.43313,78.60845,19,70,2,"86J → 203A/3K → 250S","86J: Ramkoti → Ramnagar Gundu (8 stops) | 203A/3K: Adikmet → Mallapur (8 stops) | 250S: Mallapur Bus Stop → Chengicherla (5 stops)"
"Kachiguda X Road","Quthbullapur X Rd",17.39069,78.48938,17.49890,78.45176,16.6,56,1,"1/25S → 567G","1/25S: Narayanguda Metro Station(Ymca) → Secunderabad Railway Station (9 stops) | 567G: Secunderabad Railway Station → Chintal (7 stops)"
"Kachiguda X Road","Shapur Nagar",17.39069,78.48938,17.51600,78.44690,18.6,63,1,"1/25S → 567G","1/25S: Narayanguda Metro Station(Ymca) → Secunderabad Railway Station (9 stops) | 567G: Secunderabad Railway Station → Shapur Nagar (8 stops)"
"Kachiguda X Road","Panama Godown",17.39069,78.48938,17.33840,78.56864,11.2,38,2,"3K/102 → 443 → 524","3K/102: Kachiguda X Road → Chadarghat (3 stops) | 443: Chadarghat → Dwaraka Nagar Ashtalakshmi Temple (4 stops) | 524: Dwaraka Nagar Ashtalakshmi Temple → Panama Godown (5 stops)"
"Kachiguda X Road","Gachibowli X Road",17.39069,78.48938,17.43903,78.36295,15.9,54,0,"116N/220K","116N/220K: Kachiguda X Road → Gachibowli X Road (18 stops)"
"Kachiguda X Road","Abids Grammar School",17.39069,78.48938,17.39333,78.47625,3.3,12,0,"127K","127K: Kachiguda X Road → Nampally Railway Station (4 stops)"
"Kachiguda X Road","Dilsukhnagar",17.39069,78.48938,17.36862,78.52366,4.9,17,1,"3K/102 → 443","3K/102: Kachiguda X Road → Chadarghat (3 stops) | 443: Chadarghat → Dilsukhnagar (3 stops)"
"Kachiguda X Road","Sathamrai",17.39069,78.48938,17.27452,78.40118,16.7,56,1,"252 → 8R/251M","252: Kachiguda X Road → Afzalganj Central Library (3 stops) | 8R/251M: Afzalganj Central Library → Sathamrai (11 stops)"
"Kachiguda X Road","Gajularam X Road",17.39069,78.48938,17.51010,78.44771,18,60,2,"1/25S → 567G → 9M/X","1/25S: Narayanguda Metro Station(Ymca) → Secunderabad Railway Station (9 stops) | 567G: Secunderabad Railway Station → Chintal (7 stops) | 9M/X: Chintal → Gajularam X Road (3 stops)"
"Kachiguda X Road","Rc Puram",17.39069,78.48938,17.51362,78.28780,28.3,95,0,"116N/220K","116N/220K: Kachiguda X Road → Rc Puram (33 stops)"
"Kachiguda X Road","Kphb",17.39069,78.48938,17.49456,78.40081,16.1,56,2,"83J/A → 113F → 9EM","83J/A: Kachiguda X Road → Secretariat (9 stops) | 113F: Secretariat → Erragadda (12 stops) | 9EM: Erragadda → Kphb Metro Station (4 stops)"
"Kachiguda X Road","Pisal Banda",17.39069,78.48938,17.33995,78.50379,6.3,22,1,"3K/102 → 460","3K/102: Kachiguda X Road → Is Sadan (7 stops) | 460: Is Sadan → Pisal Banda (3 stops)"
"Kachiguda X Road","Police Lines",17.39069,78.48938,17.44365,78.47499,8.7,30,1,"1/25S → 47YN","1/25S: Narayanguda Metro Station(Ymca) → Secunderabad Railway Station (9 stops) | 47YN: Secunderabad Railway Station → Police Lines (3 stops)"
"Kachiguda X Road","Uppal X Road",17.39069,78.48938,17.40126,78.56007,9.5,34,0,"115RR","115RR: Kachiguda Kamela → Uppal X Road (11 stops)"
"Kachiguda X Road","Boats Club",17.39069,78.48938,17.42644,78.48664,5.2,18,1,"83J/A → 7Z","83J/A: Kachiguda X Road → Liberty (8 stops) | 7Z: Liberty → Boats Club (3 stops)"
"Kachiguda X Road","Womens College",17.39069,78.48938,17.38481,78.48762,0.7,4,0,"",""
"Kachiguda X Road","Hydernagar",17.39069,78.48938,17.49919,78.38352,18,61,2,"83J/A → 113F → 9EM","83J/A: Kachiguda X Road → Secretariat (9 stops) | 113F: Secretariat → Erragadda (12 stops) | 9EM: Erragadda → Hydernagar (5 stops)"
"Kachiguda X Road","Charminar",17.39069,78.48938,17.35868,78.47403,4.9,18,1,"252 → 253M","252: Kachiguda X Road → Afzalganj Central Library (3 stops) | 253M: Darul Shifa → Charminar (2 stops)"
"Kachiguda X Road","Hitech City",17.39069,78.48938,17.44995,78.38257,15.5,52,0,"127K","127K: Kachiguda X Road → Hitech City (22 stops)"
"Kachiguda X Road","Ameerpet",17.39069,78.48938,17.43155,78.44765,7.4,26,1,"83J/A → 113F","83J/A: Kachiguda X Road → Secretariat (9 stops) | 113F: Secretariat → Ameerpet (8 stops)"
"Kachiguda X Road","Gandipet X Road",17.39069,78.48938,17.38500,78.33100,19.3,65,2,"216 → 65M/123 → 505","216: Kachiguda X Road → Tolichowki (11 stops) | 65M/123: Tolichowki → Narsingi (9 stops) | 505: Narsingi → Gandipet X Road (4 stops)"
"Kachiguda X Road","Gachibowli",17.39069,78.48938,17.43966,78.36356,16,55,0,"116N/220K","116N/220K: Kachiguda X Road → Gachibowli X Road (18 stops)"
"Kachiguda X Road","Miyapur",17.39069,78.48938,17.49669,78.36077,23,77,1,"127K → 222M","127K: Kachiguda X Road → Kothaguda X Rd (26 stops) | 222M: Kothaguda X Rd → Miyapur (6 stops)"
"Kachiguda X Road","Sr Nagar",17.39069,78.48938,17.44027,78.44260,8.8,31,1,"83J/A → 113F","83J/A: Kachiguda X Road → Secretariat (9 stops) | 113F: Secretariat → Sr Nagar (10 stops)"
"Kachiguda X Road","Begumpet",17.39069,78.48938,17.10805,78.55358,35.6,119,3,"3K/102 → 460 → 300/242 → 203A/479","3K/102: Kachiguda X Road → Is Sadan (7 stops) | 460: Is Sadan → Pisal Banda (3 stops) | 300/242: Pisal Banda → Badangpet (7 stops) | 203A/479: Badangpet → Begumpet (14 stops)"
"Kachiguda X Road","Tolichowki",17.39069,78.48938,17.39924,78.41552,8.7,30,0,"216","216: Kachiguda X Road → Tolichowki (11 stops)"
"Kachiguda X Road","Kondapur",17.39069,78.48938,17.46392,78.36725,18,61,0,"127K","127K: Kachiguda X Road → Kothaguda X Rd (26 stops)"
"Kachiguda X Road","Madhapur",17.39069,78.48938,17.63017,78.77482,36.7,123,3,"3K/102 → 277K → 277P → 486","3K/102: Kachiguda X Road → Is Sadan (7 stops) | 277K: Is Sadan → Mangalpalle (14 stops) | 277P: Mangalpalle → Yeliminedu (6 stops) | 486: Yeliminedu → Madhapur (2 stops)"
"Kachiguda X Road","Shamshabad",17.39069,78.48938,17.26205,78.38824,18.7,63,1,"252 → 8R/251M","252: Kachiguda X Road → Afzalganj Central Library (3 stops) | 8R/251M: Afzalganj Central Library → Shamshabad (12 stops)"
"Gandimaisamma","Secunderabad Railway Station",17.57508,78.42319,17.43426,78.50158,20.3,68,0,"567G","567G: Gandimaisamma → Secunderabad Railway Station (11 stops)"
"Gandimaisamma","Afzalgunj",17.57508,78.42319,17.37331,78.47693,23.4,79,2,"462 → 100V/208 → 277S","462: Gandimaisammma → Dilsukhnagar (23 stops) | 100V/208: Dilsukhnagar → Mgbs Exit (5 stops) | 277S: Mgbs Exit → Afzalgunj (2 stops)"
"Gandimaisamma","Alugadda Bhavi",17.57508,78.42319,17.43531,78.51438,21.6,73,1,"567G → 186","567G: Gandimaisamma → Secunderabad Railway Station (11 stops) | 186: Secunderabad Railway Station → Alugadda Bhavi (2 stops)"
"Gandimaisamma","Patny",17.57508,78.42319,17.44318,78.49625,18.9,64,1,"567G → 219W","567G: Gandimaisamma → Tadbund (9 stops) | 219W: Tadbund → Patny (3 stops)"
"Gandimaisamma","Cbs",17.57508,78.42319,17.37823,78.48168,23.7,80,1,"462 → 72D","462: Gandimaisammma → Dilsukhnagar (23 stops) | 72D: Dilsukhnagar → Koti Medical College (7 stops)"
"Gandimaisamma","Erragadda",17.57508,78.42319,17.45617,78.43378,17.4,59,1,"219/27G → 9X","219/27G: Gandimaisamma → Prashanth Nagar (16 stops) | 9X: Prashanth Nagar → Erragadda (4 stops)"
"Gandimaisamma","Gajularamaram X Road",17.57508,78.42319,17.50941,78.44817,7.9,28,0,"219/27G","219/27G: Gandimaisamma → Gajularam X Road (9 stops)"
"Gandimaisamma","Jbs",17.57508,78.42319,17.44757,78.49664,18.8,64,0,"567G","567G: Gandimaisamma → Jublee Bus Station (10 stops)"
"Gandimaisamma","Hayathnagar Bus Station",17.57508,78.42319,17.32732,78.60489,7.6,26,1,"462 → 277H","462: Gandimaisammma → Word And Deed (5 stops) | 277H: Word And Deed → Hayathnagar Bus Station (2 stops)"
"Gandimaisamma","Rathifile Bus Station",17.57508,78.42319,17.43457,78.50488,20.5,69,1,"567G → 107JS","567G: Gandimaisamma → Jublee Bus Station (10 stops) | 107JS: Jublee Bus Station → Rathifile Bus Station (3 stops)"
"Gandimaisamma","Nampally Public Garoaden",17.57508,78.42319,17.39628,78.47082,25.3,85,1,"462 → 72D","462: Gandimaisammma → Dilsukhnagar (23 stops) | 72D: Dilsukhnagar → Nampally Public Garoaden (10 stops)"
"Gandimaisamma","Lakdikapool",17.57508,78.42319,17.40361,78.46497,23.4,79,1,"219/27G → 9X/230","219/27G: Gandimaisamma → Prashanth Nagar (16 stops) | 9X/230: Prashanth Nagar → Lakdikapool (13 stops)"
"Gandimaisamma","Ecil Bus Terminal",17.57508,78.42319,17.47253,78.57006,21.1,71,1,"219/27G → 290/186","219/27G: Gandimaisamma → Rythubazar-Jdm (7 stops) | 290/186: Rythubazar-Jdm → Kamala Nagar (2 stops)"
"Gandimaisamma","Secretariat",17.57508,78.42319,17.40812,78.47182,25.7,86,1,"567G → AA","567G: Gandimaisamma → Secunderabad Railway Station (11 stops) | AA: Secunderabad Railway Station → Secretariat (4 stops)"
"Gandimaisamma","Patancheruvu",17.57508,78.42319,17.52903,78.26428,25.3,85,0,"224/219","224/219: Gandimaisamma → Patancheruvu (27 stops)"
"Gandimaisamma","Darul Shifa",17.57508,78.42319,17.37327,78.48299,22.8,77,1,"462 → 100V/208","462: Gandimaisammma → Dilsukhnagar (23 stops) | 100V/208: Dilsukhnagar → Darul Shifa (6 stops)"
"Gandimaisamma","Plaza",17.57508,78.42319,17.44330,78.49066,18.6,63,1,"567G → 171","567G: Gandimaisamma → Tadbund (9 stops) | 171: Tadbund → Plaza (3 stops)"
"Gandimaisamma","Bluesea Cafe",17.57508,78.42319,17.43713,78.50515,20.1,68,1,"567G → 412","567G: Gandimaisamma → Jublee Bus Station (10 stops) | 412: Jublee Bus Station → Bluesea Cafe (2 stops)"
"Gandimaisamma","Tarnaka",17.57508,78.42319,17.42571,78.53223,23.2,78,1,"567G → 500","567G: Gandimaisamma → Jublee Bus Station (10 stops) | 500: Jublee Bus Station → Tarnaka (2 stops)"
"Gandimaisamma","Lb Nagar X Road",17.57508,78.42319,17.34699,78.55013,13.9,47,0,"462","462: Gandimaisammma → Lb Nagar X Road (16 stops)"
"Gandimaisamma","Lingampally Bs",17.57508,78.42319,17.49485,78.31689,18.4,62,0,"224/219","224/219: Gandimaisamma → Lingampally Bs (21 stops)"
"Gandimaisamma","Kukatpally",17.57508,78.42319,17.48385,78.41242,12.4,42,1,"195P → 198/224","195P: Gandimaisamma → Jntu X Rd (10 stops) | 198/224: Jntu X Rd → Kukatpally (3 stops)"
"Gandimaisamma","Jublee Bus Station",17.57508,78.42319,17.44761,78.49758,18.7,63,0,"567G","567G: Gandimaisamma → Jublee Bus Station (10 stops)"
"Gandimaisamma","Ibrahimpatnam Bus Station",17.57508,78.42319,17.19144,78.64766,23.3,79,2,"206 → 290K → 277H","206: Gandimaisammma → Pedda Amberpet (3 stops) | 290K: Pedda Amberpet Check Post → Koeda Village (4 stops) | 277H: Koeda Village → Ibrahimpatnam Bus Station (11 stops)"
"Gandimaisamma","Prashanth Nagar",17.57508,78.42319,17.47378,78.42698,14.8,50,0,"219/27G","219/27G: Gandimaisamma → Prashanth Nagar (16 stops)"
"Gandimaisamma","Moosapet",17.57508,78.42319,17.47081,78.42668,15,51,0,"219/27G","219/27G: Gandimaisamma → Prashanth Nagar (16 stops)"
"Gandimaisamma","Cherlapally Bus Stand",17.57508,78.42319,17.46329,78.61145,26.7,90,2,"219/27G → 290/186 → 16C/250X","219/27G: Gandimaisamma → Rythubazar-Jdm (7 stops) | 290/186: Rythubazar-Jdm → Kamala Nagar (2 stops) | 16C/250X: Kamla Nagar → Cherlapally Bus Stand (6 stops)"
"Gandimaisamma","Koti Medical College",17.57508,78.42319,17.38310,78.48282,23.2,78,1,"462 → 72D","462: Gandimaisammma → Dilsukhnagar (23 stops) | 72D: Dilsukhnagar → Koti Medical College (7 stops)"
"Gandimaisamma","Chadarghat",17.57508,78.42319,17.37722,78.49302,21.6,73,1,"462 → 72D","462: Gandimaisammma → Dilsukhnagar (23 stops) | 72D: Dilsukhnagar → Chadarghat (5 stops)"
"Gandimaisamma","Kachiguda X Road",17.57508,78.42319,17.39069,78.48938,23.9,80,2,"462 → 72D → 65K/123","462: Gandimaisammma → Dilsukhnagar (23 stops) | 72D: Dilsukhnagar → Chadarghat (5 stops) | 65K/123: Chadarghat → Kachiguda Railway Station (2 stops)"
"Gandimaisamma","Mehdipatnam",17.57508,78.42319,17.39527,78.43980,25.2,85,1,"219/27G → 189M","219/27G: Gandimaisamma → Prashanth Nagar (16 stops) | 189M: Prashanth Nagar → Mehdipatnam (17 stops)"
"Gandimaisamma","Bata",17.57508,78.42319,17.43600,78.49370,21.1,71,0,"567G","567G: Gandimaisamma → Secunderabad Railway Station (11 stops)"
"Gandimaisamma","Jntu X Rd",17.57508,78.42319,17.49672,78.39445,10,34,0,"195P","195P: Gandimaisamma → Jntu X Rd (10 stops)"
"Gandimaisamma","Super Bazar",17.57508,78.42319,17.37193,78.50992,19.7,66,1,"462 → 72","462: Gandimaisammma → Dilsukhnagar (23 stops) | 72: Dilsukhnagar → Super Bazar (3 stops)"
"Gandimaisamma","Race Course",17.57508,78.42319,17.45076,78.48820,17.7,60,0,"567G","567G: Gandimaisamma → Tadbund (9 stops)"
"Gandimaisamma","Punjagutta",17.57508,78.42319,17.42645,78.45141,20.9,71,1,"219/27G → 189M","219/27G: Gandimaisamma → Prashanth Nagar (16 stops) | 189M: Prashanth Nagar → Punjagutta (10 stops)"
"Gandimaisamma","Balanagar",17.57508,78.42319,17.46697,78.44626,12.7,43,0,"567G","567G: Gandimaisamma → Balanagar (7 stops)"
"Gandimaisamma","Chintal",17.57508,78.42319,17.49540,78.45210,9.5,32,0,"567G","567G: Gandimaisamma → Chintal (5 stops)"
"Gandimaisamma","Nanal Nagar",17.57508,78.42319,17.39620,78.42700,24.6,83,1,"195P → 10W","195P: Gandimaisamma → Bio Diversity Complex (20 stops) | 10W: Bio Diversity Complex → Nanal Nagar (6 stops)"
"Gandimaisamma","Abids Gpo",17.57508,78.42319,17.38757,78.47617,24,81,1,"462 → 72D","462: Gandimaisammma → Dilsukhnagar (23 stops) | 72D: Dilsukhnagar → Abids Gpo (8 stops)"
"Gandimaisamma","Kachiguda Railway Station",17.57508,78.42319,17.38950,78.49726,23,77,2,"462 → 72D → 65K/123","462: Gandimaisammma → Dilsukhnagar (23 stops) | 72D: Dilsukhnagar → Chadarghat (5 stops) | 65K/123: Chadarghat → Kachiguda Railway Station (2 stops)"
"Gandimaisamma","Ghatkesar Bus Station",17.57508,78.42319,17.45213,78.68231,24.9,84,1,"205 → 543","205: Gandimaisamma → Guvvaleti X Road (10 stops) | 543: Guvvaleti X Road → Ghatkesar Bus Station (10 stops)"
"Gandimaisamma","Chengicherla",17.57508,78.42319,17.43313,78.60845,28.1,94,3,"462 → 186 → 115RR → 18C/R","462: Gandimaisammma → Lb Nagar X Road (16 stops) | 186: Lb Nagar X Road → Nagole Metro Station (4 stops) | 115RR: Nagole Metro Station → Boduppal Kamman (5 stops) | 18C/R: Boduppal Kamman → Chengicherla (9 stops)"
"Gandimaisamma","Quthbullapur X Rd",17.57508,78.42319,17.49890,78.45176,9.1,31,0,"219/27G","219/27G: Gandimaisamma → Quthbullapur X Rd (10 stops)"
"Gandimaisamma","Shapur Nagar",17.57508,78.42319,17.51600,78.44690,7.2,25,0,"219/27G","219/27G: Gandimaisamma → Shapur Nagar (8 stops)"
"Gandimaisamma","Panama Godown",17.57508,78.42319,17.33840,78.56864,11.6,39,0,"462","462: Gandimaisammma → Panama Godown (13 stops)"
"Gandimaisamma","Gachibowli X Road",17.57508,78.42319,17.43903,78.36295,19.6,66,0,"195P","195P: Gandimaisamma → Gachibowli X Road (22 stops)"
"Gandimaisamma","Abids Grammar School",17.57508,78.42319,17.39333,78.47625,25.4,86,2,"219/27G → 9X/230 → 116G","219/27G: Gandimaisamma → Prashanth Nagar (16 stops) | 9X/230: Prashanth Nagar → Lakdikapool (13 stops) | 116G: Lakdikapool → Abids Grammar School (2 stops)"
"Gandimaisamma","Dilsukhnagar",17.57508,78.42319,17.36862,78.52366,18.2,61,0,"462","462: Gandimaisammma → Dilsukhnagar (23 stops)"
"Gandimaisamma","Sathamrai",17.57508,78.42319,17.27452,78.40118,34.5,116,2,"462 → 100H → 49M/251","462: Gandimaisammma → Chintalkunta Check Post (15 stops) | 100H: Chintalkunta Check Post → Aramghar (19 stops) | 49M/251: Aramghar → Sathamrai (4 stops)"
"Gandimaisamma","Gajularam X Road",17.57508,78.42319,17.51010,78.44771,7.8,27,0,"219/27G","219/27G: Gandimaisamma → Gajularam X Road (9 stops)"
"Gandimaisamma","Rc Puram",17.57508,78.42319,17.51362,78.28780,22.2,75,0,"224/219","224/219: Gandimaisamma → Rc Puram (25 stops)"
"Gandimaisamma","Kphb",17.57508,78.42319,17.49456,78.40081,10.7,36,0,"195P","195P: Gandimaisamma → Jntu X Rd (10 stops)"
"Gandimaisamma","Pisal Banda",17.57508,78.42319,17.33995,78.50379,19.3,65,1,"462 → 100H","462: Gandimaisammma → Chintalkunta Check Post (15 stops) | 100H: Chintalkunta Check Post → Pisal Banda (9 stops)"
"Gandimaisamma","Police Lines",17.57508,78.42319,17.44365,78.47499,20.3,68,2,"567G → 171 → 10JB","567G: Gandimaisamma → Tadbund (9 stops) | 171: Tadbund → Plaza (3 stops) | 10JB: Plaza → Police Lines (2 stops)"
"Gandimaisamma","Uppal X Road",17.57508,78.42319,17.40126,78.56007,19.7,68,1,"462 → 279","462: Gandimaisammma → Chintalkunta Check Post (15 stops) | 279: Lb Nagar (District Stop) → Uppal X Road (2 stops)"
"Gandimaisamma","Boats Club",17.57508,78.42319,17.42644,78.48664,22.1,74,1,"567G → 251M/A","567G: Gandimaisamma → Secunderabad Railway Station (11 stops) | 251M/A: Secunderabad Railway Station → Boats Club (3 stops)"
"Gandimaisamma","Womens College",17.57508,78.42319,17.38481,78.48762,22.6,76,1,"462 → 72D","462: Gandimaisammma → Dilsukhnagar (23 stops) | 72D: Dilsukhnagar → Womens College (6 stops)"
"Gandimaisamma","Hydernagar",17.57508,78.42319,17.49919,78.38352,11.2,39,1,"195P → 219/272G","195P: Gandimaisamma → Jntu X Rd (10 stops) | 219/272G: Jntu X Road → Hydernagar (2 stops)"
"Gandimaisamma","Charminar",17.57508,78.42319,17.35868,78.47403,24.7,83,2,"462 → 100V/208 → 253M","462: Gandimaisammma → Dilsukhnagar (23 stops) | 100V/208: Dilsukhnagar → Darul Shifa (6 stops) | 253M: Darul Shifa → Charminar (2 stops)"
"Gandimaisamma","Hitech City",17.57508,78.42319,17.44995,78.38257,15.5,54,0,"195P","195P: Gandimaisamma → Cyber Towers (17 stops)"
"Gandimaisamma","Ameerpet",17.57508,78.42319,17.43155,78.44765,20.1,68,1,"219/27G → 9X","219/27G: Gandimaisamma → Prashanth Nagar (16 stops) | 9X: Prashanth Nagar → Ameerpet (8 stops)"
"Gandimaisamma","Gandipet X Road",17.57508,78.42319,17.38500,78.33100,26.2,88,3,"195P → AJ → 316 → 120","195P: Gandimaisamma → Jntu X Rd (10 stops) | AJ: Jntu X Rd → Gachibowli Orr (3 stops) | 316: Gachibowli Orr → Manchirevula X Road (4 stops) | 120: Manchirevula X Road → Gandipet X Road (4 stops)"
"Gandimaisamma","Gachibowli",17.57508,78.42319,17.43966,78.36356,19.7,67,0,"195P","195P: Gandimaisamma → Gachibowli X Road (22 stops)"
"Gandimaisamma","Miyapur",17.57508,78.42319,17.49669,78.36077,14,47,0,"224/219","224/219: Gandimaisamma → Miyapur (16 stops)"
"Gandimaisamma","Sr Nagar",17.57508,78.42319,17.44027,78.44260,19,65,1,"219/27G → 9X","219/27G: Gandimaisamma → Prashanth Nagar (16 stops) | 9X: Prashanth Nagar → Sr Nagar (6 stops)"
"Gandimaisamma","Begumpet",17.57508,78.42319,17.10805,78.55358,52.7,176,3,"462 → 100H → 540MA → 478","462: Gandimaisammma → Chintalkunta Check Post (15 stops) | 100H: Chintalkunta Check Post → Phoolbagh (12 stops) | 540MA: Phoolbagh → Imamguda (8 stops) | 478: Imamguda → Begumpet (7 stops)"
"Gandimaisamma","Tolichowki",17.57508,78.42319,17.39924,78.41552,23.3,78,1,"195P → 10W","195P: Gandimaisamma → Bio Diversity Complex (20 stops) | 10W: Bio Diversity Complex → Brindavan Colony (5 stops)"
"Gandimaisamma","Kondapur",17.57508,78.42319,17.46392,78.36725,18.8,67,1,"224/219 → 222M","224/219: Gandimaisamma → Allwyn X Rd (17 stops) | 222M: Allwyn X Rd → Kondapur (3 stops)"
"Gandimaisamma","Shamshabad",17.57508,78.42319,17.26205,78.38824,36.4,122,2,"462 → 100H → 49M/251","462: Gandimaisammma → Chintalkunta Check Post (15 stops) | 100H: Chintalkunta Check Post → Aramghar (19 stops) | 49M/251: Aramghar → Shamshabad (5 stops)"
"Mehdipatnam","Secunderabad Railway Station",17.39527,78.43980,17.43426,78.50158,9.6,33,1,"5M → 5K","5M: Mehdipatnam → Mahavir Hospital (5 stops) | 5K: Mahavir Hospital → Secunderabad Railway Station (7 stops)"
"Mehdipatnam","Afzalgunj",17.39527,78.43980,17.37331,78.47693,6.9,24,1,"116/220K → 8","116/220K: Mehdipatnam → Abids Grammar School (4 stops) | 8: Abids Grammar School → Afzalgunj (4 stops)"
"Mehdipatnam","Alugadda Bhavi",17.39527,78.43980,17.43531,78.51438,10.1,36,1,"5M → 15H/20","5M: Mehdipatnam → Mahavir Hospital (5 stops) | 15H/20: Mahavir Hospital → Alugaddabavi (9 stops)"
"Mehdipatnam","Patny",17.39527,78.43980,17.44318,78.49625,10.3,36,1,"19AK → 16A/47W","19AK: Mehdipatnam → Panjaguta (4 stops) | 16A/47W: Panjaguta → Patny (7 stops)"
"Mehdipatnam","Cbs",17.39527,78.43980,17.37823,78.48168,6.5,23,0,"116/220K","116/220K: Mehdipatnam → Cbs (6 stops)"
"Mehdipatnam","Erragadda",17.39527,78.43980,17.45617,78.43378,7.7,27,0,"19PM/272","19PM/272: Mehdipatnam → Erragadda (6 stops)"
"Mehdipatnam","Gajularamaram X Road",17.39527,78.43980,17.50941,78.44817,16.1,56,2,"19AK → 9M → 9M/X","19AK: Mehdipatnam → Erragadda (6 stops) | 9M: Erragadda → Sanath Nagar (3 stops) | 9M/X: Sanath Nagar → Gajularam X Road (9 stops)"
"Mehdipatnam","Jbs",17.39527,78.43980,17.44757,78.49664,9.1,32,2,"5M → 5K → 24B","5M: Mehdipatnam → Mahavir Hospital (5 stops) | 5K: Mahavir Hospital → Bata (5 stops) | 24B: Bata → Jbs (2 stops)"
"Mehdipatnam","Hayathnagar Bus Station",17.39527,78.43980,17.32732,78.60489,21,71,2,"116/220K → 277MP → 524","116/220K: Mehdipatnam → Abids Grammar School (4 stops) | 277MP: Abids Grammar School → Ntr Nagar (12 stops) | 524: Ntr Nagar → Hayathnagar Bus Station (8 stops)"
"Mehdipatnam","Rathifile Bus Station",17.39527,78.43980,17.43457,78.50488,9.3,33,2,"5M → 15H/20 → 1X","5M: Mehdipatnam → Mahavir Hospital (5 stops) | 15H/20: Mahavir Hospital → Musheerabad Police Station (7 stops) | 1X: Musheerabad Police Station → Rathifile Bus Station (3 stops)"
"Mehdipatnam","Nampally Public Garoaden",17.39527,78.43980,17.39628,78.47082,6,21,0,"116N/L","116N/L: Mehdipatnam → Nampally Public Garoaden (7 stops)"
"Mehdipatnam","Lakdikapool",17.39527,78.43980,17.40361,78.46497,2.9,11,0,"156L","156L: Mehdipatnam → Lakdikapool (6 stops)"
"Mehdipatnam","Ecil Bus Terminal",17.39527,78.43980,17.47253,78.57006,19.5,67,1,"5M → 15H/20","5M: Mehdipatnam → Mahavir Hospital (5 stops) | 15H/20: Mahavir Hospital → Ecil Bus Terminal (21 stops)"
"Mehdipatnam","Secretariat",17.39527,78.43980,17.40812,78.47182,3.8,14,1,"5M → 5K","5M: Mehdipatnam → Mahavir Hospital (5 stops) | 5K: Mahavir Hospital → Secretariat (3 stops)"
"Mehdipatnam","Patancheruvu",17.39527,78.43980,17.52903,78.26428,25.3,86,1,"116G → 300A/217","116G: Mehdipatnam → Khajaguda X Road (6 stops) | 300A/217: Khajaguda X Road → Patancheruvu (11 stops)"
"Mehdipatnam","Darul Shifa",17.39527,78.43980,17.37327,78.48299,7.5,26,1,"116/220K → 8A","116/220K: Mehdipatnam → Abids Grammar School (4 stops) | 8A: Abids Grammar School → Darul Shifa (5 stops)"
"Mehdipatnam","Plaza",17.39527,78.43980,17.44330,78.49066,9.7,34,1,"19AK → 16A/47W","19AK: Mehdipatnam → Panjaguta (4 stops) | 16A/47W: Panjaguta → Plaza (6 stops)"
"Mehdipatnam","Bluesea Cafe",17.39527,78.43980,17.43713,78.50515,9.3,33,1,"5M → 5K","5M: Mehdipatnam → Mahavir Hospital (5 stops) | 5K: Mahavir Hospital → Ig Statue (7 stops)"
"Mehdipatnam","Tarnaka",17.39527,78.43980,17.42571,78.53223,12.1,42,2,"5M → 15H/20 → 250/281","5M: Mehdipatnam → Mahavir Hospital (5 stops) | 15H/20: Mahavir Hospital → Alugaddabavi (9 stops) | 250/281: Alugaddabavi → Tarnaka (2 stops)"
"Mehdipatnam","Lb Nagar X Road",17.39527,78.43980,17.34699,78.55013,15.1,53,1,"116/220K → 277MP","116/220K: Mehdipatnam → Abids Grammar School (4 stops) | 277MP: Abids Grammar School → Lb Nagar (14 stops)"
"Mehdipatnam","Lingampally Bs",17.39527,78.43980,17.49485,78.31689,18.4,63,1,"116G → 300A/217","116G: Mehdipatnam → Khajaguda X Road (6 stops) | 300A/217: Khajaguda X Road → Lingampally Bs (7 stops)"
"Mehdipatnam","Kukatpally",17.39527,78.43980,17.48385,78.41242,12,41,0,"19AK","19AK: Mehdipatnam → Kukatpally (8 stops)"
"Mehdipatnam","Jublee Bus Station",17.39527,78.43980,17.44761,78.49758,11.1,38,2,"5M → 5K → AC","5M: Mehdipatnam → Mahavir Hospital (5 stops) | 5K: Mahavir Hospital → Secunderabad Railway Station (7 stops) | AC: Secunderabad Railway Station → Jublee Bus Station (2 stops)"
"Mehdipatnam","Ibrahimpatnam Bus Station",17.39527,78.43980,17.19144,78.64766,38,128,1,"116/220K → 277MP","116/220K: Mehdipatnam → Abids Grammar School (4 stops) | 277MP: Abids Grammar School → Ibrahimpatnam Bus Station (30 stops)"
"Mehdipatnam","Prashanth Nagar",17.39527,78.43980,17.47378,78.42698,10.2,39,0,"19AK","19AK: Mehdipatnam → Moosapet (7 stops)"
"Mehdipatnam","Moosapet",17.39527,78.43980,17.47081,78.42668,9.9,34,0,"19AK","19AK: Mehdipatnam → Moosapet (7 stops)"
"Mehdipatnam","Cherlapally Bus Stand",17.39527,78.43980,17.46329,78.61145,22.2,77,2,"5M → 15H/20 → 250C/R","5M: Mehdipatnam → Mahavir Hospital (5 stops) | 15H/20: Mahavir Hospital → Alugaddabavi (9 stops) | 250C/R: Alugadda Bhavi → Cherlapally Bus Stand (8 stops)"
"Mehdipatnam","Koti Medical College",17.39527,78.43980,17.38310,78.48282,6,21,0,"116/220K","116/220K: Mehdipatnam → Koti Medical College (5 stops)"
"Mehdipatnam","Chadarghat",17.39527,78.43980,17.37722,78.49302,7.4,26,1,"116/220K → 277MP","116/220K: Mehdipatnam → Abids Grammar School (4 stops) | 277MP: Abids Grammar School → Chadarghat (3 stops)"
"Mehdipatnam","Kachiguda X Road",17.39527,78.43980,17.39069,78.48938,7.2,29,1,"116/220K → 222","116/220K: Mehdipatnam → Abids Grammar School (4 stops) | 222: Abids Grammar School → Ramkoti (4 stops)"
"Mehdipatnam","Gandimaisamma",17.39527,78.43980,17.57508,78.42319,23.8,81,2,"19AK → 9M → 9M/X","19AK: Mehdipatnam → Erragadda (6 stops) | 9M: Erragadda → Sanath Nagar (3 stops) | 9M/X: Sanath Nagar → Gandimaisamma (16 stops)"
"Mehdipatnam","Bata",17.39527,78.43980,17.43600,78.49370,7.6,27,1,"5M → 5K","5M: Mehdipatnam → Mahavir Hospital (5 stops) | 5K: Mahavir Hospital → Bata (5 stops)"
"Mehdipatnam","Jntu X Rd",17.39527,78.43980,17.49672,78.39445,14.4,50,1,"19AK → 218V","19AK: Mehdipatnam → Kukatpally (8 stops) | 218V: Kukatpally → Jntu X Road (3 stops)"
"Mehdipatnam","Super Bazar",17.39527,78.43980,17.37193,78.50992,8.9,31,1,"116/220K → 277MP","116/220K: Mehdipatnam → Abids Grammar School (4 stops) | 277MP: Abids Grammar School → Super Bazar (6 stops)"
"Mehdipatnam","Race Course",17.39527,78.43980,17.45076,78.48820,9.4,33,2,"5M → 5K → 8/26S","5M: Mehdipatnam → Mahavir Hospital (5 stops) | 5K: Mahavir Hospital → Boats Club (4 stops) | 8/26S: Boats Club → Race Course (5 stops)"
"Mehdipatnam","Punjagutta",17.39527,78.43980,17.42645,78.45141,4.4,16,0,"19PM/272","19PM/272: Mehdipatnam → Punjagutta (4 stops)"
"Mehdipatnam","Balanagar",17.39527,78.43980,17.46697,78.44626,11.1,38,2,"19AK → 9M → 9M/X","19AK: Mehdipatnam → Erragadda (6 stops) | 9M: Erragadda → Sanath Nagar (3 stops) | 9M/X: Sanath Nagar → Balanagar (3 stops)"
"Mehdipatnam","Chintal",17.39527,78.43980,17.49540,78.45210,14.3,49,2,"19AK → 9M → 9M/X","19AK: Mehdipatnam → Erragadda (6 stops) | 9M: Erragadda → Sanath Nagar (3 stops) | 9M/X: Sanath Nagar → Chintal (7 stops)"
"Mehdipatnam","Nanal Nagar",17.39527,78.43980,17.39620,78.42700,1.4,6,0,"116G","116G: Mehdipatnam → Nanal Nagar (2 stops)"
"Mehdipatnam","Abids Gpo",17.39527,78.43980,17.38757,78.47617,5.3,19,0,"116/220K","116/220K: Mehdipatnam → Abids Grammar School (4 stops)"
"Mehdipatnam","Kachiguda Railway Station",17.39527,78.43980,17.38950,78.49726,8.7,30,1,"116/220K → 65K/123","116/220K: Mehdipatnam → Cbs (6 stops) | 65K/123: Cbs → Kachiguda Railway Station (3 stops)"
"Mehdipatnam","Ghatkesar Bus Station",17.39527,78.43980,17.45213,78.68231,30.1,102,2,"116/220K → 115RR → 500","116/220K: Mehdipatnam → Koti Medical College (5 stops) | 115RR: Koti Medical College → Uppal X Road (13 stops) | 500: Uppal X Road → Ghatkesar Bus Station (2 stops)"
"Mehdipatnam","Chengicherla",17.39527,78.43980,17.43313,78.60845,25.6,88,3,"5M → 15H/20 → 250C/R → 250C","5M: Mehdipatnam → Mahavir Hospital (5 stops) | 15H/20: Mahavir Hospital → Alugaddabavi (9 stops) | 250C/R: Alugadda Bhavi → Cherlapally Bus Stand (8 stops) | 250C: Cherlapally Bus Stand → Chengicherla (3 stops)"
"Mehdipatnam","Quthbullapur X Rd",17.39527,78.43980,17.49890,78.45176,15.6,53,2,"19AK → 9M → 9M/X","19AK: Mehdipatnam → Erragadda (6 stops) | 9M: Erragadda → Sanath Nagar (3 stops) | 9M/X: Sanath Nagar → Quthbullapur X Rd (9 stops)"
"Mehdipatnam","Shapur Nagar",17.39527,78.43980,17.51600,78.44690,16.6,57,2,"19AK → 9M → 9M/X","19AK: Mehdipatnam → Erragadda (6 stops) | 9M: Erragadda → Sanath Nagar (3 stops) | 9M/X: Sanath Nagar → Shapur Nagar (10 stops)"
"Mehdipatnam","Panama Godown",17.39527,78.43980,17.33840,78.56864,17,58,2,"116/220K → 277MP → 524","116/220K: Mehdipatnam → Abids Grammar School (4 stops) | 277MP: Abids Grammar School → Ntr Nagar (12 stops) | 524: Ntr Nagar → Panama Godown (4 stops)"
"Mehdipatnam","Gachibowli X Road",17.39527,78.43980,17.43903,78.36295,9.8,34,0,"6L","6L: Mehdipatnam → Gachibowli X Road (6 stops)"
"Mehdipatnam","Abids Grammar School",17.39527,78.43980,17.39333,78.47625,4.6,17,0,"116/220K","116/220K: Mehdipatnam → Abids Grammar School (4 stops)"
"Mehdipatnam","Dilsukhnagar",17.39527,78.43980,17.36862,78.52366,10.5,36,1,"116/220K → 277MP","116/220K: Mehdipatnam → Abids Grammar School (4 stops) | 277MP: Abids Grammar School → Dilsukhnagar (8 stops)"
"Mehdipatnam","Sathamrai",17.39527,78.43980,17.27452,78.40118,15.3,52,1,"300/217 → 85M","300/217: Mehdipatnam → Shivrampally (8 stops) | 85M: Shivrampally → Sathamrai (4 stops)"
"Mehdipatnam","Gajularam X Road",17.39527,78.43980,17.51010,78.44771,16,55,2,"19AK → 9M → 9M/X","19AK: Mehdipatnam → Erragadda (6 stops) | 9M: Erragadda → Sanath Nagar (3 stops) | 9M/X: Sanath Nagar → Gajularam X Road (9 stops)"
"Mehdipatnam","Rc Puram",17.39527,78.43980,17.51362,78.28780,22.2,75,1,"116G → 300A/217","116G: Mehdipatnam → Khajaguda X Road (6 stops) | 300A/217: Khajaguda X Road → Rc Puram (9 stops)"
"Mehdipatnam","Kphb",17.39527,78.43980,17.49456,78.40081,13.8,47,1,"19PM/272 → 219/27G","19PM/272: Mehdipatnam → Kukatpally (8 stops) | 219/27G: Kukatpally → Kphb (2 stops)"
"Mehdipatnam","Pisal Banda",17.39527,78.43980,17.33995,78.50379,11.9,41,3,"116/220K → 277MP → 277K → 460","116/220K: Mehdipatnam → Abids Grammar School (4 stops) | 277MP: Abids Grammar School → Chadarghat (3 stops) | 277K: Chadarghat → Is Sadan (5 stops) | 460: Is Sadan → Pisal Banda (3 stops)"
"Mehdipatnam","Police Lines",17.39527,78.43980,17.44365,78.47499,7.6,27,2,"19AK → 19BM → 10JB","19AK: Mehdipatnam → Banjara Hills Road No 7 Taj Krishna (3 stops) | 19BM: Banjara Hills Road No 7 Taj Krishna → Rj College (2 stops) | 10JB: Rj College → Police Lines (2 stops)"
"Mehdipatnam","Uppal X Road",17.39527,78.43980,17.40126,78.56007,16.1,55,1,"116/220K → 115RR","116/220K: Mehdipatnam → Koti Medical College (5 stops) | 115RR: Koti Medical College → Uppal X Road (13 stops)"
"Mehdipatnam","Boats Club",17.39527,78.43980,17.42644,78.48664,6.3,22,1,"5M → 5K","5M: Mehdipatnam → Mahavir Hospital (5 stops) | 5K: Mahavir Hospital → Boats Club (4 stops)"
"Mehdipatnam","Womens College",17.39527,78.43980,17.38481,78.48762,6.3,23,1,"116/220K → 222","116/220K: Mehdipatnam → Abids Grammar School (4 stops) | 222: Abids Grammar School → Koti Maternity Hospital (3 stops)"
"Mehdipatnam","Hydernagar",17.39527,78.43980,17.49919,78.38352,15.6,53,1,"19AK → 431","19AK: Mehdipatnam → Kukatpally (8 stops) | 431: Kukatpally → Hydernagar (3 stops)"
"Mehdipatnam","Charminar",17.39527,78.43980,17.35868,78.47403,9.8,34,1,"116/220K → 8A","116/220K: Mehdipatnam → Abids Grammar School (4 stops) | 8A: Abids Grammar School → Charminar (9 stops)"
"Mehdipatnam","Hitech City",17.39527,78.43980,17.44995,78.38257,10.8,38,1,"6L → 126M","6L: Mehdipatnam → Khajaguda X Road (5 stops) | 126M: Khajaguda X Road → Hitech City (6 stops)"
"Mehdipatnam","Ameerpet",17.39527,78.43980,17.43155,78.44765,5,18,0,"19AK","19AK: Mehdipatnam → Panjaguta (4 stops)"
"Mehdipatnam","Gandipet X Road",17.39527,78.43980,17.38500,78.33100,13.4,46,1,"95K → 120","95K: Mehdipatnam → Bapu Ghat (4 stops) | 120: Bapu Ghat → Gandipet X Road (12 stops)"
"Mehdipatnam","Gachibowli",17.39527,78.43980,17.43966,78.36356,9.9,35,0,"6L","6L: Mehdipatnam → Gachibowli X Road (6 stops)"
"Mehdipatnam","Miyapur",17.39527,78.43980,17.49669,78.36077,18.1,62,2,"6L → 282K → 222M","6L: Mehdipatnam → Khajaguda X Road (5 stops) | 282K: Khajaguda X Road → Kothaguda X Rd (8 stops) | 222M: Kothaguda X Rd → Miyapur (6 stops)"
"Mehdipatnam","Sr Nagar",17.39527,78.43980,17.44027,78.44260,6.2,22,0,"19PM/272","19PM/272: Mehdipatnam → Sr Nagar (5 stops)"
"Mehdipatnam","Begumpet",17.39527,78.43980,17.10805,78.55358,40.7,136,1,"471/92C → 478","471/92C: Rethi Bowli → Imamguda (9 stops) | 478: Imamguda → Begumpet (7 stops)"
"Mehdipatnam","Tolichowki",17.39527,78.43980,17.39924,78.41552,2.7,10,0,"216","216: Mehdipatnam → Tolichowki (3 stops)"
"Mehdipatnam","Kondapur",17.39527,78.43980,17.46392,78.36725,13.1,45,1,"6L → 282K","6L: Mehdipatnam → Khajaguda X Road (5 stops) | 282K: Khajaguda X Road → Kothaguda X Rd (8 stops)"
"Mehdipatnam","Madhapur",17.39527,78.43980,17.63017,78.77482,42.9,144,3,"116/220K → 277MP → 277P → 486","116/220K: Mehdipatnam → Abids Grammar School (4 stops) | 277MP: Abids Grammar School → Mangalpally X Road (25 stops) | 277P: Mangalpally X Road → Yeliminedu (7 stops) | 486: Yeliminedu → Madhapur (2 stops)"
"Mehdipatnam","Shamshabad",17.39527,78.43980,17.26205,78.38824,17.3,58,1,"300/217 → 85M","300/217: Mehdipatnam → Shivrampally (8 stops) | 85M: Shivrampally → Shamshabad (5 stops)"
"Bata","Secunderabad Railway Station",17.43600,78.49370,17.43426,78.50158,1.7,6,0,"8","8: Bata → Secunderabad Railway Station (3 stops)"
"Bata","Afzalgunj",17.43600,78.49370,17.37331,78.47693,7.5,26,0,"251M/A","251M/A: Bata → Afzalgunj (6 stops)"
"Bata","Alugadda Bhavi",17.43600,78.49370,17.43531,78.51438,3,11,1,"8 → 186","8: Bata → Secunderabad Railway Station (3 stops) | 186: Secunderabad Railway Station → Alugadda Bhavi (2 stops)"
"Bata","Patny",17.43600,78.49370,17.44318,78.49625,0.8,3,0,"",""
"Bata","Cbs",17.43600,78.49370,17.37823,78.48168,7.2,25,1,"251M/A → 7Z/539","251M/A: Bata → Basheer Bagh (4 stops) | 7Z/539: Basheer Bagh → Cbs (5 stops)"
"Bata","Erragadda",17.43600,78.49370,17.45617,78.43378,8.8,30,0,"10MN","10MN: Plaza → Erragadda (5 stops)"
"Bata","Gajularamaram X Road",17.43600,78.49370,17.50941,78.44817,13.2,45,1,"186 → 30S","186: Patny → Balanagar (5 stops) | 30S: Balanagar → Gajularamaram X Road (7 stops)"
"Bata","Jbs",17.43600,78.49370,17.44757,78.49664,1.5,5,0,"24B","24B: Bata → Jbs (2 stops)"
"Bata","Hayathnagar Bus Station",17.43600,78.49370,17.32732,78.60489,21,71,2,"38EX/8N → AL → 290U/F","38EX/8N: Bata → Sangeeth Cross Road (2 stops) | AL: Sangeeth Cross Road → Nagole X Road (4 stops) | 290U/F: Nagole X Road → Hayathnagar Bus Station (10 stops)"
"Bata","Rathifile Bus Station",17.43600,78.49370,17.43457,78.50488,2,7,0,"8","8: Bata → Secunderabad Railway Station (3 stops)"
"Bata","Nampally Public Garoaden",17.43600,78.49370,17.39628,78.47082,5.6,20,1,"37/8A → 8C","37/8A: Bata → Rbi Birlamandir (4 stops) | 8C: Rbi Birlamandir → Public Garden (3 stops)"
"Bata","Lakdikapool",17.43600,78.49370,17.40361,78.46497,4.8,17,0,"37/8A","37/8A: Bata → Rbi Birlamandir (4 stops)"
"Bata","Ecil Bus Terminal",17.43600,78.49370,17.47253,78.57006,11.1,38,0,"37/8A","37/8A: Bata → Ecil Bus Terminal (8 stops)"
"Bata","Secretariat",17.43600,78.49370,17.40812,78.47182,4,14,0,"100M","100M: Bata → Secretariat (5 stops)"
"Bata","Patancheruvu",17.43600,78.49370,17.52903,78.26428,31.2,106,1,"40 → 113M/217","40: Bata → Ashok Nagar (9 stops) | 113M/217: Ashok Nagar → Patancheruvu (6 stops)"
"Bata","Darul Shifa",17.43600,78.49370,17.37327,78.48299,8.1,28,0,"251M/A","251M/A: Bata → Afzalgunj (6 stops)"
"Bata","Plaza",17.43600,78.49370,17.44330,78.49066,1.4,5,0,"",""
"Bata","Bluesea Cafe",17.43600,78.49370,17.43713,78.50515,1.7,7,0,"5K","5K: Bata → Ig Statue (3 stops)"
"Bata","Tarnaka",17.43600,78.49370,17.42571,78.53223,5.2,18,1,"8 → 186","8: Bata → Secunderabad Railway Station (3 stops) | 186: Secunderabad Railway Station → Tarnaka (3 stops)"
"Bata","Lb Nagar X Road",17.43600,78.49370,17.34699,78.55013,15.2,51,1,"8 → 186","8: Bata → Secunderabad Railway Station (3 stops) | 186: Secunderabad Railway Station → Lb Nagar X Road (9 stops)"
"Bata","Lingampally Bs",17.43600,78.49370,17.49485,78.31689,21.8,73,2,"186 → 9EM → 224L","186: Patny → Kukatpally (7 stops) | 9EM: Kukatpally → Miyapur X Road (4 stops) | 224L: Miyapur X Road → Lingampally Bs (5 stops)"
"Bata","Kukatpally",17.43600,78.49370,17.48385,78.41242,11.1,38,0,"186","186: Patny → Kukatpally (7 stops)"
"Bata","Jublee Bus Station",17.43600,78.49370,17.44761,78.49758,1.7,9,0,"24B","24B: Bata → Jbs (2 stops)"
"Bata","Ibrahimpatnam Bus Station",17.43600,78.49370,17.19144,78.64766,37.2,125,2,"38EX/8N → AL → 279U","38EX/8N: Bata → Sangeeth Cross Road (2 stops) | AL: Sangeeth Cross Road → Nagole X Road (4 stops) | 279U: Nagole X Road → Ibrahimpatnam Bus Station (19 stops)"
"Bata","Prashanth Nagar",17.43600,78.49370,17.47378,78.42698,6.5,22,2,"38EX/8N → 38S → 16HP","38EX/8N: Bata → Tukaram Railway Gate (4 stops) | 38S: Tukaram Railway Gate → Malkajgiri (2 stops) | 16HP: Malkajgiri → Prashanth Nagar (2 stops)"
"Bata","Moosapet",17.43600,78.49370,17.47081,78.42668,9.4,32,0,"186","186: Patny → Prashanth Nagar (6 stops)"
"Bata","Cherlapally Bus Stand",17.43600,78.49370,17.46329,78.61145,16.7,56,1,"37/8A → 250X","37/8A: Bata → Ecil Bus Terminal (8 stops) | 250X: Ecil Bus Terminal → Cherlapally Bus Stand (7 stops)"
"Bata","Koti Medical College",17.43600,78.49370,17.38310,78.48282,6.6,23,1,"251M/A → 7Z/539","251M/A: Bata → Basheer Bagh (4 stops) | 7Z/539: Basheer Bagh → Koti Medical College (4 stops)"
"Bata","Chadarghat",17.43600,78.49370,17.37722,78.49302,9.6,33,1,"251M/A → 72V","251M/A: Bata → Afzalgunj (6 stops) | 72V: Afzalgunj → Chadarghat (4 stops)"
"Bata","Kachiguda X Road",17.43600,78.49370,17.39069,78.48938,8.3,29,1,"40 → 83/272","40: Bata → Old M L A Quarters (13 stops) | 83/272: Old M L A Quarters → Kachiguda X Road (7 stops)"
"Bata","Gandimaisamma",17.43600,78.49370,17.57508,78.42319,21.1,72,2,"186 → 30S → 217G/189M","186: Patny → Balanagar (5 stops) | 30S: Balanagar → Bahadurpally X Road (14 stops) | 217G/189M: Bahadur Pally X Road → Gandimaisamma (2 stops)"
"Bata","Mehdipatnam",17.43600,78.49370,17.39527,78.43980,7.7,26,2,"37/8A → 5R → 6L","37/8A: Bata → Rbi Birlamandir (4 stops) | 5R: Rbi Birlamandir → Mahavir Hospital (3 stops) | 6L: Mahavir Hospital → Mehdipatnam (2 stops)"
"Bata","Jntu X Rd",17.43600,78.49370,17.49672,78.39445,14.3,48,1,"186 → 10JP","186: Patny → Kphb Temple Bus Stop (8 stops) | 10JP: Kphb Temple Bus Stop → Jntu X Rd (3 stops)"
"Bata","Super Bazar",17.43600,78.49370,17.37193,78.50992,11.2,38,1,"251M/A → 72V","251M/A: Bata → Afzalgunj (6 stops) | 72V: Afzalgunj → Super Bazar (7 stops)"
"Bata","Race Course",17.43600,78.49370,17.45076,78.48820,2,7,0,"186","186: Patny → Race Course (2 stops)"
"Bata","Punjagutta",17.43600,78.49370,17.42645,78.45141,7,24,1,"100M → 104R/218","100M: Bata → Secretariat (5 stops) | 104R/218: Secretariat → Punjagutta (5 stops)"
"Bata","Balanagar",17.43600,78.49370,17.46697,78.44626,7.1,24,0,"186","186: Patny → Balanagar (5 stops)"
"Bata","Chintal",17.43600,78.49370,17.49540,78.45210,10.4,35,1,"186 → 30S","186: Patny → Balanagar (5 stops) | 30S: Balanagar → Chintal (5 stops)"
"Bata","Nanal Nagar",17.43600,78.49370,17.39620,78.42700,9,31,2,"37/8A → 5R → 116G","37/8A: Bata → Rbi Birlamandir (4 stops) | 5R: Rbi Birlamandir → Mahavir Hospital (3 stops) | 116G: Mahavir Hospital → Nanal Nagar (3 stops)"
"Bata","Abids Gpo",17.43600,78.49370,17.38757,78.47617,5.9,20,0,"251M/A","251M/A: Bata → Abids Gpo (5 stops)"
"Bata","Kachiguda Railway Station",17.43600,78.49370,17.38950,78.49726,7.1,27,1,"40 → 83/272","40: Bata → Old M L A Quarters (13 stops) | 83/272: Old M L A Quarters → Tourist Hotel (5 stops)"
"Bata","Ghatkesar Bus Station",17.43600,78.49370,17.45213,78.68231,23.3,78,2,"8 → 290/186 → 500","8: Bata → Secunderabad Railway Station (3 stops) | 290/186: Secunderabad Railway Station → Uppal X Road (6 stops) | 500: Uppal X Road → Ghatkesar Bus Station (2 stops)"
"Bata","Chengicherla",17.43600,78.49370,17.43313,78.60845,19,64,2,"37/8A → 250E → 18CR","37/8A: Bata → Ecil Bus Terminal (8 stops) | 250E: Ecil Bus Terminal → Cherlapally Railway Station (5 stops) | 18CR: Cherlapally Railway Station → Chengicherla (3 stops)"
"Bata","Quthbullapur X Rd",17.43600,78.49370,17.49890,78.45176,10.8,36,1,"186 → 30S","186: Patny → Balanagar (5 stops) | 30S: Balanagar → Chintal (5 stops)"
"Bata","Shapur Nagar",17.43600,78.49370,17.51600,78.44690,14,47,1,"186 → 30S","186: Patny → Balanagar (5 stops) | 30S: Balanagar → Shapur Nagar (8 stops)"
"Bata","Panama Godown",17.43600,78.49370,17.33840,78.56864,17.5,59,1,"8 → 186","8: Bata → Secunderabad Railway Station (3 stops) | 186: Secunderabad Railway Station → Panama Godown (10 stops)"
"Bata","Gachibowli X Road",17.43600,78.49370,17.43903,78.36295,17.4,59,2,"37/8A → 5R → 6L","37/8A: Bata → Rbi Birlamandir (4 stops) | 5R: Rbi Birlamandir → Mahavir Hospital (3 stops) | 6L: Mahavir Hospital → Gachibowli X Road (7 stops)"
"Bata","Abids Grammar School",17.43600,78.49370,17.39333,78.47625,5.2,18,0,"251M/A","251M/A: Bata → Basheer Bagh (4 stops)"
"Bata","Dilsukhnagar",17.43600,78.49370,17.36862,78.52366,12.7,43,1,"251M/A → 72/208C","251M/A: Bata → Afzalgunj (6 stops) | 72/208C: Afzalgunj → Dilsukhnagar (8 stops)"
"Bata","Sathamrai",17.43600,78.49370,17.27452,78.40118,21.6,73,0,"251M/A","251M/A: Bata → Sathamrai (13 stops)"
"Bata","Gajularam X Road",17.43600,78.49370,17.51010,78.44771,12.1,41,2,"186 → 30S → 9M/X","186: Patny → Balanagar (5 stops) | 30S: Balanagar → Chintal (5 stops) | 9M/X: Chintal → Gajularam X Road (3 stops)"
"Bata","Rc Puram",17.43600,78.49370,17.51362,78.28780,28.1,95,1,"40 → 113M/217","40: Bata → Ashok Nagar (9 stops) | 113M/217: Ashok Nagar → Rc Puram (3 stops)"
"Bata","Kphb",17.43600,78.49370,17.49456,78.40081,13.9,47,0,"186","186: Patny → Kphb (9 stops)"
"Bata","Pisal Banda",17.43600,78.49370,17.33995,78.50379,14.1,48,3,"251M/A → 72V → 277K → 460","251M/A: Bata → Afzalgunj (6 stops) | 72V: Afzalgunj → Chadarghat (4 stops) | 277K: Chadarghat → Is Sadan (5 stops) | 460: Is Sadan → Pisal Banda (3 stops)"
"Bata","Police Lines",17.43600,78.49370,17.44365,78.47499,3.2,12,0,"49E","49E: Patny → Police Lines (3 stops)"
"Bata","Uppal X Road",17.43600,78.49370,17.40126,78.56007,9.4,32,1,"8 → 290/186","8: Bata → Secunderabad Railway Station (3 stops) | 290/186: Secunderabad Railway Station → Uppal X Road (6 stops)"
"Bata","Boats Club",17.43600,78.49370,17.42644,78.48664,1,4,0,"",""
"Bata","Womens College",17.43600,78.49370,17.38481,78.48762,7.8,28,0,"40","40: Bata → Koti Maternity Hospital (18 stops)"
"Bata","Hydernagar",17.43600,78.49370,17.49919,78.38352,14.7,50,1,"186 → 431","186: Patny → Kukatpally (7 stops) | 431: Kukatpally → Hydernagar (3 stops)"
"Bata","Charminar",17.43600,78.49370,17.35868,78.47403,10,34,1,"251M/A → 253M","251M/A: Bata → Afzalgunj (6 stops) | 253M: Afzalgunj → Charminar (3 stops)"
"Bata","Hitech City",17.43600,78.49370,17.44995,78.38257,16.7,56,2,"100M → 104R/218 → 113Y/H","100M: Bata → Secretariat (5 stops) | 104R/218: Secretariat → Ameerpet (6 stops) | 113Y/H: Ameerpet → Hitech City (15 stops)"
"Bata","Ameerpet",17.43600,78.49370,17.43155,78.44765,7.8,27,1,"100M → 104R/218","100M: Bata → Secretariat (5 stops) | 104R/218: Secretariat → Ameerpet (6 stops)"
"Bata","Gandipet X Road",17.43600,78.49370,17.38500,78.33100,21.6,73,2,"37/8A → 5P → 120","37/8A: Bata → Rbi Birlamandir (4 stops) | 5P: Rbi Birlamandir → Mehdipatnam Bus Depot (6 stops) | 120: Mehdipatnam Bus Depot → Gandipet X Road (16 stops)"
"Bata","Gachibowli",17.43600,78.49370,17.43966,78.36356,17.5,60,2,"37/8A → 5R → 6L","37/8A: Bata → Rbi Birlamandir (4 stops) | 5R: Rbi Birlamandir → Mahavir Hospital (3 stops) | 6L: Mahavir Hospital → Gachibowli X Road (7 stops)"
"Bata","Miyapur",17.43600,78.49370,17.49669,78.36077,17.1,58,1,"186 → 9EM","186: Patny → Kukatpally (7 stops) | 9EM: Kukatpally → Miyapur X Road (4 stops)"
"Bata","Sr Nagar",17.43600,78.49370,17.44027,78.44260,7.2,24,0,"10MN","10MN: Plaza → Sr Nagar (4 stops)"
"Bata","Begumpet",17.43600,78.49370,17.10805,78.55358,44.5,149,2,"251M/A → 8A/253M → 478","251M/A: Bata → Afzalgunj (6 stops) | 8A/253M: Afzalgunj → Imamguda (16 stops) | 478: Imamguda → Begumpet (7 stops)"
"Bata","Tolichowki",17.43600,78.49370,17.39924,78.41552,10.3,35,2,"37/8A → 5R → 116G","37/8A: Bata → Rbi Birlamandir (4 stops) | 5R: Rbi Birlamandir → Mahavir Hospital (3 stops) | 116G: Mahavir Hospital → Tolichowki (4 stops)"
"Bata","Kondapur",17.43600,78.49370,17.46392,78.36725,19.1,64,2,"100M → 104R/218 → 113Y/K","100M: Bata → Secretariat (5 stops) | 104R/218: Secretariat → Ameerpet (6 stops) | 113Y/K: Ameerpet → Kothaguda X Rd (17 stops)"
"Bata","Madhapur",17.43600,78.49370,17.63017,78.77482,42.4,142,1,"37/8A → 546","37/8A: Bata → Kushaiguda (9 stops) | 546: Kushaiguda → Madhapur (14 stops)"
"Bata","Shamshabad",17.43600,78.49370,17.26205,78.38824,23.6,79,0,"251M/A","251M/A: Bata → Shamshabad (14 stops)"
"Jntu X Rd","Secunderabad Railway Station",17.49672,78.39445,17.43426,78.50158,14,48,1,"198/224 → 219P","198/224: Jntu X Rd → Balanagar (5 stops) | 219P: Balanagar → Secunderabad Railway Station (6 stops)"
"Jntu X Rd","Afzalgunj",17.49672,78.39445,17.37331,78.47693,16.9,57,3,"224Z/M → 113K → 127N → 8","224Z/M: Jntu X Rd → Kukatpally (3 stops) | 113K: Kukatpally → Telephone Bhavan (7 stops) | 127N: Telephone Bhavan → Abids Grammar School (3 stops) | 8: Abids Grammar School → Afzalgunj (4 stops)"
"Jntu X Rd","Alugadda Bhavi",17.49672,78.39445,17.43531,78.51438,15.3,53,2,"198/224 → 219P → 186","198/224: Jntu X Rd → Balanagar (5 stops) | 219P: Balanagar → Secunderabad Railway Station (6 stops) | 186: Secunderabad Railway Station → Alugadda Bhavi (2 stops)"
"Jntu X Rd","Patny",17.49672,78.39445,17.44318,78.49625,12.8,44,1,"198/224 → 219P","198/224: Jntu X Rd → Balanagar (5 stops) | 219P: Balanagar → Patny (5 stops)"
"Jntu X Rd","Cbs",17.49672,78.39445,17.37823,78.48168,16.6,56,2,"224Z/M → 113K → 116G","224Z/M: Jntu X Rd → Kukatpally (3 stops) | 113K: Kukatpally → Telephone Bhavan (7 stops) | 116G: Assembly → Cbs (3 stops)"
"Jntu X Rd","Erragadda",17.49672,78.39445,17.45617,78.43378,6.3,22,1,"198/224 → 19MB","198/224: Jntu X Rd → Kukatpally (3 stops) | 19MB: Kukatpally → Erragadda (3 stops)"
"Jntu X Rd","Gajularamaram X Road",17.49672,78.39445,17.50941,78.44817,8.4,29,0,"171KJ","171KJ: Kphb → Gajularamaram X Road (14 stops)"
"Jntu X Rd","Jbs",17.49672,78.39445,17.44757,78.49664,14,48,1,"195JW → 500","195JW: Jntu X Rd → Jagadgirigutta Bus Station (5 stops) | 500: Jagadgirigutta Bus Station → Jublee Bus Station (2 stops)"
"Jntu X Rd","Hayathnagar Bus Station",17.49672,78.39445,17.32732,78.60489,35.6,119,3,"195JW → 500 → 290/186 → 72/208C","195JW: Jntu X Rd → Jagadgirigutta Bus Station (5 stops) | 500: Jagadgirigutta Bus Station → Uppal X Road (4 stops) | 290/186: Uppal X Road → Ganesh Temple (7 stops) | 72/208C: Ganesh Temple → Hayathnagar Bus Station (4 stops)"
"Jntu X Rd","Rathifile Bus Station",17.49672,78.39445,17.43457,78.50488,15.6,53,2,"195JW → 500 → 107JS","195JW: Jntu X Rd → Jagadgirigutta Bus Station (5 stops) | 500: Jagadgirigutta Bus Station → Jublee Bus Station (2 stops) | 107JS: Jublee Bus Station → Rathifile Bus Station (3 stops)"
"Jntu X Rd","Nampally Public Garoaden",17.49672,78.39445,17.39628,78.47082,14.2,48,1,"224Z/M → 113K","224Z/M: Jntu X Rd → Kukatpally (3 stops) | 113K: Kukatpally → Telephone Bhavan (7 stops)"
"Jntu X Rd","Lakdikapool",17.49672,78.39445,17.40361,78.46497,12.7,43,1,"224Z/M → 113K","224Z/M: Jntu X Rd → Kukatpally (3 stops) | 113K: Kukatpally → Khairatabad (6 stops)"
"Jntu X Rd","Ecil Bus Terminal",17.49672,78.39445,17.47253,78.57006,23.3,79,1,"171KJ → 290/186","171KJ: Kphb → Rythubazar-Jdm (16 stops) | 290/186: Rythubazar-Jdm → Kamala Nagar (2 stops)"
"Jntu X Rd","Secretariat",17.49672,78.39445,17.40812,78.47182,13.4,45,1,"224Z/M → 113K","224Z/M: Jntu X Rd → Kukatpally (3 stops) | 113K: Kukatpally → Telephone Bhavan (7 stops)"
"Jntu X Rd","Patancheruvu",17.49672,78.39445,17.52903,78.26428,15.2,52,0,"219/272G","219/272G: Jntu X Road → Patancheruvu (15 stops)"
"Jntu X Rd","Darul Shifa",17.49672,78.39445,17.37327,78.48299,17.6,59,3,"224Z/M → 113K → 127N → 8A","224Z/M: Jntu X Rd → Kukatpally (3 stops) | 113K: Kukatpally → Telephone Bhavan (7 stops) | 127N: Telephone Bhavan → Abids Grammar School (3 stops) | 8A: Abids Grammar School → Darul Shifa (5 stops)"
"Jntu X Rd","Plaza",17.49672,78.39445,17.44330,78.49066,13.7,46,2,"198/224 → 10JB → 47YN","198/224: Jntu X Rd → Kukatpally (3 stops) | 10JB: Kukatpally → Sr Nagar (4 stops) | 47YN: Sr Nagar → Plaza (4 stops)"
"Jntu X Rd","Bluesea Cafe",17.49672,78.39445,17.43713,78.50515,15.3,51,2,"195JW → 500 → 412","195JW: Jntu X Rd → Jagadgirigutta Bus Station (5 stops) | 500: Jagadgirigutta Bus Station → Jublee Bus Station (2 stops) | 412: Jublee Bus Station → Bluesea Cafe (2 stops)"
"Jntu X Rd","Tarnaka",17.49672,78.39445,17.42571,78.53223,18.3,62,1,"195JW → 500","195JW: Jntu X Rd → Jagadgirigutta Bus Station (5 stops) | 500: Jagadgirigutta Bus Station → Tarnaka (3 stops)"
"Jntu X Rd","Lb Nagar X Road",17.49672,78.39445,17.34699,78.55013,28.7,96,2,"195JW → 500 → 290/186","195JW: Jntu X Rd → Jagadgirigutta Bus Station (5 stops) | 500: Jagadgirigutta Bus Station → Uppal X Road (4 stops) | 290/186: Uppal X Road → Lb Nagar X Road (5 stops)"
"Jntu X Rd","Lingampally Bs",17.49672,78.39445,17.49485,78.31689,8.4,29,0,"219/272G","219/272G: Jntu X Road → Lingampally Bs (9 stops)"
"Jntu X Rd","Kukatpally",17.49672,78.39445,17.48385,78.41242,2.4,9,0,"198/224","198/224: Jntu X Rd → Kukatpally (3 stops)"
"Jntu X Rd","Jublee Bus Station",17.49672,78.39445,17.44761,78.49758,13.9,47,1,"195JW → 500","195JW: Jntu X Rd → Jagadgirigutta Bus Station (5 stops) | 500: Jagadgirigutta Bus Station → Jublee Bus Station (2 stops)"
"Jntu X Rd","Ibrahimpatnam Bus Station",17.49672,78.39445,17.19144,78.64766,48,161,3,"224Z/M → 113K → 127N → 277MP","224Z/M: Jntu X Rd → Kukatpally (3 stops) | 113K: Kukatpally → Telephone Bhavan (7 stops) | 127N: Telephone Bhavan → Abids Grammar School (3 stops) | 277MP: Abids Grammar School → Ibrahimpatnam Bus Station (30 stops)"
"Jntu X Rd","Prashanth Nagar",17.49672,78.39445,17.47378,78.42698,4.3,17,0,"198/224","198/224: Jntu X Rd → Prashanth Ngr (4 stops)"
"Jntu X Rd","Moosapet",17.49672,78.39445,17.47081,78.42668,4.3,15,1,"224Z/M → 113K","224Z/M: Jntu X Rd → Kukatpally (3 stops) | 113K: Kukatpally → Moosapet (2 stops)"
"Jntu X Rd","Cherlapally Bus Stand",17.49672,78.39445,17.46329,78.61145,28.4,95,3,"195JW → 500 → 203A/3K → 250C/R","195JW: Jntu X Rd → Jagadgirigutta Bus Station (5 stops) | 500: Jagadgirigutta Bus Station → Tarnaka (3 stops) | 203A/3K: Tarnaka → Mallapur (5 stops) | 250C/R: Mallapur → Cherlapally Bus Stand (4 stops)"
"Jntu X Rd","Koti Medical College",17.49672,78.39445,17.38310,78.48282,16,54,3,"224Z/M → 113K → 127N → 218I","224Z/M: Jntu X Rd → Kukatpally (3 stops) | 113K: Kukatpally → Telephone Bhavan (7 stops) | 127N: Telephone Bhavan → Abids Grammar School (3 stops) | 218I: Abids Grammar School → Koti Medical College (2 stops)"
"Jntu X Rd","Chadarghat",17.49672,78.39445,17.37722,78.49302,17.4,59,3,"224Z/M → 113K → 127N → 277MP","224Z/M: Jntu X Rd → Kukatpally (3 stops) | 113K: Kukatpally → Telephone Bhavan (7 stops) | 127N: Telephone Bhavan → Abids Grammar School (3 stops) | 277MP: Abids Grammar School → Chadarghat (3 stops)"
"Jntu X Rd","Kachiguda X Road",17.49672,78.39445,17.39069,78.48938,18.6,64,2,"224Z/M → 113K → 83/272","224Z/M: Jntu X Rd → Kukatpally (3 stops) | 113K: Kukatpally → Telephone Bhavan (7 stops) | 83/272: Telephone Bhavan → Kachiguda X Road (13 stops)"
"Jntu X Rd","Gandimaisamma",17.49672,78.39445,17.57508,78.42319,11.7,40,1,"10JP → 224G","10JP: Jntu X Rd → Pragathi Nagar (6 stops) | 224G: Vnr College → Gandimaisamma (7 stops)"
"Jntu X Rd","Mehdipatnam",17.49672,78.39445,17.39527,78.43980,13.9,47,1,"198/224 → 19KA","198/224: Jntu X Rd → Kukatpally (3 stops) | 19KA: Kukatpally → Mehdipatnam (7 stops)"
"Jntu X Rd","Bata",17.49672,78.39445,17.43600,78.49370,13.6,47,1,"198/224 → 219P","198/224: Jntu X Rd → Balanagar (5 stops) | 219P: Balanagar → Patny (5 stops)"
"Jntu X Rd","Super Bazar",17.49672,78.39445,17.37193,78.50992,19,64,3,"224Z/M → 113K → 127N → 277MP","224Z/M: Jntu X Rd → Kukatpally (3 stops) | 113K: Kukatpally → Telephone Bhavan (7 stops) | 127N: Telephone Bhavan → Abids Grammar School (3 stops) | 277MP: Abids Grammar School → Super Bazar (6 stops)"
"Jntu X Rd","Race Course",17.49672,78.39445,17.45076,78.48820,11.6,40,1,"198/224 → 219P","198/224: Jntu X Rd → Balanagar (5 stops) | 219P: Balanagar → Race Course (4 stops)"
"Jntu X Rd","Punjagutta",17.49672,78.39445,17.42645,78.45141,10.1,34,1,"198/224 → 19KA","198/224: Jntu X Rd → Kukatpally (3 stops) | 19KA: Kukatpally → Punjagutta (5 stops)"
"Jntu X Rd","Balanagar",17.49672,78.39445,17.46697,78.44626,6.5,22,0,"198/224","198/224: Jntu X Rd → Balanagar (5 stops)"
"Jntu X Rd","Chintal",17.49672,78.39445,17.49540,78.45210,9.6,32,0,"198/224","198/224: Jntu X Rd → Chintal (9 stops)"
"Jntu X Rd","Nanal Nagar",17.49672,78.39445,17.39620,78.42700,14.6,49,1,"113K/L → 49MG","113K/L: Jntu X Rd → Biodiversity (6 stops) | 49MG: Biodiversity → Nanal Nagar (7 stops)"
"Jntu X Rd","Abids Gpo",17.49672,78.39445,17.38757,78.47617,17,57,2,"224Z/M → 113K → 127N","224Z/M: Jntu X Rd → Kukatpally (3 stops) | 113K: Kukatpally → Telephone Bhavan (7 stops) | 127N: Telephone Bhavan → Abids Gpo (6 stops)"
"Jntu X Rd","Kachiguda Railway Station",17.49672,78.39445,17.38950,78.49726,17.4,61,2,"224Z/M → 113K → 83/272","224Z/M: Jntu X Rd → Kukatpally (3 stops) | 113K: Kukatpally → Telephone Bhavan (7 stops) | 83/272: Telephone Bhavan → Tourist Hotel (11 stops)"
"Jntu X Rd","Ghatkesar Bus Station",17.49672,78.39445,17.45213,78.68231,36.4,122,1,"195JW → 500","195JW: Jntu X Rd → Jagadgirigutta Bus Station (5 stops) | 500: Jagadgirigutta Bus Station → Ghatkesar Bus Station (5 stops)"
"Jntu X Rd","Chengicherla",17.49672,78.39445,17.43313,78.60845,28.4,95,3,"195JW → 500 → 3N → 50B","195JW: Jntu X Rd → Jagadgirigutta Bus Station (5 stops) | 500: Jagadgirigutta Bus Station → Tarnaka (3 stops) | 3N: Tarnaka → Ts Food X Road (7 stops) | 50B: Ts Food X Road → Chengicherla (8 stops)"
"Jntu X Rd","Quthbullapur X Rd",17.49672,78.39445,17.49890,78.45176,10,34,0,"198/224","198/224: Jntu X Rd → Quthbullapur X Rd (10 stops)"
"Jntu X Rd","Shapur Nagar",17.49672,78.39445,17.51600,78.44690,9,31,0,"171KJ","171KJ: Kphb → Shapur Nagar (15 stops)"
"Jntu X Rd","Panama Godown",17.49672,78.39445,17.33840,78.56864,30.9,104,2,"195JW → 500 → 290/186","195JW: Jntu X Rd → Jagadgirigutta Bus Station (5 stops) | 500: Jagadgirigutta Bus Station → Uppal X Road (4 stops) | 290/186: Uppal X Road → Panama Godown (6 stops)"
"Jntu X Rd","Gachibowli X Road",17.49672,78.39445,17.43903,78.36295,7.6,27,0,"AJ","AJ: Jntu X Rd → Gachibowli Orr (3 stops)"
"Jntu X Rd","Abids Grammar School",17.49672,78.39445,17.39333,78.47625,14.7,49,2,"224Z/M → 113K → 127N","224Z/M: Jntu X Rd → Kukatpally (3 stops) | 113K: Kukatpally → Telephone Bhavan (7 stops) | 127N: Telephone Bhavan → Abids Grammar School (3 stops)"
"Jntu X Rd","Dilsukhnagar",17.49672,78.39445,17.36862,78.52366,20.6,69,3,"224Z/M → 113K → 127N → 277MP","224Z/M: Jntu X Rd → Kukatpally (3 stops) | 113K: Kukatpally → Telephone Bhavan (7 stops) | 127N: Telephone Bhavan → Abids Grammar School (3 stops) | 277MP: Abids Grammar School → Dilsukhnagar (8 stops)"
"Jntu X Rd","Sathamrai",17.49672,78.39445,17.27452,78.40118,31.1,104,2,"AJ → 315 → 251","AJ: Jntu X Rd → Gachibowli Orr (3 stops) | 315: Gachibowli Orr → Shamshabad (4 stops) | 251: Shamshabad → Sathamrai (2 stops)"
"Jntu X Rd","Gajularam X Road",17.49672,78.39445,17.51010,78.44771,8.4,28,0,"171KJ","171KJ: Kphb → Gajularam X Road (14 stops)"
"Jntu X Rd","Rc Puram",17.49672,78.39445,17.51362,78.28780,12.2,42,0,"219/272G","219/272G: Jntu X Road → Rc Puram (13 stops)"
"Jntu X Rd","Kphb",17.49672,78.39445,17.49456,78.40081,0.7,3,0,"",""
"Jntu X Rd","Pisal Banda",17.49672,78.39445,17.33995,78.50379,28.4,98,3,"113K/L → 49MG → 471/92C → 300/532","113K/L: Jntu X Rd → Biodiversity (6 stops) | 49MG: Biodiversity → Nanal Nagar (7 stops) | 471/92C: Nanal Nagar → Hashamabad (2 stops) | 300/532: Hashamabad → Pisalbanda (3 stops)"
"Jntu X Rd","Police Lines",17.49672,78.39445,17.44365,78.47499,12,41,2,"198/224 → 19MB → 10JB","198/224: Jntu X Rd → Kukatpally (3 stops) | 19MB: Kukatpally → Rj College (5 stops) | 10JB: Rj College → Police Lines (2 stops)"
"Jntu X Rd","Uppal X Road",17.49672,78.39445,17.40126,78.56007,22.4,75,1,"195JW → 500","195JW: Jntu X Rd → Jagadgirigutta Bus Station (5 stops) | 500: Jagadgirigutta Bus Station → Uppal X Road (4 stops)"
"Jntu X Rd","Boats Club",17.49672,78.39445,17.42644,78.48664,15.9,54,2,"224Z/M → 113K → 5K","224Z/M: Jntu X Rd → Kukatpally (3 stops) | 113K: Kukatpally → Telephone Bhavan (7 stops) | 5K: Telephone Bhavan → Boats Club (3 stops)"
"Jntu X Rd","Womens College",17.49672,78.39445,17.38481,78.48762,16.4,56,2,"224Z/M → 113K → 127N","224Z/M: Jntu X Rd → Kukatpally (3 stops) | 113K: Kukatpally → Telephone Bhavan (7 stops) | 127N: Telephone Bhavan → Koti Bank Strret (4 stops)"
"Jntu X Rd","Hydernagar",17.49672,78.39445,17.49919,78.38352,1.3,5,0,"219/272G","219/272G: Jntu X Road → Hydernagar (2 stops)"
"Jntu X Rd","Charminar",17.49672,78.39445,17.35868,78.47403,19.8,67,3,"224Z/M → 113K → 127N → 8A","224Z/M: Jntu X Rd → Kukatpally (3 stops) | 113K: Kukatpally → Telephone Bhavan (7 stops) | 127N: Telephone Bhavan → Abids Grammar School (3 stops) | 8A: Abids Grammar School → Charminar (9 stops)"
"Jntu X Rd","Hitech City",17.49672,78.39445,17.44995,78.38257,5.6,19,0,"AJ","AJ: Jntu X Rd → Shilparamam (2 stops)"
"Jntu X Rd","Ameerpet",17.49672,78.39445,17.43155,78.44765,9.1,31,1,"224Z/M → 113K","224Z/M: Jntu X Rd → Kukatpally (3 stops) | 113K: Kukatpally → Sr Nagar (4 stops)"
"Jntu X Rd","Gandipet X Road",17.49672,78.39445,17.38500,78.33100,16.2,54,2,"AJ → 316 → 120","AJ: Jntu X Rd → Gachibowli Orr (3 stops) | 316: Gachibowli Orr → Manchirevula X Road (4 stops) | 120: Manchirevula X Road → Gandipet X Road (4 stops)"
"Jntu X Rd","Gachibowli",17.49672,78.39445,17.43966,78.36356,7.6,28,0,"AJ","AJ: Jntu X Rd → Gachibowli Orr (3 stops)"
"Jntu X Rd","Miyapur",17.49672,78.39445,17.49669,78.36077,4,14,0,"219/272G","219/272G: Jntu X Road → Miyapur (4 stops)"
"Jntu X Rd","Sr Nagar",17.49672,78.39445,17.44027,78.44260,8,27,1,"198/224 → 19MB","198/224: Jntu X Rd → Kukatpally (3 stops) | 19MB: Kukatpally → Sr Nagar (4 stops)"
"Jntu X Rd","Begumpet",17.49672,78.39445,17.10805,78.55358,56.2,191,2,"AJ → 255 → 478","AJ: Jntu X Rd → Rgi Airport (4 stops) | 255: Rgi Airport → Tukkuguda (3 stops) | 478: Tukkuguda → Begumpet (8 stops)"
"Jntu X Rd","Tolichowki",17.49672,78.39445,17.39924,78.41552,13.3,45,1,"113K/L → 49MG","113K/L: Jntu X Rd → Biodiversity (6 stops) | 49MG: Biodiversity → Tolichowki (6 stops)"
"Jntu X Rd","Kondapur",17.49672,78.39445,17.46392,78.36725,7.1,27,1,"AJ → 222A","AJ: Jntu X Rd → Shilparamam (2 stops) | 222A: Hitex → Kondapur (4 stops)"
"Jntu X Rd","Shamshabad",17.49672,78.39445,17.26205,78.38824,29.2,98,1,"AJ → 315","AJ: Jntu X Rd → Gachibowli Orr (3 stops) | 315: Gachibowli Orr → Shamshabad (4 stops)"
"Super Bazar","Secunderabad Railway Station",17.37193,78.50992,17.43426,78.50158,12.4,42,1,"72D → AA","72D: Super Bazar → Nampally Railway Station (7 stops) | AA: Nampally Railway Station → Secunderabad Railway Station (6 stops)"
"Super Bazar","Afzalgunj",17.37193,78.50992,17.37331,78.47693,3.7,13,1,"100V/208 → 277S","100V/208: Super Bazar → Mgbs Exit (3 stops) | 277S: Mgbs Exit → Afzalgunj (2 stops)"
"Super Bazar","Alugadda Bhavi",17.37193,78.50992,17.43531,78.51438,9.7,35,1,"107VS → 16/20","107VS: Moosarambagh → New Bridge (3 stops) | 16/20: New Bridge → Alugadda Bhavi (2 stops)"
"Super Bazar","Patny",17.37193,78.50992,17.44318,78.49625,11.6,39,1,"72D → 8A/67L","72D: Super Bazar → Nampally Railway Station (7 stops) | 8A/67L: Nampally Railway Station → Bata (8 stops)"
"Super Bazar","Cbs",17.37193,78.50992,17.37823,78.48168,4,14,0,"72D","72D: Super Bazar → Koti Medical College (5 stops)"
"Super Bazar","Erragadda",17.37193,78.50992,17.45617,78.43378,13.5,46,0,"72D","72D: Super Bazar → Erragadda (21 stops)"
"Super Bazar","Gajularamaram X Road",17.37193,78.50992,17.50941,78.44817,22.8,77,1,"72D → 171SM","72D: Super Bazar → Moosapet (23 stops) | 171SM: Moosapet → Gajularamaram X Road (9 stops)"
"Super Bazar","Jbs",17.37193,78.50992,17.44757,78.49664,12.3,41,2,"72D → 8A/67L → 24B","72D: Super Bazar → Nampally Railway Station (7 stops) | 8A/67L: Nampally Railway Station → Bata (8 stops) | 24B: Bata → Jbs (2 stops)"
"Super Bazar","Hayathnagar Bus Station",17.37193,78.50992,17.32732,78.60489,12.6,42,0,"72/208C","72/208C: Super Bazar → Hayathnagar Bus Station (17 stops)"
"Super Bazar","Rathifile Bus Station",17.37193,78.50992,17.43457,78.50488,9.7,33,2,"72D → 65K/123 → 2U","72D: Super Bazar → Chadarghat (3 stops) | 65K/123: Chadarghat → Kachiguda Railway Station (2 stops) | 2U: Kachiguda Railway Station → Rathifile Bus Station (13 stops)"
"Super Bazar","Nampally Public Garoaden",17.37193,78.50992,17.39628,78.47082,5.6,19,0,"72D","72D: Super Bazar → Nampally Public Garoaden (8 stops)"
"Super Bazar","Lakdikapool",17.37193,78.50992,17.40361,78.46497,6.7,23,0,"72D","72D: Super Bazar → Lakdikapool (10 stops)"
"Super Bazar","Ecil Bus Terminal",17.37193,78.50992,17.47253,78.57006,16.8,57,3,"72D → 65K/123 → 2U → 3K/251","72D: Super Bazar → Chadarghat (3 stops) | 65K/123: Chadarghat → Kachiguda Railway Station (2 stops) | 2U: Kachiguda Railway Station → Shankar Matt (3 stops) | 3K/251: Shankar Matt → Ecil Bus Terminal (18 stops)"
"Super Bazar","Secretariat",17.37193,78.50992,17.40812,78.47182,6.9,23,1,"72D → 277S","72D: Super Bazar → Nampally Railway Station (7 stops) | 277S: Nampally Railway Station → Secretariat (2 stops)"
"Super Bazar","Patancheruvu",17.37193,78.50992,17.52903,78.26428,35.1,117,0,"72D","72D: Super Bazar → Patancheruvu (48 stops)"
"Super Bazar","Darul Shifa",17.37193,78.50992,17.37327,78.48299,3.1,11,0,"100V/208","100V/208: Super Bazar → Darul Shifa (4 stops)"
"Super Bazar","Plaza",17.37193,78.50992,17.44330,78.49066,11.5,39,2,"72D → 8A/67L → 8/26S","72D: Super Bazar → Nampally Railway Station (7 stops) | 8A/67L: Nampally Railway Station → Middle Tank Bund (5 stops) | 8/26S: Middle Tank Bund → Plaza (5 stops)"
"Super Bazar","Bluesea Cafe",17.37193,78.50992,17.43713,78.50515,10,34,2,"72D → 65K/123 → 2U","72D: Super Bazar → Chadarghat (3 stops) | 65K/123: Chadarghat → Kachiguda Railway Station (2 stops) | 2U: Kachiguda Railway Station → Rathifile Bus Station (13 stops)"
"Super Bazar","Tarnaka",17.37193,78.50992,17.42571,78.53223,8.8,30,3,"72D → 65K/123 → 2U → 3K/251","72D: Super Bazar → Chadarghat (3 stops) | 65K/123: Chadarghat → Kachiguda Railway Station (2 stops) | 2U: Kachiguda Railway Station → Shankar Matt (3 stops) | 3K/251: Shankar Matt → Tarnaka (6 stops)"
"Super Bazar","Lb Nagar X Road",17.37193,78.50992,17.34699,78.55013,5.7,20,0,"72/208C","72/208C: Super Bazar → Lb Nagar X Road (8 stops)"
"Super Bazar","Lingampally Bs",17.37193,78.50992,17.49485,78.31689,28.2,95,0,"72D","72D: Super Bazar → Lingampally Bs (41 stops)"
"Super Bazar","Kukatpally",17.37193,78.50992,17.48385,78.41242,17.4,59,0,"72D","72D: Super Bazar → Kukatpally (26 stops)"
"Super Bazar","Jublee Bus Station",17.37193,78.50992,17.44761,78.49758,11.5,39,3,"72D → 65K/123 → 2U → 2J","72D: Super Bazar → Chadarghat (3 stops) | 65K/123: Chadarghat → Kachiguda Railway Station (2 stops) | 2U: Kachiguda Railway Station → Rathifile Bus Station (13 stops) | 2J: Rathifile Bus Station → Jublee Bus Station (3 stops)"
"Super Bazar","Ibrahimpatnam Bus Station",17.37193,78.50992,17.19144,78.64766,28.2,96,0,"443","443: Super Bazar → Ibrahimpatnam Bus Station (17 stops)"
"Super Bazar","Prashanth Nagar",17.37193,78.50992,17.47378,78.42698,15.6,56,0,"72D","72D: Super Bazar → Moosapet (23 stops)"
"Super Bazar","Moosapet",17.37193,78.50992,17.47081,78.42668,15.3,52,0,"72D","72D: Super Bazar → Moosapet (23 stops)"
"Super Bazar","Cherlapally Bus Stand",17.37193,78.50992,17.46329,78.61145,23.7,80,3,"72D → 65K/123 → 2U → 3K/251","72D: Super Bazar → Chadarghat (3 stops) | 65K/123: Chadarghat → Kachiguda Railway Station (2 stops) | 2U: Kachiguda Railway Station → Shankar Matt (3 stops) | 3K/251: Shankar Matt → Cherlapally Bus Stand (23 stops)"
"Super Bazar","Koti Medical College",17.37193,78.50992,17.38310,78.48282,3.5,12,0,"72D","72D: Super Bazar → Koti Medical College (5 stops)"
"Super Bazar","Chadarghat",17.37193,78.50992,17.37722,78.49302,1.9,7,0,"72D","72D: Super Bazar → Chadarghat (3 stops)"
"Super Bazar","Kachiguda X Road",17.37193,78.50992,17.39069,78.48938,4.2,14,1,"72D → 65K/123","72D: Super Bazar → Chadarghat (3 stops) | 65K/123: Chadarghat → Kachiguda Railway Station (2 stops)"
"Super Bazar","Gandimaisamma",17.37193,78.50992,17.57508,78.42319,20.1,67,1,"72/208C → 524","72/208C: Super Bazar → Hayathnagar Bus Station (17 stops) | 524: Hayathnagar Bus Station → Gandimaisamma (5 stops)"
"Super Bazar","Mehdipatnam",17.37193,78.50992,17.39527,78.43980,8.4,29,1,"72D → 116N","72D: Super Bazar → Koti Medical College (5 stops) | 116N: Koti Medical College → Mehdipatnam (8 stops)"
"Super Bazar","Bata",17.37193,78.50992,17.43600,78.49370,10.8,36,1,"72D → 8A/67L","72D: Super Bazar → Nampally Railway Station (7 stops) | 8A/67L: Nampally Railway Station → Bata (8 stops)"
"Super Bazar","Jntu X Rd",17.37193,78.50992,17.49672,78.39445,19.9,67,0,"72D","72D: Super Bazar → Jntu X Road (29 stops)"
"Super Bazar","Race Course",17.37193,78.50992,17.45076,78.48820,12.4,42,2,"72D → 8A/67L → 8/26S","72D: Super Bazar → Nampally Railway Station (7 stops) | 8A/67L: Nampally Railway Station → Middle Tank Bund (5 stops) | 8/26S: Middle Tank Bund → Race Course (6 stops)"
"Super Bazar","Punjagutta",17.37193,78.50992,17.42645,78.45141,9.7,33,0,"72D","72D: Super Bazar → Punjagutta (15 stops)"
"Super Bazar","Balanagar",17.37193,78.50992,17.46697,78.44626,18.1,61,1,"72D → 9X","72D: Super Bazar → Moosapet (23 stops) | 9X: Moosapet → Balanagar (3 stops)"
"Super Bazar","Chintal",17.37193,78.50992,17.49540,78.45210,21.2,71,1,"72D → 9X","72D: Super Bazar → Moosapet (23 stops) | 9X: Moosapet → Chintal (7 stops)"
"Super Bazar","Nanal Nagar",17.37193,78.50992,17.39620,78.42700,9.9,33,1,"72D → 216","72D: Super Bazar → Koti Medical College (5 stops) | 216: Koti Medical College → Nanal Nagar (9 stops)"
"Super Bazar","Abids Gpo",17.37193,78.50992,17.38757,78.47617,4.3,15,0,"72D","72D: Super Bazar → Abids Gpo (6 stops)"
"Super Bazar","Kachiguda Railway Station",17.37193,78.50992,17.38950,78.49726,3.3,12,1,"72D → 65K/123","72D: Super Bazar → Chadarghat (3 stops) | 65K/123: Chadarghat → Kachiguda Railway Station (2 stops)"
"Super Bazar","Ghatkesar Bus Station",17.37193,78.50992,17.45213,78.68231,23.1,79,3,"443 → 100M/K → 90D → 549","443: Super Bazar → Dilsukhnagar (2 stops) | 100M/K: Dilsukhnagar → Satya Nagar (4 stops) | 90D: Satya Nagar → Uppal X Road (4 stops) | 549: Uppal X Road → Ghatkesar Bus Station (3 stops)"
"Super Bazar","Quthbullapur X Rd",17.37193,78.50992,17.49890,78.45176,21.6,72,1,"72D → 9X","72D: Super Bazar → Moosapet (23 stops) | 9X: Moosapet → Quthbullapur X Rd (8 stops)"
"Super Bazar","Shapur Nagar",17.37193,78.50992,17.51600,78.44690,23.5,79,1,"72D → 9M/X","72D: Super Bazar → Moosapet (23 stops) | 9M/X: Moosapet → Shapur Nagar (10 stops)"
"Super Bazar","Panama Godown",17.37193,78.50992,17.33840,78.56864,8,28,1,"443 → 524","443: Super Bazar → Dwaraka Nagar Ashtalakshmi Temple (3 stops) | 524: Dwaraka Nagar Ashtalakshmi Temple → Panama Godown (5 stops)"
"Super Bazar","Gachibowli X Road",17.37193,78.50992,17.43903,78.36295,18.3,61,1,"72D → 116N/220K","72D: Super Bazar → Koti Medical College (5 stops) | 116N/220K: Koti Medical College → Gachibowli X Road (17 stops)"
"Super Bazar","Abids Grammar School",17.37193,78.50992,17.39333,78.47625,6.4,22,1,"72D → 1M/D","72D: Super Bazar → Nampally Railway Station (7 stops) | 1M/D: Nampally Railway Station → Abids Grammar School (3 stops)"
"Super Bazar","Dilsukhnagar",17.37193,78.50992,17.36862,78.52366,1.5,5,0,"72/208C","72/208C: Super Bazar → Dilsukhnagar (3 stops)"
"Super Bazar","Sathamrai",17.37193,78.50992,17.27452,78.40118,18.1,61,1,"100V/208 → 8R/251M/A","100V/208: Super Bazar → Highcourt Madina (6 stops) | 8R/251M/A: Highcourt Madina → Sathamrai (10 stops)"
"Super Bazar","Gajularam X Road",17.37193,78.50992,17.51010,78.44771,22.9,77,1,"72D → 9M/X","72D: Super Bazar → Moosapet (23 stops) | 9M/X: Moosapet → Gajularam X Road (9 stops)"
"Super Bazar","Rc Puram",17.37193,78.50992,17.51362,78.28780,32,107,0,"72D","72D: Super Bazar → Rc Puram (45 stops)"
"Super Bazar","Kphb",17.37193,78.50992,17.49456,78.40081,19.2,65,0,"72D","72D: Super Bazar → Kphb Metro Station (28 stops)"
"Super Bazar","Pisal Banda",17.37193,78.50992,17.33995,78.50379,5.2,19,1,"72D → 102/253C","72D: Super Bazar → Nalgonda X Roads (2 stops) | 102/253C: Nalgonda X Roads → Pisal Banda (9 stops)"
"Super Bazar","Police Lines",17.37193,78.50992,17.44365,78.47499,13.5,49,1,"72D → 49","72D: Super Bazar → Chinthal Basthi (11 stops) | 49: Chinthal Basthi → Prakash Nagar (10 stops)"
"Super Bazar","Uppal X Road",17.37193,78.50992,17.40126,78.56007,8.8,31,2,"443 → 100M/K → 90D","443: Super Bazar → Dilsukhnagar (2 stops) | 100M/K: Dilsukhnagar → Satya Nagar (4 stops) | 90D: Satya Nagar → Uppal X Road (4 stops)"
"Super Bazar","Boats Club",17.37193,78.50992,17.42644,78.48664,9.7,33,1,"72D → 8A/67L","72D: Super Bazar → Nampally Railway Station (7 stops) | 8A/67L: Nampally Railway Station → Boats Club (6 stops)"
"Super Bazar","Womens College",17.37193,78.50992,17.38481,78.48762,2.9,10,0,"72D","72D: Super Bazar → Womens College (4 stops)"
"Super Bazar","Hydernagar",17.37193,78.50992,17.49919,78.38352,21,71,0,"72D","72D: Super Bazar → Hydernagar (32 stops)"
"Super Bazar","Charminar",17.37193,78.50992,17.35868,78.47403,5,17,1,"100V/208 → 253M","100V/208: Super Bazar → Darul Shifa (4 stops) | 253M: Darul Shifa → Charminar (2 stops)"
"Super Bazar","Hitech City",17.37193,78.50992,17.44995,78.38257,18.6,63,1,"72D → 222A","72D: Super Bazar → Lakdikapool (10 stops) | 222A: Lakdikapool → Hitech City (16 stops)"
"Super Bazar","Ameerpet",17.37193,78.50992,17.43155,78.44765,10.4,35,0,"72D","72D: Super Bazar → Ameerpet (17 stops)"
"Super Bazar","Gandipet X Road",17.37193,78.50992,17.38500,78.33100,21.7,73,3,"72D → 216 → 65M/123 → 505","72D: Super Bazar → Koti Medical College (5 stops) | 216: Koti Medical College → Tolichowki (10 stops) | 65M/123: Tolichowki → Narsingi (9 stops) | 505: Narsingi → Gandipet X Road (4 stops)"
"Super Bazar","Gachibowli",17.37193,78.50992,17.43966,78.36356,18.4,63,1,"72D → 116N/220K","72D: Super Bazar → Koti Medical College (5 stops) | 116N/220K: Koti Medical College → Gachibowli X Road (17 stops)"
"Super Bazar","Miyapur",17.37193,78.50992,17.49669,78.36077,23.8,80,0,"72D","72D: Super Bazar → Miyapur (35 stops)"
"Super Bazar","Sr Nagar",17.37193,78.50992,17.44027,78.44260,11.9,40,0,"72D","72D: Super Bazar → Sr Nagar (19 stops)"
"Super Bazar","Begumpet",17.37193,78.50992,17.10805,78.55358,39.1,132,2,"72D → 102/253C → 478","72D: Super Bazar → Nalgonda X Roads (2 stops) | 102/253C: Nalgonda X Roads → Tukkuguda (20 stops) | 478: Tukkuguda → Begumpet (8 stops)"
"Super Bazar","Tolichowki",17.37193,78.50992,17.39924,78.41552,11.1,37,1,"72D → 216","72D: Super Bazar → Koti Medical College (5 stops) | 216: Koti Medical College → Tolichowki (10 stops)"
"Super Bazar","Kondapur",17.37193,78.50992,17.46392,78.36725,21.1,71,1,"72D → 222A","72D: Super Bazar → Lakdikapool (10 stops) | 222A: Lakdikapool → Kondapur (21 stops)"
"Super Bazar","Madhapur",17.37193,78.50992,17.63017,78.77482,33.8,114,2,"443 → 277P → 486","443: Super Bazar → Mangalpally X Road (14 stops) | 277P: Mangalpally X Road → Yeliminedu (7 stops) | 486: Yeliminedu → Madhapur (2 stops)"
"Super Bazar","Shamshabad",17.37193,78.50992,17.26205,78.38824,20.1,67,1,"100V/208 → 8R/251M/A","100V/208: Super Bazar → Highcourt Madina (6 stops) | 8R/251M/A: Highcourt Madina → Shamshabad (11 stops)"
"Race Course","Secunderabad Railway Station",17.45076,78.48820,17.43426,78.50158,2.3,8,0,"219P","219P: Race Course → Secunderabad Railway Station (3 stops)"
"Race Course","Afzalgunj",17.45076,78.48820,17.37331,78.47693,9.3,32,1,"498K → 7Z/449","498K: Race Course → Paradise (2 stops) | 7Z/449: Paradise → Afzalgunj (11 stops)"
"Race Course","Alugadda Bhavi",17.45076,78.48820,17.43531,78.51438,3.8,13,0,"29B/250C","29B/250C: Race Course → Alugaddabavi (6 stops)"
"Race Course","Patny",17.45076,78.48820,17.44318,78.49625,1.1,4,0,"186","186: Race Course → Patny (2 stops)"
"Race Course","Cbs",17.45076,78.48820,17.37823,78.48168,8.6,29,1,"498K → 7Z/449","498K: Race Course → Paradise (2 stops) | 7Z/449: Paradise → Cbs (10 stops)"
"Race Course","Erragadda",17.45076,78.48820,17.45617,78.43378,8.2,28,0,"10MN","10MN: Plaza → Erragadda (5 stops)"
"Race Course","Gajularamaram X Road",17.45076,78.48820,17.50941,78.44817,10.1,34,0,"250C/30","250C/30: Race Course → Gajularamaram X Road (14 stops)"
"Race Course","Jbs",17.45076,78.48820,17.44757,78.49664,1.5,6,0,"186","186: Race Course → Patny (2 stops)"
"Race Course","Hayathnagar Bus Station",17.45076,78.48820,17.32732,78.60489,22.4,75,2,"29B/250C → 113T/L → 290U/F","29B/250C: Race Course → Tarnaka (8 stops) | 113T/L: Tarnaka → Survey Of India (3 stops) | 290U/F: Survey Of India → Hayathnagar Bus Station (13 stops)"
"Race Course","Rathifile Bus Station",17.45076,78.48820,17.43457,78.50488,2.7,9,0,"219P","219P: Race Course → Secunderabad Railway Station (3 stops)"
"Race Course","Nampally Public Garoaden",17.45076,78.48820,17.39628,78.47082,10,34,2,"498K → 7Z/449 → 218I","498K: Race Course → Paradise (2 stops) | 7Z/449: Paradise → Koti Medical College (9 stops) | 218I: Koti Medical College → Nampally Public Garoaden (3 stops)"
"Race Course","Lakdikapool",17.45076,78.48820,17.40361,78.46497,6.2,21,2,"498K → 8C → 5R","498K: Race Course → Paradise (2 stops) | 8C: Paradise → Tankbund (4 stops) | 5R: Tankbund → Lakdikapool (3 stops)"
"Race Course","Ecil Bus Terminal",17.45076,78.48820,17.47253,78.57006,13.1,44,1,"29B/250C → 17D","29B/250C: Race Course → Alugaddabavi (6 stops) | 17D: Alugaddabavi → Ecil Bus Terminal (7 stops)"
"Race Course","Secretariat",17.45076,78.48820,17.40812,78.47182,5.3,18,1,"498K → 113KP","498K: Race Course → Paradise (2 stops) | 113KP: Paradise → Secretariat (5 stops)"
"Race Course","Patancheruvu",17.45076,78.48820,17.52903,78.26428,26.8,92,1,"431 → 219/272G","431: Race Course → Hydernagar (8 stops) | 219/272G: Hydernagar → Patancheruvu (14 stops)"
"Race Course","Darul Shifa",17.45076,78.48820,17.37327,78.48299,10,34,1,"498K → 7Z/449","498K: Race Course → Paradise (2 stops) | 7Z/449: Paradise → Afzalgunj (11 stops)"
"Race Course","Plaza",17.45076,78.48820,17.44330,78.49066,0.9,3,0,"",""
"Race Course","Bluesea Cafe",17.45076,78.48820,17.43713,78.50515,2.7,10,0,"29B/250C","29B/250C: Race Course → Bluesea Cafe (5 stops)"
"Race Course","Tarnaka",17.45076,78.48820,17.42571,78.53223,6,21,0,"29B/250C","29B/250C: Race Course → Tarnaka (8 stops)"
"Race Course","Lb Nagar X Road",17.45076,78.48820,17.34699,78.55013,16.3,55,2,"29B/250C → 113T/L → 290U/F","29B/250C: Race Course → Tarnaka (8 stops) | 113T/L: Tarnaka → Survey Of India (3 stops) | 290U/F: Survey Of India → Lb Nagar X Road (7 stops)"
"Race Course","Lingampally Bs",17.45076,78.48820,17.49485,78.31689,19.9,69,1,"431 → 219/272G","431: Race Course → Hydernagar (8 stops) | 219/272G: Hydernagar → Lingampally Bs (8 stops)"
"Race Course","Kukatpally",17.45076,78.48820,17.48385,78.41242,9.2,33,0,"431","431: Race Course → Kukatpally (6 stops)"
"Race Course","Jublee Bus Station",17.45076,78.48820,17.44761,78.49758,2.5,9,0,"511","511: Tadbund → Jublee Bus Station (2 stops)"
"Race Course","Ibrahimpatnam Bus Station",17.45076,78.48820,17.19144,78.64766,38.6,129,2,"29B/250C → 113T/L → 279U","29B/250C: Race Course → Tarnaka (8 stops) | 113T/L: Tarnaka → Survey Of India (3 stops) | 279U: Survey Of India → Ibrahimpatnam Bus Station (22 stops)"
"Race Course","Prashanth Nagar",17.45076,78.48820,17.47378,78.42698,7.3,27,0,"431","431: Race Course → Prashanth Nagar (5 stops)"
"Race Course","Moosapet",17.45076,78.48820,17.47081,78.42668,7.5,28,0,"431","431: Race Course → Prashanth Nagar (5 stops)"
"Race Course","Cherlapally Bus Stand",17.45076,78.48820,17.46329,78.61145,16.5,56,0,"29B/250C","29B/250C: Race Course → Cherlapally Bus Stand (23 stops)"
"Race Course","Koti Medical College",17.45076,78.48820,17.38310,78.48282,8,27,1,"498K → 7Z/449","498K: Race Course → Paradise (2 stops) | 7Z/449: Paradise → Koti Medical College (9 stops)"
"Race Course","Chadarghat",17.45076,78.48820,17.37722,78.49302,9.4,32,2,"498K → 7Z/449 → 277MP","498K: Race Course → Paradise (2 stops) | 7Z/449: Paradise → Abids Grammar School (7 stops) | 277MP: Abids Grammar School → Chadarghat (3 stops)"
"Race Course","Kachiguda X Road",17.45076,78.48820,17.39069,78.48938,7.9,27,2,"219P → 219 → 1J","219P: Race Course → Secunderabad Railway Station (3 stops) | 219: Secunderabad Railway Station → Rtc X Roads (6 stops) | 1J: Rtc X Roads → Kachiguda X Road (5 stops)"
"Race Course","Gandimaisamma",17.45076,78.48820,17.57508,78.42319,17.9,60,1,"250C/30 → 83/272","250C/30: Race Course → Jeedimetla Substation (16 stops) | 83/272: Jeedimetla Substation → Gandimaisamma (5 stops)"
"Race Course","Mehdipatnam",17.45076,78.48820,17.39527,78.43980,9.1,31,2,"498K → 8C → 5R","498K: Race Course → Paradise (2 stops) | 8C: Paradise → Tankbund (4 stops) | 5R: Tankbund → Mehdipatnam (7 stops)"
"Race Course","Bata",17.45076,78.48820,17.43600,78.49370,2,7,0,"219P","219P: Race Course → Patny (2 stops)"
"Race Course","Jntu X Rd",17.45076,78.48820,17.49672,78.39445,11.6,42,0,"431","431: Race Course → Kphb Metro Station (7 stops)"
"Race Course","Super Bazar",17.45076,78.48820,17.37193,78.50992,10.9,37,2,"498K → 7Z/449 → 277MP","498K: Race Course → Paradise (2 stops) | 7Z/449: Paradise → Abids Grammar School (7 stops) | 277MP: Abids Grammar School → Super Bazar (6 stops)"
"Race Course","Punjagutta",17.45076,78.48820,17.42645,78.45141,5.8,20,1,"10K/S → 147","10K/S: Plaza → Rj College (3 stops) | 147: Rj College → Punjagutta (2 stops)"
"Race Course","Balanagar",17.45076,78.48820,17.46697,78.44626,5.2,20,0,"431","431: Race Course → Balanagar (4 stops)"
"Race Course","Chintal",17.45076,78.48820,17.49540,78.45210,8.5,29,0,"171Y","171Y: Race Course → Chintal (12 stops)"
"Race Course","Nanal Nagar",17.45076,78.48820,17.39620,78.42700,10.5,36,3,"498K → 8C → 5R → 113M/217","498K: Race Course → Paradise (2 stops) | 8C: Paradise → Tankbund (4 stops) | 5R: Tankbund → Mehdipatnam (7 stops) | 113M/217: Mehdipatnam → Nanal Nagar (2 stops)"
"Race Course","Abids Gpo",17.45076,78.48820,17.38757,78.47617,7.3,25,2,"498K → 7Z → 85M","498K: Race Course → Paradise (2 stops) | 7Z: Paradise → Basheer Bagh (6 stops) | 85M: Basheer Bagh → Abids Gpo (2 stops)"
"Race Course","Kachiguda Railway Station",17.45076,78.48820,17.38950,78.49726,8.7,30,1,"26/20 → 2V","26/20: Race Course → Musheerabad-2 Bus Depot (5 stops) | 2V: Musheerabad-2 Bus Depot → Kachiguda Station (5 stops)"
"Race Course","Ghatkesar Bus Station",17.45076,78.48820,17.45213,78.68231,24.1,81,1,"29B/250C → 500","29B/250C: Race Course → Tarnaka (8 stops) | 500: Tarnaka → Ghatkesar Bus Station (3 stops)"
"Race Course","Chengicherla",17.45076,78.48820,17.43313,78.60845,17.6,59,1,"29B/250C → 250S","29B/250C: Race Course → Mallapur Bus Stop (15 stops) | 250S: Mallapur Bus Stop → Chengicherla (5 stops)"
"Race Course","Quthbullapur X Rd",17.45076,78.48820,17.49890,78.45176,8.8,30,0,"250C/30","250C/30: Race Course → Quthbullapur X Rd (13 stops)"
"Race Course","Shapur Nagar",17.45076,78.48820,17.51600,78.44690,10.8,37,0,"250C/30","250C/30: Race Course → Gajularamaram X Road (14 stops)"
"Race Course","Panama Godown",17.45076,78.48820,17.33840,78.56864,18.3,62,2,"29B/250C → 113T/L → 290U/F","29B/250C: Race Course → Tarnaka (8 stops) | 113T/L: Tarnaka → Survey Of India (3 stops) | 290U/F: Survey Of India → Panama Godown (10 stops)"
"Race Course","Gachibowli X Road",17.45076,78.48820,17.43903,78.36295,18.4,62,2,"10MN → 10F/V → 195SP","10MN: Plaza → Erragadda (5 stops) | 10F/V: Erragadda → Tcs Deccan Park (9 stops) | 195SP: Tcs Deccan Park → Gachibowli X Road (3 stops)"
"Race Course","Abids Grammar School",17.45076,78.48820,17.39333,78.47625,6.7,23,1,"498K → 7Z/449","498K: Race Course → Paradise (2 stops) | 7Z/449: Paradise → Abids Grammar School (7 stops)"
"Race Course","Dilsukhnagar",17.45076,78.48820,17.36862,78.52366,14.2,48,1,"219P → 107JL","219P: Race Course → Secunderabad Railway Station (3 stops) | 107JL: Secunderabad Railway Station → Dilsukhnagar (18 stops)"
"Race Course","Sathamrai",17.45076,78.48820,17.27452,78.40118,23.7,80,2,"498K → 49M/92A → 251M/A","498K: Race Course → Paradise (2 stops) | 49M/92A: Paradise → Shivarampally (20 stops) | 251M/A: Shivarampally → Sathamrai (4 stops)"
"Race Course","Gajularam X Road",17.45076,78.48820,17.51010,78.44771,10.2,35,0,"250C/30","250C/30: Race Course → Gajularamaram X Road (14 stops)"
"Race Course","Rc Puram",17.45076,78.48820,17.51362,78.28780,23.7,82,1,"431 → 219/272G","431: Race Course → Hydernagar (8 stops) | 219/272G: Hydernagar → Rc Puram (12 stops)"
"Race Course","Kphb",17.45076,78.48820,17.49456,78.40081,11,40,0,"431","431: Race Course → Kphb Metro Station (7 stops)"
"Race Course","Pisal Banda",17.45076,78.48820,17.33995,78.50379,20.5,69,3,"498K → 7Z/449 → 8A/253M → 300/253","498K: Race Course → Paradise (2 stops) | 7Z/449: Paradise → Afzalgunj (11 stops) | 8A/253M: Afzalgunj → Barkas (8 stops) | 300/253: Barkas → Pisal Banda (3 stops)"
"Race Course","Police Lines",17.45076,78.48820,17.44365,78.47499,2.5,9,0,"10JB","10JB: Plaza → Police Lines (2 stops)"
"Race Course","Uppal X Road",17.45076,78.48820,17.40126,78.56007,10.1,34,1,"29B/250C → 500","29B/250C: Race Course → Tarnaka (8 stops) | 500: Tarnaka → Uppal X Road (2 stops)"
"Race Course","Boats Club",17.45076,78.48820,17.42644,78.48664,2.7,10,1,"498K → 8C","498K: Race Course → Paradise (2 stops) | 8C: Paradise → Boats Club (3 stops)"
"Race Course","Womens College",17.45076,78.48820,17.38481,78.48762,9.6,33,1,"26/20 → 86V","26/20: Race Course → Musheerabad-2 Bus Depot (5 stops) | 86V: Musheerabad-2 Bus Depot → Koti Maternity Hospital (7 stops)"
"Race Course","Hydernagar",17.45076,78.48820,17.49919,78.38352,12.8,45,0,"431","431: Race Course → Hydernagar (8 stops)"
"Race Course","Charminar",17.45076,78.48820,17.35868,78.47403,11.8,40,2,"498K → 7Z/449 → 253M","498K: Race Course → Paradise (2 stops) | 7Z/449: Paradise → Afzalgunj (11 stops) | 253M: Afzalgunj → Charminar (3 stops)"
"Race Course","Hitech City",17.45076,78.48820,17.44995,78.38257,14.2,48,2,"10K/S → 147 → 10HW","10K/S: Plaza → Rj College (3 stops) | 147: Rj College → Madhapur Ps (8 stops) | 10HW: Madhapur Ps → Hitech City (2 stops)"
"Race Course","Ameerpet",17.45076,78.48820,17.43155,78.44765,6.6,23,1,"10K/S → 147","10K/S: Plaza → Rj College (3 stops) | 147: Rj College → Punjagutta (2 stops)"
"Race Course","Gandipet X Road",17.45076,78.48820,17.38500,78.33100,66,224,5,"431 → 219/272G → 518 → 19S/505 → 19S/505 → 19S/505","431: Race Course → Hydernagar (8 stops) | 219/272G: Hydernagar → Patancheruvu (14 stops) | 518: Patancheruvu → Bulkapur (10 stops) | 19S/505: Bulkapur → Ibs (3 stops) | 19S/505: Ibs → Maharajpet (2 stops) | 19S/505: Maharajpet → Gandipet X Road (8 stops)"
"Race Course","Gachibowli",17.45076,78.48820,17.43966,78.36356,18.5,63,2,"10MN → 10F/V → 195SP","10MN: Plaza → Erragadda (5 stops) | 10F/V: Erragadda → Tcs Deccan Park (9 stops) | 195SP: Tcs Deccan Park → Gachibowli X Road (3 stops)"
"Race Course","Miyapur",17.45076,78.48820,17.49669,78.36077,15.5,54,1,"431 → 10MN","431: Race Course → Hydernagar (8 stops) | 10MN: Hydernagar → Miyapur (2 stops)"
"Race Course","Sr Nagar",17.45076,78.48820,17.44027,78.44260,6.6,22,0,"10MN","10MN: Plaza → Sr Nagar (4 stops)"
"Race Course","Begumpet",17.45076,78.48820,17.10805,78.55358,46.4,155,3,"498K → 7Z/449 → 8A/253M → 478","498K: Race Course → Paradise (2 stops) | 7Z/449: Paradise → Afzalgunj (11 stops) | 8A/253M: Afzalgunj → Imamguda (16 stops) | 478: Imamguda → Begumpet (7 stops)"
"Race Course","Tolichowki",17.45076,78.48820,17.39924,78.41552,11.8,40,3,"498K → 8C → 5R → 116","498K: Race Course → Paradise (2 stops) | 8C: Paradise → Tankbund (4 stops) | 5R: Tankbund → Mehdipatnam (7 stops) | 116: Mehdipatnam → Tolichowki (3 stops)"
"Race Course","Kondapur",17.45076,78.48820,17.46392,78.36725,16.8,57,2,"10K/S → 147 → 104R/127K","10K/S: Plaza → Rj College (3 stops) | 147: Rj College → Image Hospital (10 stops) | 104R/127K: Image Hospital → Kondapur (5 stops)"
"Race Course","Madhapur",17.45076,78.48820,17.63017,78.77482,44.4,148,2,"29B/250C → 17D → 546","29B/250C: Race Course → Alugaddabavi (6 stops) | 17D: Alugaddabavi → Nagaram (8 stops) | 546: Nagaram → Madhapur (13 stops)"
"Race Course","Shamshabad",17.45076,78.48820,17.26205,78.38824,25.7,86,2,"498K → 49M/92A → 251M/A","498K: Race Course → Paradise (2 stops) | 49M/92A: Paradise → Shivarampally (20 stops) | 251M/A: Shivarampally → Shamshabad (5 stops)"
"Punjagutta","Secunderabad Railway Station",17.42645,78.45141,17.43426,78.50158,6.8,23,1,"49E/22 → AC","49E/22: Punjagutta → Prakash Nagar (7 stops) | AC: Prakash Nagar → Secunderabad Railway Station (3 stops)"
"Punjagutta","Afzalgunj",17.42645,78.45141,17.37331,78.47693,6.8,25,0,"9X/230","9X/230: Punjagutta → Afzalganj Central Library (10 stops)"
"Punjagutta","Alugadda Bhavi",17.42645,78.45141,17.43531,78.51438,8.2,28,2,"49E/22 → AC → 186","49E/22: Punjagutta → Prakash Nagar (7 stops) | AC: Prakash Nagar → Secunderabad Railway Station (3 stops) | 186: Secunderabad Railway Station → Alugadda Bhavi (2 stops)"
"Punjagutta","Patny",17.42645,78.45141,17.44318,78.49625,6,20,0,"49E/22","49E/22: Punjagutta → Patny (12 stops)"
"Punjagutta","Cbs",17.42645,78.45141,17.37823,78.48168,6.4,22,0,"218I","218I: Punjagutta → Cbs (9 stops)"
"Punjagutta","Erragadda",17.42645,78.45141,17.45617,78.43378,3.5,14,0,"19PM/272","19PM/272: Punjagutta → Erragadda (3 stops)"
"Punjagutta","Gajularamaram X Road",17.42645,78.45141,17.50941,78.44817,13.2,46,1,"218I → 171SM","218I: Punjagutta → Moosapet (8 stops) | 171SM: Moosapet → Gajularamaram X Road (9 stops)"
"Punjagutta","Jbs",17.42645,78.45141,17.44757,78.49664,6.6,22,0,"49E/22","49E/22: Punjagutta → Jbs (13 stops)"
"Punjagutta","Hayathnagar Bus Station",17.42645,78.45141,17.32732,78.60489,20.9,70,2,"218I → 277MP → 524","218I: Punjagutta → Abids Grammar School (7 stops) | 277MP: Abids Grammar School → Ntr Nagar (12 stops) | 524: Ntr Nagar → Hayathnagar Bus Station (8 stops)"
"Punjagutta","Rathifile Bus Station",17.42645,78.45141,17.43457,78.50488,7.2,24,1,"49E/22 → AC","49E/22: Punjagutta → Prakash Nagar (7 stops) | AC: Prakash Nagar → Secunderabad Railway Station (3 stops)"
"Punjagutta","Nampally Public Garoaden",17.42645,78.45141,17.39628,78.47082,4,15,0,"9X/230","9X/230: Punjagutta → Public Garden (7 stops)"
"Punjagutta","Lakdikapool",17.42645,78.45141,17.40361,78.46497,2.5,9,0,"218I","218I: Punjagutta → Lakdikapool (5 stops)"
"Punjagutta","Ecil Bus Terminal",17.42645,78.45141,17.47253,78.57006,16.7,56,1,"49E/22 → 16ES","49E/22: Punjagutta → Jbs (13 stops) | 16ES: Jbs → Ecil Bus Terminal (14 stops)"
"Punjagutta","Secretariat",17.42645,78.45141,17.40812,78.47182,3.5,12,0,"83/272","83/272: Punjagutta → Secretariat (7 stops)"
"Punjagutta","Patancheruvu",17.42645,78.45141,17.52903,78.26428,25.4,86,0,"218I","218I: Punjagutta → Patancheruvu (28 stops)"
"Punjagutta","Darul Shifa",17.42645,78.45141,17.37327,78.48299,7.3,25,1,"9X/230 → 9X","9X/230: Punjagutta → Osmangunj (9 stops) | 9X: Osmangunj → Darul Shifa (3 stops)"
"Punjagutta","Plaza",17.42645,78.45141,17.44330,78.49066,5.5,19,0,"49E/22","49E/22: Punjagutta → Plaza (11 stops)"
"Punjagutta","Bluesea Cafe",17.42645,78.45141,17.43713,78.50515,7.2,25,1,"49E/22 → 29J","49E/22: Punjagutta → Patny (12 stops) | 29J: Patny → Bluesea Cafe (2 stops)"
"Punjagutta","Tarnaka",17.42645,78.45141,17.42571,78.53223,10.4,35,2,"49E/22 → AC → 186","49E/22: Punjagutta → Prakash Nagar (7 stops) | AC: Prakash Nagar → Secunderabad Railway Station (3 stops) | 186: Secunderabad Railway Station → Tarnaka (3 stops)"
"Punjagutta","Lb Nagar X Road",17.42645,78.45141,17.34699,78.55013,15,52,1,"218I → 277MP","218I: Punjagutta → Abids Grammar School (7 stops) | 277MP: Abids Grammar School → Lb Nagar (14 stops)"
"Punjagutta","Lingampally Bs",17.42645,78.45141,17.49485,78.31689,18.6,63,0,"218I","218I: Punjagutta → Lingampally Bs (22 stops)"
"Punjagutta","Kukatpally",17.42645,78.45141,17.48385,78.41242,7.8,28,0,"19PM/272","19PM/272: Punjagutta → Kukatpally (5 stops)"
"Punjagutta","Jublee Bus Station",17.42645,78.45141,17.44761,78.49758,6.8,26,0,"49E/22","49E/22: Punjagutta → Jbs (13 stops)"
"Punjagutta","Ibrahimpatnam Bus Station",17.42645,78.45141,17.19144,78.64766,37.9,127,1,"218I → 277MP","218I: Punjagutta → Abids Grammar School (7 stops) | 277MP: Abids Grammar School → Ibrahimpatnam Bus Station (30 stops)"
"Punjagutta","Prashanth Nagar",17.42645,78.45141,17.47378,78.42698,6,25,0,"218I","218I: Punjagutta → Moosapet (8 stops)"
"Punjagutta","Moosapet",17.42645,78.45141,17.47081,78.42668,5.7,21,0,"218I","218I: Punjagutta → Moosapet (8 stops)"
"Punjagutta","Cherlapally Bus Stand",17.42645,78.45141,17.46329,78.61145,22.2,75,2,"49E/22 → 16ES → 250X","49E/22: Punjagutta → Jbs (13 stops) | 16ES: Jbs → Ecil Bus Terminal (14 stops) | 250X: Ecil Bus Terminal → Cherlapally Bus Stand (7 stops)"
"Punjagutta","Koti Medical College",17.42645,78.45141,17.38310,78.48282,5.9,20,0,"218I","218I: Punjagutta → Koti Medical College (8 stops)"
"Punjagutta","Chadarghat",17.42645,78.45141,17.37722,78.49302,7.5,26,0,"218I","218I: Punjagutta → Chadarghat (10 stops)"
"Punjagutta","Kachiguda X Road",17.42645,78.45141,17.39069,78.48938,8.7,31,0,"83/272","83/272: Punjagutta → Kachiguda X Road (18 stops)"
"Punjagutta","Gandimaisamma",17.42645,78.45141,17.57508,78.42319,21.1,72,1,"218I → 83/272","218I: Punjagutta → Moosapet (8 stops) | 83/272: Moosapet → Gandimaisamma (15 stops)"
"Punjagutta","Mehdipatnam",17.42645,78.45141,17.39527,78.43980,3.9,15,0,"19KA","19KA: Punjagutta → Mehdipatnam (3 stops)"
"Punjagutta","Bata",17.42645,78.45141,17.43600,78.49370,7.3,25,1,"83/272 → 5K","83/272: Punjagutta → Telephone Bhavan (6 stops) | 5K: Telephone Bhavan → Bata (4 stops)"
"Punjagutta","Jntu X Rd",17.42645,78.45141,17.49672,78.39445,10.3,36,0,"218I","218I: Punjagutta → Jntu X Road (12 stops)"
"Punjagutta","Super Bazar",17.42645,78.45141,17.37193,78.50992,8.8,30,1,"218I → 277MP","218I: Punjagutta → Abids Grammar School (7 stops) | 277MP: Abids Grammar School → Super Bazar (6 stops)"
"Punjagutta","Race Course",17.42645,78.45141,17.45076,78.48820,6.3,22,0,"49E/22","49E/22: Punjagutta → Plaza (11 stops)"
"Punjagutta","Balanagar",17.42645,78.45141,17.46697,78.44626,8.5,30,1,"218I → 9X","218I: Punjagutta → Moosapet (8 stops) | 9X: Moosapet → Balanagar (3 stops)"
"Punjagutta","Chintal",17.42645,78.45141,17.49540,78.45210,11.6,40,1,"218I → 9X","218I: Punjagutta → Moosapet (8 stops) | 9X: Moosapet → Chintal (7 stops)"
"Punjagutta","Nanal Nagar",17.42645,78.45141,17.39620,78.42700,5.3,19,1,"19KA → 116G","19KA: Punjagutta → Mehdipatnam (3 stops) | 116G: Mehdipatnam → Nanal Nagar (2 stops)"
"Punjagutta","Abids Gpo",17.42645,78.45141,17.38757,78.47617,6.7,23,0,"218I","218I: Punjagutta → Abids Gpo (9 stops)"
"Punjagutta","Kachiguda Railway Station",17.42645,78.45141,17.38950,78.49726,7.5,28,0,"83/272","83/272: Punjagutta → Tourist Hotel (16 stops)"
"Punjagutta","Ghatkesar Bus Station",17.42645,78.45141,17.45213,78.68231,27.4,92,3,"83/272 → 113K → 113M → 500","83/272: Punjagutta → Telephone Bhavan (6 stops) | 113K: Telephone Bhavan → Modern Bakery (7 stops) | 113M: Modern Bakery → Uppal X Road (2 stops) | 500: Uppal X Road → Ghatkesar Bus Station (2 stops)"
"Punjagutta","Chengicherla",17.42645,78.45141,17.43313,78.60845,20.7,70,3,"83/272 → 113K → 284P → 18CR","83/272: Punjagutta → Telephone Bhavan (6 stops) | 113K: Telephone Bhavan → Uppal Bus Station (8 stops) | 284P: Uppal Bus Station → Medipally (3 stops) | 18CR: Medipally → Chengicherla (3 stops)"
"Punjagutta","Quthbullapur X Rd",17.42645,78.45141,17.49890,78.45176,12,41,1,"218I → 9X","218I: Punjagutta → Moosapet (8 stops) | 9X: Moosapet → Quthbullapur X Rd (8 stops)"
"Punjagutta","Shapur Nagar",17.42645,78.45141,17.51600,78.44690,13.9,48,1,"218I → 9M/X","218I: Punjagutta → Moosapet (8 stops) | 9M/X: Moosapet → Shapur Nagar (10 stops)"
"Punjagutta","Panama Godown",17.42645,78.45141,17.33840,78.56864,16.9,57,2,"218I → 277MP → 524","218I: Punjagutta → Abids Grammar School (7 stops) | 277MP: Abids Grammar School → Ntr Nagar (12 stops) | 524: Ntr Nagar → Panama Godown (4 stops)"
"Punjagutta","Gachibowli X Road",17.42645,78.45141,17.43903,78.36295,12.7,44,1,"147 → 10H/220","147: Punjagutta → Madhapur Ps (7 stops) | 10H/220: Madhapur Ps → Gachibowli X Road (5 stops)"
"Punjagutta","Abids Grammar School",17.42645,78.45141,17.39333,78.47625,4.5,16,0,"218I","218I: Punjagutta → Abids Grammar School (7 stops)"
"Punjagutta","Dilsukhnagar",17.42645,78.45141,17.36862,78.52366,10.4,35,1,"218I → 277MP","218I: Punjagutta → Abids Grammar School (7 stops) | 277MP: Abids Grammar School → Dilsukhnagar (8 stops)"
"Punjagutta","Sathamrai",17.42645,78.45141,17.27452,78.40118,20.2,69,1,"19KA → 92A/251S","19KA: Punjagutta → Mehdipatnam (3 stops) | 92A/251S: Mehdipatnam → Sathamrai (13 stops)"
"Punjagutta","Gajularam X Road",17.42645,78.45141,17.51010,78.44771,13.3,46,1,"218I → 9M/X","218I: Punjagutta → Moosapet (8 stops) | 9M/X: Moosapet → Gajularam X Road (9 stops)"
"Punjagutta","Rc Puram",17.42645,78.45141,17.51362,78.28780,22.4,76,0,"218I","218I: Punjagutta → Rc Puram (25 stops)"
"Punjagutta","Kphb",17.42645,78.45141,17.49456,78.40081,9.6,34,0,"218I","218I: Punjagutta → Kphb Metro Station (11 stops)"
"Punjagutta","Pisal Banda",17.42645,78.45141,17.33995,78.50379,11.8,40,3,"218I → 277MP → 277K → 460","218I: Punjagutta → Abids Grammar School (7 stops) | 277MP: Abids Grammar School → Chadarghat (3 stops) | 277K: Chadarghat → Is Sadan (5 stops) | 460: Is Sadan → Pisal Banda (3 stops)"
"Punjagutta","Police Lines",17.42645,78.45141,17.44365,78.47499,3.8,17,0,"49E/22","49E/22: Punjagutta → Prakash Nagar (7 stops)"
"Punjagutta","Uppal X Road",17.42645,78.45141,17.40126,78.56007,13.1,44,1,"83/272 → 113K","83/272: Punjagutta → Telephone Bhavan (6 stops) | 113K: Telephone Bhavan → Modern Bakery (7 stops)"
"Punjagutta","Boats Club",17.42645,78.45141,17.42644,78.48664,6,21,1,"83/272 → 5K","83/272: Punjagutta → Telephone Bhavan (6 stops) | 5K: Telephone Bhavan → Boats Club (3 stops)"
"Punjagutta","Womens College",17.42645,78.45141,17.38481,78.48762,6.2,22,1,"218I → 222","218I: Punjagutta → Abids Grammar School (7 stops) | 222: Abids Grammar School → Koti Maternity Hospital (3 stops)"
"Punjagutta","Hydernagar",17.42645,78.45141,17.49919,78.38352,11.4,40,0,"218I","218I: Punjagutta → Hydernagar (14 stops)"
"Punjagutta","Charminar",17.42645,78.45141,17.35868,78.47403,9.2,31,1,"9X/230 → 8A/253M","9X/230: Punjagutta → Osmangunj (9 stops) | 8A/253M: Osmangunj → Charminar (4 stops)"
"Punjagutta","Hitech City",17.42645,78.45141,17.44995,78.38257,8.5,30,1,"147 → 10HW","147: Punjagutta → Madhapur Ps (7 stops) | 10HW: Madhapur Ps → Hitech City (2 stops)"
"Punjagutta","Ameerpet",17.42645,78.45141,17.43155,78.44765,0.8,4,0,"",""
"Punjagutta","Gandipet X Road",17.42645,78.45141,17.38500,78.33100,15.7,54,3,"224/47D → 47L → 47YN → 505","224/47D: Punjagutta → Darga (7 stops) | 47L: Darga → Manikonda (4 stops) | 47YN: Manikonda → Narsingi (4 stops) | 505: Narsingi → Gandipet X Road (4 stops)"
"Punjagutta","Gachibowli",17.42645,78.45141,17.43966,78.36356,11.5,40,1,"147 → 10HW","147: Punjagutta → Madhapur Ps (7 stops) | 10HW: Madhapur Ps → Telecom Nagar (4 stops)"
"Punjagutta","Miyapur",17.42645,78.45141,17.49669,78.36077,14.2,49,0,"218I","218I: Punjagutta → Miyapur (17 stops)"
"Punjagutta","Sr Nagar",17.42645,78.45141,17.44027,78.44260,1.9,8,0,"19PM/272","19PM/272: Punjagutta → Sr Nagar (2 stops)"
"Punjagutta","Begumpet",17.42645,78.45141,17.10805,78.55358,43.7,146,2,"9X/230 → 8A/253M → 478","9X/230: Punjagutta → Osmangunj (9 stops) | 8A/253M: Osmangunj → Imamguda (17 stops) | 478: Imamguda → Begumpet (7 stops)"
"Punjagutta","Tolichowki",17.42645,78.45141,17.39924,78.41552,6.5,24,1,"19KA → 216","19KA: Punjagutta → Mehdipatnam (3 stops) | 216: Mehdipatnam → Tolichowki (3 stops)"
"Punjagutta","Kondapur",17.42645,78.45141,17.46392,78.36725,11.1,39,1,"147 → 104R/127K","147: Punjagutta → Image Hospital (9 stops) | 104R/127K: Image Hospital → Kondapur (5 stops)"
"Punjagutta","Madhapur",17.42645,78.45141,17.63017,78.77482,42.8,143,3,"218I → 277MP → 277P → 486","218I: Punjagutta → Abids Grammar School (7 stops) | 277MP: Abids Grammar School → Mangalpally X Road (25 stops) | 277P: Mangalpally X Road → Yeliminedu (7 stops) | 486: Yeliminedu → Madhapur (2 stops)"
"Punjagutta","Shamshabad",17.42645,78.45141,17.26205,78.38824,20.6,70,1,"19S → AC","19S: Punjagutta → Care Hospital (3 stops) | AC: Care Hospital → Shamshabad (5 stops)"
"Balanagar","Secunderabad Railway Station",17.46697,78.44626,17.43426,78.50158,7.5,27,0,"219P","219P: Balanagar → Secunderabad Railway Station (6 stops)"
"Balanagar","Afzalgunj",17.46697,78.44626,17.37331,78.47693,14.6,50,1,"219P → 251M/A","219P: Balanagar → Patny (5 stops) | 251M/A: Bata → Afzalgunj (6 stops)"
"Balanagar","Alugadda Bhavi",17.46697,78.44626,17.43531,78.51438,8.9,31,1,"219P → 186","219P: Balanagar → Secunderabad Railway Station (6 stops) | 186: Secunderabad Railway Station → Alugadda Bhavi (2 stops)"
"Balanagar","Patny",17.46697,78.44626,17.44318,78.49625,6.4,23,0,"219P","219P: Balanagar → Patny (5 stops)"
"Balanagar","Cbs",17.46697,78.44626,17.37823,78.48168,15.5,54,1,"186 → 9X/230","186: Balanagar → Prashanth Nagar (2 stops) | 9X/230: Prashanth Nagar → Cbs (19 stops)"
"Balanagar","Erragadda",17.46697,78.44626,17.45617,78.43378,4.8,18,1,"186 → 9X","186: Balanagar → Prashanth Nagar (2 stops) | 9X: Prashanth Nagar → Erragadda (4 stops)"
"Balanagar","Gajularamaram X Road",17.46697,78.44626,17.50941,78.44817,4.7,16,1,"567G → 171SM","567G: Balanagar → Chintal (3 stops) | 171SM: Chintal → Gajularamaram X Road (3 stops)"
"Balanagar","Jbs",17.46697,78.44626,17.44757,78.49664,6.2,23,0,"567G","567G: Balanagar → Jublee Bus Station (4 stops)"
"Balanagar","Hayathnagar Bus Station",17.46697,78.44626,17.32732,78.60489,27.9,95,2,"219P → 186 → 72/208C","219P: Balanagar → Secunderabad Railway Station (6 stops) | 186: Secunderabad Railway Station → Lb Nagar X Road (9 stops) | 72/208C: Lb Nagar X Road → Hayathnagar Bus Station (10 stops)"
"Balanagar","Rathifile Bus Station",17.46697,78.44626,17.43457,78.50488,7.9,28,0,"219P","219P: Balanagar → Secunderabad Railway Station (6 stops)"
"Balanagar","Nampally Public Garoaden",17.46697,78.44626,17.39628,78.47082,12.3,44,1,"186 → 9X/230","186: Balanagar → Prashanth Nagar (2 stops) | 9X/230: Prashanth Nagar → Public Garden (15 stops)"
"Balanagar","Lakdikapool",17.46697,78.44626,17.40361,78.46497,10.8,38,1,"186 → 9X/230","186: Balanagar → Prashanth Nagar (2 stops) | 9X/230: Prashanth Nagar → Lakdikapool (13 stops)"
"Balanagar","Ecil Bus Terminal",17.46697,78.44626,17.47253,78.57006,16.7,60,1,"219P → 37/8A","219P: Balanagar → Patny (5 stops) | 37/8A: Clock Tower → Ecil Bus Terminal (7 stops)"
"Balanagar","Secretariat",17.46697,78.44626,17.40812,78.47182,11.1,39,1,"219P → 8/26S","219P: Balanagar → Patny (5 stops) | 8/26S: Patny → Secretariat (6 stops)"
"Balanagar","Patancheruvu",17.46697,78.44626,17.52903,78.26428,21.6,74,3,"186 → 9EM → 224L → 300A/217","186: Balanagar → Kukatpally (3 stops) | 9EM: Kukatpally → Miyapur X Road (4 stops) | 224L: Miyapur X Road → Lingampally Bs (5 stops) | 300A/217: Lingampally Bs → Patancheruvu (5 stops)"
"Balanagar","Darul Shifa",17.46697,78.44626,17.37327,78.48299,15.3,52,1,"219P → 251M/A","219P: Balanagar → Patny (5 stops) | 251M/A: Bata → Afzalgunj (6 stops)"
"Balanagar","Plaza",17.46697,78.44626,17.44330,78.49066,6,22,0,"219P","219P: Balanagar → Race Course (4 stops)"
"Balanagar","Bluesea Cafe",17.46697,78.44626,17.43713,78.50515,7.5,27,1,"219P → 227G","219P: Balanagar → Patny (5 stops) | 227G: Patny → Bluesea Cafe (3 stops)"
"Balanagar","Tarnaka",17.46697,78.44626,17.42571,78.53223,10.6,37,1,"567G → 500","567G: Balanagar → Jublee Bus Station (4 stops) | 500: Jublee Bus Station → Tarnaka (2 stops)"
"Balanagar","Lb Nagar X Road",17.46697,78.44626,17.34699,78.55013,21.1,72,1,"219P → 186","219P: Balanagar → Secunderabad Railway Station (6 stops) | 186: Secunderabad Railway Station → Lb Nagar X Road (9 stops)"
"Balanagar","Lingampally Bs",17.46697,78.44626,17.49485,78.31689,14.8,51,2,"186 → 9EM → 224L","186: Balanagar → Kukatpally (3 stops) | 9EM: Kukatpally → Miyapur X Road (4 stops) | 224L: Miyapur X Road → Lingampally Bs (5 stops)"
"Balanagar","Kukatpally",17.46697,78.44626,17.48385,78.41242,4.1,16,0,"186","186: Balanagar → Kukatpally (3 stops)"
"Balanagar","Jublee Bus Station",17.46697,78.44626,17.44761,78.49758,6.1,22,0,"567G","567G: Balanagar → Jublee Bus Station (4 stops)"
"Balanagar","Prashanth Nagar",17.46697,78.44626,17.47378,78.42698,2.2,9,0,"186","186: Balanagar → Prashanth Nagar (2 stops)"
"Balanagar","Moosapet",17.46697,78.44626,17.47081,78.42668,2.4,10,0,"186","186: Balanagar → Prashanth Nagar (2 stops)"
"Balanagar","Cherlapally Bus Stand",17.46697,78.44626,17.46329,78.61145,20.7,71,3,"567G → 500 → 203A/3K → 250C/R","567G: Balanagar → Jublee Bus Station (4 stops) | 500: Jublee Bus Station → Tarnaka (2 stops) | 203A/3K: Tarnaka → Mallapur (5 stops) | 250C/R: Mallapur → Cherlapally Bus Stand (4 stops)"
"Balanagar","Koti Medical College",17.46697,78.44626,17.38310,78.48282,13.8,48,2,"219P → 8/26S → 7Z/452","219P: Balanagar → Patny (5 stops) | 8/26S: Patny → Tankbund (5 stops) | 7Z/452: Tankbund → Koti Medical College (5 stops)"
"Balanagar","Chadarghat",17.46697,78.44626,17.37722,78.49302,14.8,51,2,"219P → 219 → 1M/D","219P: Balanagar → Secunderabad Railway Station (6 stops) | 219: Secunderabad Railway Station → Rtc X Roads (6 stops) | 1M/D: Rtc X Roads → Chadarghat (5 stops)"
"Balanagar","Kachiguda X Road",17.46697,78.44626,17.39069,78.48938,13.1,45,2,"219P → 219 → 1J","219P: Balanagar → Secunderabad Railway Station (6 stops) | 219: Secunderabad Railway Station → Rtc X Roads (6 stops) | 1J: Rtc X Roads → Kachiguda X Road (5 stops)"
"Balanagar","Gandimaisamma",17.46697,78.44626,17.57508,78.42319,12.6,42,0,"567G","567G: Balanagar → Gandimaisamma (7 stops)"
"Balanagar","Mehdipatnam",17.46697,78.44626,17.39527,78.43980,12.6,45,1,"186 → 189M","186: Balanagar → Prashanth Nagar (2 stops) | 189M: Prashanth Nagar → Mehdipatnam (17 stops)"
"Balanagar","Bata",17.46697,78.44626,17.43600,78.49370,7.2,26,0,"219P","219P: Balanagar → Patny (5 stops)"
"Balanagar","Jntu X Rd",17.46697,78.44626,17.49672,78.39445,7.3,26,1,"186 → 10JP","186: Balanagar → Kphb Temple Bus Stop (4 stops) | 10JP: Kphb Temple Bus Stop → Jntu X Rd (3 stops)"
"Balanagar","Super Bazar",17.46697,78.44626,17.37193,78.50992,16.3,56,2,"219P → 219 → 1M/D","219P: Balanagar → Secunderabad Railway Station (6 stops) | 219: Secunderabad Railway Station → Rtc X Roads (6 stops) | 1M/D: Rtc X Roads → Super Bazar (8 stops)"
"Balanagar","Race Course",17.46697,78.44626,17.45076,78.48820,5.2,19,0,"219P","219P: Balanagar → Race Course (4 stops)"
"Balanagar","Punjagutta",17.46697,78.44626,17.42645,78.45141,8.3,30,1,"186 → 189M","186: Balanagar → Prashanth Nagar (2 stops) | 189M: Prashanth Nagar → Punjagutta (10 stops)"
"Balanagar","Chintal",17.46697,78.44626,17.49540,78.45210,3.1,11,0,"567G","567G: Balanagar → Chintal (3 stops)"
"Balanagar","Nanal Nagar",17.46697,78.44626,17.39620,78.42700,14,49,2,"186 → 189M → 113M/217","186: Balanagar → Prashanth Nagar (2 stops) | 189M: Prashanth Nagar → Mehdipatnam (17 stops) | 113M/217: Mehdipatnam → Nanal Nagar (2 stops)"
"Balanagar","Abids Gpo",17.46697,78.44626,17.38757,78.47617,13.1,45,1,"219P → 251M/A","219P: Balanagar → Patny (5 stops) | 251M/A: Bata → Abids Gpo (5 stops)"
"Balanagar","Kachiguda Railway Station",17.46697,78.44626,17.38950,78.49726,13.9,49,2,"219P → 219 → 2K","219P: Balanagar → Secunderabad Railway Station (6 stops) | 219: Secunderabad Railway Station → Tsrtc Bus Bhavan (7 stops) | 2K: Tsrtc Bus Bhavan → Tourist Hotel (5 stops)"
"Balanagar","Ghatkesar Bus Station",17.46697,78.44626,17.45213,78.68231,28.6,97,1,"567G → 500","567G: Balanagar → Jublee Bus Station (4 stops) | 500: Jublee Bus Station → Ghatkesar Bus Station (4 stops)"
"Balanagar","Chengicherla",17.46697,78.44626,17.43313,78.60845,20.6,70,3,"567G → 500 → 3N → 50B","567G: Balanagar → Jublee Bus Station (4 stops) | 500: Jublee Bus Station → Tarnaka (2 stops) | 3N: Tarnaka → Ts Food X Road (7 stops) | 50B: Ts Food X Road → Chengicherla (8 stops)"
"Balanagar","Quthbullapur X Rd",17.46697,78.44626,17.49890,78.45176,3.5,12,0,"567G","567G: Balanagar → Chintal (3 stops)"
"Balanagar","Shapur Nagar",17.46697,78.44626,17.51600,78.44690,5.5,19,0,"567G","567G: Balanagar → Shapur Nagar (4 stops)"
"Balanagar","Panama Godown",17.46697,78.44626,17.33840,78.56864,23.3,79,1,"219P → 186","219P: Balanagar → Secunderabad Railway Station (6 stops) | 186: Secunderabad Railway Station → Panama Godown (10 stops)"
"Balanagar","Gachibowli X Road",17.46697,78.44626,17.43903,78.36295,12.6,44,2,"186 → 250C/219 → 22/10W","186: Balanagar → Kphb Temple Bus Stop (4 stops) | 250C/219: Kphb Temple Bus Stop → Kphb Fourth Phase (3 stops) | 22/10W: Kphb Fourth Phase → Gachibowli X Road (3 stops)"
"Balanagar","Abids Grammar School",17.46697,78.44626,17.39333,78.47625,12.5,43,2,"219P → 8/26S → 7Z/449","219P: Balanagar → Patny (5 stops) | 8/26S: Patny → Tankbund (5 stops) | 7Z/449: Tankbund → Abids Grammar School (4 stops)"
"Balanagar","Dilsukhnagar",17.46697,78.44626,17.36862,78.52366,19.3,66,1,"219P → 107JL","219P: Balanagar → Secunderabad Railway Station (6 stops) | 107JL: Secunderabad Railway Station → Dilsukhnagar (18 stops)"
"Balanagar","Sathamrai",17.46697,78.44626,17.27452,78.40118,28.7,97,1,"219P → 251M/A","219P: Balanagar → Patny (5 stops) | 251M/A: Bata → Sathamrai (13 stops)"
"Balanagar","Gajularam X Road",17.46697,78.44626,17.51010,78.44771,4.8,17,1,"567G → 9M/X","567G: Balanagar → Chintal (3 stops) | 9M/X: Chintal → Gajularam X Road (3 stops)"
"Balanagar","Rc Puram",17.46697,78.44626,17.51362,78.28780,18.6,64,3,"186 → 9EM → 224L → 300A/217","186: Balanagar → Kukatpally (3 stops) | 9EM: Kukatpally → Miyapur X Road (4 stops) | 224L: Miyapur X Road → Lingampally Bs (5 stops) | 300A/217: Lingampally Bs → Rc Puram (3 stops)"
"Balanagar","Kphb",17.46697,78.44626,17.49456,78.40081,6.9,25,0,"186","186: Balanagar → Kphb (5 stops)"
"Balanagar","Pisal Banda",17.46697,78.44626,17.33995,78.50379,26.5,91,2,"219P → 186 → 300/253","219P: Balanagar → Secunderabad Railway Station (6 stops) | 186: Secunderabad Railway Station → Lb Nagar X Road (9 stops) | 300/253: Lb Nagar → Pisal Banda (5 stops)"
"Balanagar","Police Lines",17.46697,78.44626,17.44365,78.47499,7.7,27,1,"219P → 10JB","219P: Balanagar → Race Course (4 stops) | 10JB: Plaza → Police Lines (2 stops)"
"Balanagar","Uppal X Road",17.46697,78.44626,17.40126,78.56007,14.7,51,1,"567G → 500","567G: Balanagar → Jublee Bus Station (4 stops) | 500: Jublee Bus Station → Uppal X Road (3 stops)"
"Balanagar","Boats Club",17.46697,78.44626,17.42644,78.48664,8.6,30,1,"219P → 8/26S","219P: Balanagar → Patny (5 stops) | 8/26S: Patny → Boats Club (4 stops)"
"Balanagar","Womens College",17.46697,78.44626,17.38481,78.48762,13.8,49,2,"219P → 219 → 1J","219P: Balanagar → Secunderabad Railway Station (6 stops) | 219: Secunderabad Railway Station → Rtc X Roads (6 stops) | 1J: Rtc X Roads → Koti Maternity Hospital (6 stops)"
"Balanagar","Hydernagar",17.46697,78.44626,17.49919,78.38352,7.7,28,1,"186 → 431","186: Balanagar → Kukatpally (3 stops) | 431: Kukatpally → Hydernagar (3 stops)"
"Balanagar","Charminar",17.46697,78.44626,17.35868,78.47403,17.1,59,2,"219P → 251M/A → 253M","219P: Balanagar → Patny (5 stops) | 251M/A: Bata → Afzalgunj (6 stops) | 253M: Afzalgunj → Charminar (3 stops)"
"Balanagar","Hitech City",17.46697,78.44626,17.44995,78.38257,10.3,38,2,"186 → 250C/219 → 22/10W","186: Balanagar → Kphb Temple Bus Stop (4 stops) | 250C/219: Kphb Temple Bus Stop → Kphb Fourth Phase (3 stops) | 22/10W: Kphb Fourth Phase → Cyber Towers (2 stops)"
"Balanagar","Ameerpet",17.46697,78.44626,17.43155,78.44765,7.5,27,1,"186 → 9X","186: Balanagar → Prashanth Nagar (2 stops) | 9X: Prashanth Nagar → Ameerpet (8 stops)"
"Balanagar","Gandipet X Road",17.46697,78.44626,17.38500,78.33100,25.9,89,3,"186 → 189M → 65M/123 → 505","186: Balanagar → Prashanth Nagar (2 stops) | 189M: Prashanth Nagar → Mehdipatnam (17 stops) | 65M/123: Mehdipatnam → Narsingi (11 stops) | 505: Narsingi → Gandipet X Road (4 stops)"
"Balanagar","Gachibowli",17.46697,78.44626,17.43966,78.36356,12.7,46,2,"186 → 250C/219 → 22/10W","186: Balanagar → Kphb Temple Bus Stop (4 stops) | 250C/219: Kphb Temple Bus Stop → Kphb Fourth Phase (3 stops) | 22/10W: Kphb Fourth Phase → Gachibowli X Road (3 stops)"
"Balanagar","Miyapur",17.46697,78.44626,17.49669,78.36077,10.1,36,1,"186 → 9EM","186: Balanagar → Kukatpally (3 stops) | 9EM: Kukatpally → Miyapur X Road (4 stops)"
"Balanagar","Sr Nagar",17.46697,78.44626,17.44027,78.44260,6.4,24,1,"186 → 9X","186: Balanagar → Prashanth Nagar (2 stops) | 9X: Prashanth Nagar → Sr Nagar (6 stops)"
"Balanagar","Tolichowki",17.46697,78.44626,17.39924,78.41552,15.3,53,2,"186 → 189M → 116","186: Balanagar → Prashanth Nagar (2 stops) | 189M: Prashanth Nagar → Mehdipatnam (17 stops) | 116: Mehdipatnam → Tolichowki (3 stops)"
"Balanagar","Kondapur",17.46697,78.44626,17.46392,78.36725,14.5,50,2,"186 → 9EM → 222M","186: Balanagar → Kukatpally (3 stops) | 9EM: Kukatpally → Miyapur X Road (4 stops) | 222M: Miyapur X Road → Kondapur (4 stops)"
"Balanagar","Madhapur",17.46697,78.44626,17.63017,78.77482,48,164,2,"219P → 37/8A → 546","219P: Balanagar → Patny (5 stops) | 37/8A: Clock Tower → Kushaiguda (8 stops) | 546: Kushaiguda → Madhapur (14 stops)"
"Balanagar","Shamshabad",17.46697,78.44626,17.26205,78.38824,28.7,99,2,"186 → 189M → AC","186: Balanagar → Prashanth Nagar (2 stops) | 189M: Prashanth Nagar → Sarojini Devi Hospital (16 stops) | AC: Mehdipatnam(District Stop) → Shamshabad (3 stops)"
"Chintal","Secunderabad Railway Station",17.49540,78.45210,17.43426,78.50158,11,37,0,"272GB","272GB: Chintal → Secunderabad Railway Station (15 stops)"
"Chintal","Afzalgunj",17.49540,78.45210,17.37331,78.47693,18.1,63,1,"219/27G → 9X/230","219/27G: Chintal → Prashanth Nagar (6 stops) | 9X/230: Prashanth Nagar → Afzalganj Central Library (18 stops)"
"Chintal","Alugadda Bhavi",17.49540,78.45210,17.43531,78.51438,12.2,42,0,"29B/250C","29B/250C: Chintal → Alugaddabavi (17 stops)"
"Chintal","Patny",17.49540,78.45210,17.44318,78.49625,9.9,34,0,"272GB","272GB: Chintal → Patny (14 stops)"
"Chintal","Cbs",17.49540,78.45210,17.37823,78.48168,18.6,63,1,"219/27G → 9X/230","219/27G: Chintal → Prashanth Nagar (6 stops) | 9X/230: Prashanth Nagar → Cbs (19 stops)"
"Chintal","Erragadda",17.49540,78.45210,17.45617,78.43378,7.9,27,1,"219/27G → 9X","219/27G: Chintal → Prashanth Nagar (6 stops) | 9X: Prashanth Nagar → Erragadda (4 stops)"
"Chintal","Gajularamaram X Road",17.49540,78.45210,17.50941,78.44817,1.6,6,0,"250C/30","250C/30: Chintal → Gajularamaram X Road (3 stops)"
"Chintal","Jbs",17.49540,78.45210,17.44757,78.49664,9.5,33,1,"272GB → 511","272GB: Chintal → Tadbund (11 stops) | 511: Tadbund → Jublee Bus Station (2 stops)"
"Chintal","Hayathnagar Bus Station",17.49540,78.45210,17.32732,78.60489,32.5,110,2,"272GB → 107VR → 524","272GB: Chintal → Secunderabad Railway Station (15 stops) | 107VR: Secunderabad Railway Station → Ntr Nagar (24 stops) | 524: Ntr Nagar → Hayathnagar Bus Station (8 stops)"
"Chintal","Rathifile Bus Station",17.49540,78.45210,17.43457,78.50488,11.4,38,0,"272GB","272GB: Chintal → Secunderabad Railway Station (15 stops)"
"Chintal","Nampally Public Garoaden",17.49540,78.45210,17.39628,78.47082,15.4,53,1,"219/27G → 9X/230","219/27G: Chintal → Prashanth Nagar (6 stops) | 9X/230: Prashanth Nagar → Public Garden (15 stops)"
"Chintal","Lakdikapool",17.49540,78.45210,17.40361,78.46497,13.8,47,1,"219/27G → 9X/230","219/27G: Chintal → Prashanth Nagar (6 stops) | 9X/230: Prashanth Nagar → Lakdikapool (13 stops)"
"Chintal","Ecil Bus Terminal",17.49540,78.45210,17.47253,78.57006,15.6,53,1,"17H/29B → 24S","17H/29B: Chintal → Lalbazar (5 stops) | 24S: Church → Ecil Bus Terminal (12 stops)"
"Chintal","Secretariat",17.49540,78.45210,17.40812,78.47182,14.7,49,1,"272GB → 8/26S","272GB: Chintal → Patny (14 stops) | 8/26S: Patny → Secretariat (6 stops)"
"Chintal","Patancheruvu",17.49540,78.45210,17.52903,78.26428,24.8,83,0,"219/27G","219/27G: Chintal → Patancheruvu (23 stops)"
"Chintal","Darul Shifa",17.49540,78.45210,17.37327,78.48299,18.6,63,2,"219/27G → 9X/230 → 9X","219/27G: Chintal → Prashanth Nagar (6 stops) | 9X/230: Prashanth Nagar → Osmangunj (17 stops) | 9X: Osmangunj → Darul Shifa (3 stops)"
"Chintal","Plaza",17.49540,78.45210,17.44330,78.49066,9.3,32,0,"272GB","272GB: Chintal → Plaza (13 stops)"
"Chintal","Bluesea Cafe",17.49540,78.45210,17.43713,78.50515,11.2,38,0,"29B/250C","29B/250C: Chintal → Bluesea Cafe (16 stops)"
"Chintal","Tarnaka",17.49540,78.45210,17.42571,78.53223,14.5,49,0,"29B/250C","29B/250C: Chintal → Tarnaka (19 stops)"
"Chintal","Lb Nagar X Road",17.49540,78.45210,17.34699,78.55013,26.4,89,1,"272GB → 107VR","272GB: Chintal → Secunderabad Railway Station (15 stops) | 107VR: Secunderabad Railway Station → Lb Nagar X Road (26 stops)"
"Chintal","Lingampally Bs",17.49540,78.45210,17.49485,78.31689,17.9,61,0,"219/27G","219/27G: Chintal → Lingampally (17 stops)"
"Chintal","Kukatpally",17.49540,78.45210,17.48385,78.41242,7.1,24,0,"219/27G","219/27G: Chintal → Kukatpally (7 stops)"
"Chintal","Jublee Bus Station",17.49540,78.45210,17.44761,78.49758,9.4,32,1,"272GB → 511","272GB: Chintal → Tadbund (11 stops) | 511: Tadbund → Jublee Bus Station (2 stops)"
"Chintal","Ibrahimpatnam Bus Station",17.49540,78.45210,17.19144,78.64766,47,157,2,"29B/250C → 113T/L → 279U","29B/250C: Chintal → Tarnaka (19 stops) | 113T/L: Tarnaka → Survey Of India (3 stops) | 279U: Survey Of India → Ibrahimpatnam Bus Station (22 stops)"
"Chintal","Prashanth Nagar",17.49540,78.45210,17.47378,78.42698,5.3,18,0,"219/27G","219/27G: Chintal → Prashanth Nagar (6 stops)"
"Chintal","Moosapet",17.49540,78.45210,17.47081,78.42668,5.4,19,0,"219/27G","219/27G: Chintal → Prashanth Nagar (6 stops)"
"Chintal","Cherlapally Bus Stand",17.49540,78.45210,17.46329,78.61145,25,84,0,"29B/250C","29B/250C: Chintal → Cherlapally Bus Stand (34 stops)"
"Chintal","Koti Medical College",17.49540,78.45210,17.38310,78.48282,17.2,58,2,"219/27G → 9X/230 → 116G","219/27G: Chintal → Prashanth Nagar (6 stops) | 9X/230: Prashanth Nagar → Assembly (14 stops) | 116G: Assembly → Koti Medical College (2 stops)"
"Chintal","Chadarghat",17.49540,78.45210,17.37722,78.49302,18.4,62,2,"272GB → 219 → 1M/D","272GB: Chintal → Secunderabad Railway Station (15 stops) | 219: Secunderabad Railway Station → Rtc X Roads (6 stops) | 1M/D: Rtc X Roads → Chadarghat (5 stops)"
"Chintal","Kachiguda X Road",17.49540,78.45210,17.39069,78.48938,16.6,56,2,"272GB → 219 → 1J","272GB: Chintal → Secunderabad Railway Station (15 stops) | 219: Secunderabad Railway Station → Rtc X Roads (6 stops) | 1J: Rtc X Roads → Kachiguda X Road (5 stops)"
"Chintal","Gandimaisamma",17.49540,78.45210,17.57508,78.42319,9.5,32,0,"511","511: Chintal → Gandimaisamma (5 stops)"
"Chintal","Mehdipatnam",17.49540,78.45210,17.39527,78.43980,15.7,53,1,"219/27G → 189M","219/27G: Chintal → Prashanth Nagar (6 stops) | 189M: Prashanth Nagar → Mehdipatnam (17 stops)"
"Chintal","Bata",17.49540,78.45210,17.43600,78.49370,10.7,36,0,"272GB","272GB: Chintal → Patny (14 stops)"
"Chintal","Jntu X Rd",17.49540,78.45210,17.49672,78.39445,9.6,33,0,"219/27G","219/27G: Chintal → Jntu X Road (9 stops)"
"Chintal","Super Bazar",17.49540,78.45210,17.37193,78.50992,19.9,67,2,"272GB → 219 → 1M/D","272GB: Chintal → Secunderabad Railway Station (15 stops) | 219: Secunderabad Railway Station → Rtc X Roads (6 stops) | 1M/D: Rtc X Roads → Super Bazar (8 stops)"
"Chintal","Race Course",17.49540,78.45210,17.45076,78.48820,8.4,29,0,"272GB","272GB: Chintal → Race Course (12 stops)"
"Chintal","Punjagutta",17.49540,78.45210,17.42645,78.45141,11.3,39,1,"219/27G → 189M","219/27G: Chintal → Prashanth Nagar (6 stops) | 189M: Prashanth Nagar → Punjagutta (10 stops)"
"Chintal","Balanagar",17.49540,78.45210,17.46697,78.44626,3.1,11,0,"219/27G","219/27G: Chintal → Balanagar (5 stops)"
"Chintal","Nanal Nagar",17.49540,78.45210,17.39620,78.42700,17.1,58,2,"219/27G → 189M → 113M/217","219/27G: Chintal → Prashanth Nagar (6 stops) | 189M: Prashanth Nagar → Mehdipatnam (17 stops) | 113M/217: Mehdipatnam → Nanal Nagar (2 stops)"
"Chintal","Abids Gpo",17.49540,78.45210,17.38757,78.47617,16.6,56,1,"272GB → 251M/A","272GB: Chintal → Patny (14 stops) | 251M/A: Bata → Abids Gpo (5 stops)"
"Chintal","Kachiguda Railway Station",17.49540,78.45210,17.38950,78.49726,17.5,59,2,"272GB → 219 → 2K","272GB: Chintal → Secunderabad Railway Station (15 stops) | 219: Secunderabad Railway Station → Tsrtc Bus Bhavan (7 stops) | 2K: Tsrtc Bus Bhavan → Tourist Hotel (5 stops)"
"Chintal","Ghatkesar Bus Station",17.49540,78.45210,17.45213,78.68231,32.5,109,1,"29B/250C → 500","29B/250C: Chintal → Tarnaka (19 stops) | 500: Tarnaka → Ghatkesar Bus Station (3 stops)"
"Chintal","Chengicherla",17.49540,78.45210,17.43313,78.60845,26.1,87,1,"29B/250C → 250S","29B/250C: Chintal → Mallapur Bus Stop (26 stops) | 250S: Mallapur Bus Stop → Chengicherla (5 stops)"
"Chintal","Quthbullapur X Rd",17.49540,78.45210,17.49890,78.45176,0.4,2,0,"",""
"Chintal","Shapur Nagar",17.49540,78.45210,17.51600,78.44690,2.4,8,0,"511","511: Chintal → Shapur Nagar (2 stops)"
"Chintal","Panama Godown",17.49540,78.45210,17.33840,78.56864,27.1,91,2,"29B/250C → 500 → 290/186","29B/250C: Chintal → Tarnaka (19 stops) | 500: Tarnaka → Uppal X Road (2 stops) | 290/186: Uppal X Road → Panama Godown (6 stops)"
"Chintal","Gachibowli X Road",17.49540,78.45210,17.43903,78.36295,18.4,62,1,"17H/29B → 22/10W","17H/29B: Chintal → Milatry Dairy Farm (4 stops) | 22/10W: Milatry Dairy Farm → Gachibowli X Road (4 stops)"
"Chintal","Abids Grammar School",17.49540,78.45210,17.39333,78.47625,15.9,54,2,"219/27G → 9X/230 → 116G","219/27G: Chintal → Prashanth Nagar (6 stops) | 9X/230: Prashanth Nagar → Lakdikapool (13 stops) | 116G: Lakdikapool → Abids Grammar School (2 stops)"
"Chintal","Dilsukhnagar",17.49540,78.45210,17.36862,78.52366,22,75,1,"272GB → 107VR","272GB: Chintal → Secunderabad Railway Station (15 stops) | 107VR: Secunderabad Railway Station → Dilsukhnagar (20 stops)"
"Chintal","Sathamrai",17.49540,78.45210,17.27452,78.40118,31.1,104,3,"219/27G → 189M → 300/217 → 85M","219/27G: Chintal → Prashanth Nagar (6 stops) | 189M: Prashanth Nagar → Mehdipatnam (17 stops) | 300/217: Mehdipatnam → Shivrampally (8 stops) | 85M: Shivrampally → Sathamrai (4 stops)"
"Chintal","Gajularam X Road",17.49540,78.45210,17.51010,78.44771,1.7,6,0,"9M/X","9M/X: Chintal → Gajularam X Road (3 stops)"
"Chintal","Rc Puram",17.49540,78.45210,17.51362,78.28780,21.7,73,0,"219/27G","219/27G: Chintal → Rc Puram (21 stops)"
"Chintal","Kphb",17.49540,78.45210,17.49456,78.40081,8.9,30,0,"219/27G","219/27G: Chintal → Kphb (8 stops)"
"Chintal","Pisal Banda",17.49540,78.45210,17.33995,78.50379,29.1,98,3,"219/27G → 9X/230 → 8A/253M → 300/253","219/27G: Chintal → Prashanth Nagar (6 stops) | 9X/230: Prashanth Nagar → Osmangunj (17 stops) | 8A/253M: Osmangunj → Barkas (9 stops) | 300/253: Barkas → Pisal Banda (3 stops)"
"Chintal","Police Lines",17.49540,78.45210,17.44365,78.47499,11,37,1,"272GB → 10JB","272GB: Chintal → Plaza (13 stops) | 10JB: Plaza → Police Lines (2 stops)"
"Chintal","Uppal X Road",17.49540,78.45210,17.40126,78.56007,18.6,62,1,"29B/250C → 500","29B/250C: Chintal → Tarnaka (19 stops) | 500: Tarnaka → Uppal X Road (2 stops)"
"Chintal","Boats Club",17.49540,78.45210,17.42644,78.48664,12.1,41,1,"272GB → 8/26S","272GB: Chintal → Patny (14 stops) | 8/26S: Patny → Boats Club (4 stops)"
"Chintal","Womens College",17.49540,78.45210,17.38481,78.48762,17.3,59,2,"272GB → 219 → 1J","272GB: Chintal → Secunderabad Railway Station (15 stops) | 219: Secunderabad Railway Station → Rtc X Roads (6 stops) | 1J: Rtc X Roads → Koti Maternity Hospital (6 stops)"
"Chintal","Hydernagar",17.49540,78.45210,17.49919,78.38352,10.8,36,0,"219/27G","219/27G: Chintal → Hydernagar (10 stops)"
"Chintal","Charminar",17.49540,78.45210,17.35868,78.47403,20.5,69,2,"219/27G → 9X/230 → 8A/253M","219/27G: Chintal → Prashanth Nagar (6 stops) | 9X/230: Prashanth Nagar → Osmangunj (17 stops) | 8A/253M: Osmangunj → Charminar (4 stops)"
"Chintal","Hitech City",17.49540,78.45210,17.44995,78.38257,16.2,56,1,"17H/29B → 22/10W","17H/29B: Chintal → Milatry Dairy Farm (4 stops) | 22/10W: Milatry Dairy Farm → Cyber Towers (3 stops)"
"Chintal","Ameerpet",17.49540,78.45210,17.43155,78.44765,10.6,36,1,"219/27G → 9X","219/27G: Chintal → Prashanth Nagar (6 stops) | 9X: Prashanth Nagar → Ameerpet (8 stops)"
"Chintal","Gandipet X Road",17.49540,78.45210,17.38500,78.33100,25.8,87,3,"219/27G → AJ → 316 → 120","219/27G: Chintal → Jntu X Road (9 stops) | AJ: Jntu X Rd → Gachibowli Orr (3 stops) | 316: Gachibowli Orr → Manchirevula X Road (4 stops) | 120: Manchirevula X Road → Gandipet X Road (4 stops)"
"Chintal","Gachibowli",17.49540,78.45210,17.43966,78.36356,18.5,64,1,"17H/29B → 22/10W","17H/29B: Chintal → Milatry Dairy Farm (4 stops) | 22/10W: Milatry Dairy Farm → Gachibowli X Road (4 stops)"
"Chintal","Miyapur",17.49540,78.45210,17.49669,78.36077,13.5,46,0,"219/27G","219/27G: Chintal → Miyapur (12 stops)"
"Chintal","Sr Nagar",17.49540,78.45210,17.44027,78.44260,9.5,32,1,"219/27G → 9X","219/27G: Chintal → Prashanth Nagar (6 stops) | 9X: Prashanth Nagar → Sr Nagar (6 stops)"
"Chintal","Begumpet",17.49540,78.45210,17.10805,78.55358,55,184,3,"219/27G → 9X/230 → 8A/253M → 478","219/27G: Chintal → Prashanth Nagar (6 stops) | 9X/230: Prashanth Nagar → Osmangunj (17 stops) | 8A/253M: Osmangunj → Imamguda (17 stops) | 478: Imamguda → Begumpet (7 stops)"
"Chintal","Tolichowki",17.49540,78.45210,17.39924,78.41552,18.3,62,2,"219/27G → 189M → 116","219/27G: Chintal → Prashanth Nagar (6 stops) | 189M: Prashanth Nagar → Mehdipatnam (17 stops) | 116: Mehdipatnam → Tolichowki (3 stops)"
"Chintal","Kondapur",17.49540,78.45210,17.46392,78.36725,18.3,65,1,"219/27G → 222M","219/27G: Chintal → Allwyn X Rd (13 stops) | 222M: Allwyn X Rd → Kondapur (3 stops)"
"Chintal","Madhapur",17.49540,78.45210,17.63017,78.77482,48.9,165,3,"17H/29B → 24B/281 → 496 → 577","17H/29B: Chintal → Lalbazar (5 stops) | 24B/281: Lalbazar → Rampally X Road (23 stops) | 496: Rampally X Road → Keesara Village (5 stops) | 577: Keesara Village → Madhapur (11 stops)"
"Chintal","Shamshabad",17.49540,78.45210,17.26205,78.38824,31.8,107,2,"219/27G → 189M → AC","219/27G: Chintal → Prashanth Nagar (6 stops) | 189M: Prashanth Nagar → Sarojini Devi Hospital (16 stops) | AC: Mehdipatnam(District Stop) → Shamshabad (3 stops)"
"Nanal Nagar","Secunderabad Railway Station",17.39620,78.42700,17.43426,78.50158,11.2,38,0,"5G","5G: Nanal Nagar → Secunderabad Railway Station (15 stops)"
"Nanal Nagar","Afzalgunj",17.39620,78.42700,17.37331,78.47693,8.3,28,1,"156/505 → AA","156/505: Nanal Nagar → Assembly (7 stops) | AA: Assembly → Afzalgunj (3 stops)"
"Nanal Nagar","Alugadda Bhavi",17.39620,78.42700,17.43531,78.51438,10.8,37,1,"5G → 16/20","5G: Nanal Nagar → Middle Tank Bund (9 stops) | 16/20: Middle Tank Bund → Alugaddabavi (4 stops)"
"Nanal Nagar","Patny",17.39620,78.42700,17.44318,78.49625,11.9,40,0,"288D/49M","288D/49M: Nanal Nagar → Patny (20 stops)"
"Nanal Nagar","Cbs",17.39620,78.42700,17.37823,78.48168,8.1,27,1,"156/505 → 116G","156/505: Nanal Nagar → Assembly (7 stops) | 116G: Assembly → Cbs (3 stops)"
"Nanal Nagar","Erragadda",17.39620,78.42700,17.45617,78.43378,9.5,32,0,"19S/505","19S/505: Nanal Nagar → Erragadda (16 stops)"
"Nanal Nagar","Gajularamaram X Road",17.39620,78.42700,17.50941,78.44817,17.5,61,1,"19S/505 → 9M/X","19S/505: Nanal Nagar → Sanath Nagar (18 stops) | 9M/X: Sanath Nagar → Gajularam X Road (9 stops)"
"Nanal Nagar","Jbs",17.39620,78.42700,17.44757,78.49664,10.6,36,1,"5G → 24B","5G: Nanal Nagar → Bata (12 stops) | 24B: Bata → Jbs (2 stops)"
"Nanal Nagar","Hayathnagar Bus Station",17.39620,78.42700,17.32732,78.60489,22.9,77,0,"156/505","156/505: Nanal Nagar → Hayathnagar Bus Station (34 stops)"
"Nanal Nagar","Rathifile Bus Station",17.39620,78.42700,17.43457,78.50488,11.5,39,0,"5G","5G: Nanal Nagar → Secunderabad Railway Station (15 stops)"
"Nanal Nagar","Nampally Public Garoaden",17.39620,78.42700,17.39628,78.47082,7.2,25,0,"116N/L","116N/L: Nanal Nagar → Nampally Public Garoaden (8 stops)"
"Nanal Nagar","Lakdikapool",17.39620,78.42700,17.40361,78.46497,4.1,14,0,"156/505","156/505: Nanal Nagar → Lakdikapool (6 stops)"
"Nanal Nagar","Ecil Bus Terminal",17.39620,78.42700,17.47253,78.57006,20.2,68,1,"5G → 37/8A","5G: Nanal Nagar → Bata (12 stops) | 37/8A: Bata → Ecil Bus Terminal (8 stops)"
"Nanal Nagar","Secretariat",17.39620,78.42700,17.40812,78.47182,5.1,17,0,"5G","5G: Nanal Nagar → Secretariat (8 stops)"
"Nanal Nagar","Patancheruvu",17.39620,78.42700,17.52903,78.26428,24.1,82,2,"6L → 113M/217 → 219/27G","6L: Nanal Nagar → Iiit (6 stops) | 113M/217: Iiit → Lingampally (8 stops) | 219/27G: Lingampally → Patancheruvu (7 stops)"
"Nanal Nagar","Darul Shifa",17.39620,78.42700,17.37327,78.48299,8.9,30,1,"156/505 → AA","156/505: Nanal Nagar → Assembly (7 stops) | AA: Assembly → Afzalgunj (3 stops)"
"Nanal Nagar","Plaza",17.39620,78.42700,17.44330,78.49066,11.3,38,0,"288D/49M","288D/49M: Nanal Nagar → Plaza (19 stops)"
"Nanal Nagar","Bluesea Cafe",17.39620,78.42700,17.43713,78.50515,10.9,37,0,"5G","5G: Nanal Nagar → Sangeeth (14 stops)"
"Nanal Nagar","Tarnaka",17.39620,78.42700,17.42571,78.53223,12.8,43,2,"5G → 16/20 → 250/281","5G: Nanal Nagar → Middle Tank Bund (9 stops) | 16/20: Middle Tank Bund → Alugaddabavi (4 stops) | 250/281: Alugaddabavi → Tarnaka (2 stops)"
"Nanal Nagar","Lb Nagar X Road",17.39620,78.42700,17.34699,78.55013,16.8,57,0,"156/505","156/505: Nanal Nagar → Lb Nagar X Road (24 stops)"
"Nanal Nagar","Lingampally Bs",17.39620,78.42700,17.49485,78.31689,17.2,60,1,"6L → 113M/217","6L: Nanal Nagar → Iiit (6 stops) | 113M/217: Iiit → Lingampally (8 stops)"
"Nanal Nagar","Kukatpally",17.39620,78.42700,17.48385,78.41242,13.4,45,1,"19S/505 → 10MN","19S/505: Nanal Nagar → Erragadda (16 stops) | 10MN: Erragadda → Kukatpally (3 stops)"
"Nanal Nagar","Jublee Bus Station",17.39620,78.42700,17.44761,78.49758,12.7,43,0,"5G","5G: Nanal Nagar → Jublee Bus Station (16 stops)"
"Nanal Nagar","Ibrahimpatnam Bus Station",17.39620,78.42700,17.19144,78.64766,38.1,127,2,"156/505 → 277Y → 401","156/505: Nanal Nagar → Chadarghat (12 stops) | 277Y: Chadarghat → Turkyamjal (10 stops) | 401: Turkyamjal → Ibrahimpatnam Bus Station (4 stops)"
"Nanal Nagar","Prashanth Nagar",17.39620,78.42700,17.47378,78.42698,11.7,43,1,"19S/505 → 19BM","19S/505: Nanal Nagar → Erragadda (16 stops) | 19BM: Erragadda → Moosapet (2 stops)"
"Nanal Nagar","Moosapet",17.39620,78.42700,17.47081,78.42668,11.3,38,1,"19S/505 → 9EM","19S/505: Nanal Nagar → Erragadda (16 stops) | 9EM: Erragadda → Moosapet (2 stops)"
"Nanal Nagar","Cherlapally Bus Stand",17.39620,78.42700,17.46329,78.61145,22.9,77,2,"5G → 16/20 → 250C/R","5G: Nanal Nagar → Middle Tank Bund (9 stops) | 16/20: Middle Tank Bund → Alugaddabavi (4 stops) | 250C/R: Alugadda Bhavi → Cherlapally Bus Stand (8 stops)"
"Nanal Nagar","Koti Medical College",17.39620,78.42700,17.38310,78.48282,7.5,26,1,"156/505 → 116G","156/505: Nanal Nagar → Assembly (7 stops) | 116G: Assembly → Koti Medical College (2 stops)"
"Nanal Nagar","Chadarghat",17.39620,78.42700,17.37722,78.49302,9.2,31,0,"156/505","156/505: Nanal Nagar → Chadarghat (12 stops)"
"Nanal Nagar","Kachiguda X Road",17.39620,78.42700,17.39069,78.48938,10.3,36,1,"5G → 83/272","5G: Nanal Nagar → Secretariat (8 stops) | 83/272: Secretariat → Kachiguda X Road (12 stops)"
"Nanal Nagar","Gandimaisamma",17.39620,78.42700,17.57508,78.42319,25.2,85,1,"19S/505 → 9M/X","19S/505: Nanal Nagar → Sanath Nagar (18 stops) | 9M/X: Sanath Nagar → Gandimaisamma (16 stops)"
"Nanal Nagar","Mehdipatnam",17.39620,78.42700,17.39527,78.43980,1.3,5,0,"5G","5G: Nanal Nagar → Mehdipatnam (2 stops)"
"Nanal Nagar","Bata",17.39620,78.42700,17.43600,78.49370,9.1,31,0,"5G","5G: Nanal Nagar → Bata (12 stops)"
"Nanal Nagar","Jntu X Rd",17.39620,78.42700,17.49672,78.39445,14.6,51,1,"6L → 126M","6L: Nanal Nagar → Khajaguda X Road (4 stops) | 126M: Khajaguda X Road → Jntu X Rd (11 stops)"
"Nanal Nagar","Super Bazar",17.39620,78.42700,17.37193,78.50992,10.7,36,0,"156/505","156/505: Nanal Nagar → Super Bazar (15 stops)"
"Nanal Nagar","Race Course",17.39620,78.42700,17.45076,78.48820,10.8,36,1,"5G → 8/26S","5G: Nanal Nagar → Middle Tank Bund (9 stops) | 8/26S: Middle Tank Bund → Race Course (6 stops)"
"Nanal Nagar","Punjagutta",17.39620,78.42700,17.42645,78.45141,5.8,20,0,"19S/505","19S/505: Nanal Nagar → Panjaguta (10 stops)"
"Nanal Nagar","Balanagar",17.39620,78.42700,17.46697,78.44626,12.6,43,1,"19S/505 → 9M/X","19S/505: Nanal Nagar → Sanath Nagar (18 stops) | 9M/X: Sanath Nagar → Balanagar (3 stops)"
"Nanal Nagar","Chintal",17.39620,78.42700,17.49540,78.45210,15.7,54,1,"19S/505 → 9M/X","19S/505: Nanal Nagar → Sanath Nagar (18 stops) | 9M/X: Sanath Nagar → Chintal (7 stops)"
"Nanal Nagar","Abids Gpo",17.39620,78.42700,17.38757,78.47617,8.4,28,0,"116N/L","116N/L: Nanal Nagar → Abids Gpo (9 stops)"
"Nanal Nagar","Kachiguda Railway Station",17.39620,78.42700,17.38950,78.49726,9.1,33,1,"5G → 83/272","5G: Nanal Nagar → Secretariat (8 stops) | 83/272: Secretariat → Tourist Hotel (10 stops)"
"Nanal Nagar","Ghatkesar Bus Station",17.39620,78.42700,17.45213,78.68231,29,97,3,"5G → 113K → 113M → 500","5G: Nanal Nagar → Telephone Bhavan (7 stops) | 113K: Telephone Bhavan → Modern Bakery (7 stops) | 113M: Modern Bakery → Uppal X Road (2 stops) | 500: Uppal X Road → Ghatkesar Bus Station (2 stops)"
"Nanal Nagar","Chengicherla",17.39620,78.42700,17.43313,78.60845,22.3,75,3,"5G → 113K → 284P → 18CR","5G: Nanal Nagar → Telephone Bhavan (7 stops) | 113K: Telephone Bhavan → Uppal Bus Station (8 stops) | 284P: Uppal Bus Station → Medipally (3 stops) | 18CR: Medipally → Chengicherla (3 stops)"
"Nanal Nagar","Quthbullapur X Rd",17.39620,78.42700,17.49890,78.45176,17,58,1,"19S/505 → 9M/X","19S/505: Nanal Nagar → Sanath Nagar (18 stops) | 9M/X: Sanath Nagar → Quthbullapur X Rd (9 stops)"
"Nanal Nagar","Shapur Nagar",17.39620,78.42700,17.51600,78.44690,18.1,61,1,"19S/505 → 9M/X","19S/505: Nanal Nagar → Sanath Nagar (18 stops) | 9M/X: Sanath Nagar → Shapur Nagar (10 stops)"
"Nanal Nagar","Panama Godown",17.39620,78.42700,17.33840,78.56864,18.9,63,0,"156/505","156/505: Nanal Nagar → Panama Godown (27 stops)"
"Nanal Nagar","Gachibowli X Road",17.39620,78.42700,17.43903,78.36295,8.4,30,0,"6L","6L: Nanal Nagar → Gachibowli X Road (5 stops)"
"Nanal Nagar","Abids Grammar School",17.39620,78.42700,17.39333,78.47625,6.3,21,0,"156/505","156/505: Nanal Nagar → Abids Grammar School (9 stops)"
"Nanal Nagar","Dilsukhnagar",17.39620,78.42700,17.36862,78.52366,12.4,42,0,"156/505","156/505: Nanal Nagar → Dilsukhnagar (17 stops)"
"Nanal Nagar","Sathamrai",17.39620,78.42700,17.27452,78.40118,14.7,50,1,"300A/216 → 49M/251","300A/216: Nanal Nagar → Aramghar X Roads (6 stops) | 49M/251: Aramghar → Sathamrai (4 stops)"
"Nanal Nagar","Gajularam X Road",17.39620,78.42700,17.51010,78.44771,17.4,59,1,"19S/505 → 9M/X","19S/505: Nanal Nagar → Sanath Nagar (18 stops) | 9M/X: Sanath Nagar → Gajularam X Road (9 stops)"
"Nanal Nagar","Rc Puram",17.39620,78.42700,17.51362,78.28780,21,72,2,"6L → 113M/217 → 219/27G","6L: Nanal Nagar → Iiit (6 stops) | 113M/217: Iiit → Lingampally (8 stops) | 219/27G: Lingampally → Rc Puram (5 stops)"
"Nanal Nagar","Kphb",17.39620,78.42700,17.49456,78.40081,15.2,52,1,"19S/505 → 19V/M","19S/505: Nanal Nagar → Erragadda (16 stops) | 19V/M: Erragadda → Kphb Metro Station (4 stops)"
"Nanal Nagar","Pisal Banda",17.39620,78.42700,17.33995,78.50379,13.7,47,2,"156/505 → 277K → 460","156/505: Nanal Nagar → Chadarghat (12 stops) | 277K: Chadarghat → Is Sadan (5 stops) | 460: Is Sadan → Pisal Banda (3 stops)"
"Nanal Nagar","Police Lines",17.39620,78.42700,17.44365,78.47499,9.6,37,0,"288D/49M","288D/49M: Nanal Nagar → Prakash Nagar (15 stops)"
"Nanal Nagar","Uppal X Road",17.39620,78.42700,17.40126,78.56007,14.8,50,1,"5G → 113K","5G: Nanal Nagar → Telephone Bhavan (7 stops) | 113K: Telephone Bhavan → Modern Bakery (7 stops)"
"Nanal Nagar","Boats Club",17.39620,78.42700,17.42644,78.48664,8,27,0,"5G","5G: Nanal Nagar → Boats Club (10 stops)"
"Nanal Nagar","Womens College",17.39620,78.42700,17.38481,78.48762,8,28,0,"156/505","156/505: Nanal Nagar → Koti Bank Strret (10 stops)"
"Nanal Nagar","Hydernagar",17.39620,78.42700,17.49919,78.38352,17,57,1,"19S/505 → 10MN","19S/505: Nanal Nagar → Erragadda (16 stops) | 10MN: Erragadda → Hydernagar (6 stops)"
"Nanal Nagar","Charminar",17.39620,78.42700,17.35868,78.47403,10.8,36,2,"156/505 → AA → 253M","156/505: Nanal Nagar → Assembly (7 stops) | AA: Assembly → Afzalgunj (3 stops) | 253M: Afzalgunj → Charminar (3 stops)"
"Nanal Nagar","Hitech City",17.39620,78.42700,17.44995,78.38257,9.5,33,1,"6L → 126M","6L: Nanal Nagar → Khajaguda X Road (4 stops) | 126M: Khajaguda X Road → Hitech City (6 stops)"
"Nanal Nagar","Ameerpet",17.39620,78.42700,17.43155,78.44765,6.4,22,0,"19S/505","19S/505: Nanal Nagar → Ameerpet (12 stops)"
"Nanal Nagar","Gandipet X Road",17.39620,78.42700,17.38500,78.33100,11.9,41,1,"65M/123 → 505","65M/123: Nanal Nagar → Narsingi (10 stops) | 505: Narsingi → Gandipet X Road (4 stops)"
"Nanal Nagar","Gachibowli",17.39620,78.42700,17.43966,78.36356,8.5,31,0,"6L","6L: Nanal Nagar → Gachibowli X Road (5 stops)"
"Nanal Nagar","Miyapur",17.39620,78.42700,17.49669,78.36077,16.7,57,2,"6L → 282K → 222M","6L: Nanal Nagar → Khajaguda X Road (4 stops) | 282K: Khajaguda X Road → Kothaguda X Rd (8 stops) | 222M: Kothaguda X Rd → Miyapur (6 stops)"
"Nanal Nagar","Sr Nagar",17.39620,78.42700,17.44027,78.44260,7.9,27,0,"19S/505","19S/505: Nanal Nagar → Sr Nagar (14 stops)"
"Nanal Nagar","Begumpet",17.39620,78.42700,17.10805,78.55358,40.2,135,1,"471/92C → 478","471/92C: Rethi Bowli → Imamguda (9 stops) | 478: Imamguda → Begumpet (7 stops)"
"Nanal Nagar","Tolichowki",17.39620,78.42700,17.39924,78.41552,1.3,6,0,"116","116: Nanal Nagar → Tolichowki (2 stops)"
"Nanal Nagar","Kondapur",17.39620,78.42700,17.46392,78.36725,11.7,40,1,"6L → 282K","6L: Nanal Nagar → Khajaguda X Road (4 stops) | 282K: Khajaguda X Road → Kothaguda X Rd (8 stops)"
"Nanal Nagar","Madhapur",17.39620,78.42700,17.63017,78.77482,51.5,172,2,"5G → 37/8A → 546","5G: Nanal Nagar → Bata (12 stops) | 37/8A: Bata → Kushaiguda (9 stops) | 546: Kushaiguda → Madhapur (14 stops)"
"Nanal Nagar","Shamshabad",17.39620,78.42700,17.26205,78.38824,16.6,57,1,"300A/216 → 49M/251","300A/216: Nanal Nagar → Aramghar X Roads (6 stops) | 49M/251: Aramghar → Shamshabad (5 stops)"
"Abids Gpo","Secunderabad Railway Station",17.38757,78.47617,17.43426,78.50158,8.5,29,0,"8A/67L","8A/67L: Abids Gpo → Secunderabad Railway Station (12 stops)"
"Abids Gpo","Afzalgunj",17.38757,78.47617,17.37331,78.47693,1.6,6,0,"251M/A","251M/A: Abids Gpo → Afzalgunj (2 stops)"
"Abids Gpo","Alugadda Bhavi",17.38757,78.47617,17.43531,78.51438,8.2,28,1,"8A/67L → 16/20","8A/67L: Abids Gpo → Middle Tank Bund (6 stops) | 16/20: Middle Tank Bund → Alugaddabavi (4 stops)"
"Abids Gpo","Patny",17.38757,78.47617,17.44318,78.49625,7.3,25,0,"8A/67L","8A/67L: Abids Gpo → Bata (9 stops)"
"Abids Gpo","Cbs",17.38757,78.47617,17.37823,78.48168,1.5,6,0,"",""
"Abids Gpo","Erragadda",17.38757,78.47617,17.45617,78.43378,8.9,30,1,"6L → 113K","6L: Abids Gpo → Lakdikapool (2 stops) | 113K: Lakdikapool → Erragadda (5 stops)"
"Abids Gpo","Gajularamaram X Road",17.38757,78.47617,17.50941,78.44817,18.2,61,2,"6L → 113K → 171SM","6L: Abids Gpo → Lakdikapool (2 stops) | 113K: Lakdikapool → Moosapet (6 stops) | 171SM: Moosapet → Gajularamaram X Road (9 stops)"
"Abids Gpo","Jbs",17.38757,78.47617,17.44757,78.49664,7.9,27,1,"8A/67L → 24B","8A/67L: Abids Gpo → Bata (9 stops) | 24B: Bata → Jbs (2 stops)"
"Abids Gpo","Hayathnagar Bus Station",17.38757,78.47617,17.32732,78.60489,17.9,61,1,"251M/A → 72/208C","251M/A: Abids Gpo → Afzalgunj (2 stops) | 72/208C: Afzalgunj → Hayathnagar Bus Station (22 stops)"
"Abids Gpo","Rathifile Bus Station",17.38757,78.47617,17.43457,78.50488,7.3,25,1,"216N/L → 102","216N/L: Abids Gpo → Ramkoti (4 stops) | 102: Ramkoti → Rathifile Bus Station (10 stops)"
"Abids Gpo","Nampally Public Garoaden",17.38757,78.47617,17.39628,78.47082,1.1,4,0,"218I","218I: Abids Gpo → Nampally Public Garoaden (2 stops)"
"Abids Gpo","Lakdikapool",17.38757,78.47617,17.40361,78.46497,2.1,8,0,"6L","6L: Abids Gpo → Lakdikapool (2 stops)"
"Abids Gpo","Ecil Bus Terminal",17.38757,78.47617,17.47253,78.57006,15.3,53,1,"216N/L → 3","216N/L: Abids Gpo → Ramkoti (4 stops) | 3: Ramkoti → Ecil (18 stops)"
"Abids Gpo","Secretariat",17.38757,78.47617,17.40812,78.47182,2.6,9,0,"277S","277S: Nampally Railway Station → Secretariat (2 stops)"
"Abids Gpo","Patancheruvu",17.38757,78.47617,17.52903,78.26428,30.2,101,1,"116G → 300A/217","116G: Abids Gpo → Khajaguda X Road (9 stops) | 300A/217: Khajaguda X Road → Patancheruvu (11 stops)"
"Abids Gpo","Darul Shifa",17.38757,78.47617,17.37327,78.48299,2.2,8,0,"251M/A","251M/A: Abids Gpo → Afzalgunj (2 stops)"
"Abids Gpo","Plaza",17.38757,78.47617,17.44330,78.49066,7.2,24,1,"8A/67L → 8/26S","8A/67L: Abids Gpo → Middle Tank Bund (6 stops) | 8/26S: Middle Tank Bund → Plaza (5 stops)"
"Abids Gpo","Bluesea Cafe",17.38757,78.47617,17.43713,78.50515,8.2,28,0,"8A/67L","8A/67L: Abids Gpo → Sangeeth (11 stops)"
"Abids Gpo","Tarnaka",17.38757,78.47617,17.42571,78.53223,8.5,29,1,"216N/L → 3","216N/L: Abids Gpo → Ramkoti (4 stops) | 3: Ramkoti → Tarnaka (10 stops)"
"Abids Gpo","Lb Nagar X Road",17.38757,78.47617,17.34699,78.55013,11.1,38,1,"251M/A → 72/208C","251M/A: Abids Gpo → Afzalgunj (2 stops) | 72/208C: Afzalgunj → Lb Nagar X Road (13 stops)"
"Abids Gpo","Lingampally Bs",17.38757,78.47617,17.49485,78.31689,23.4,79,1,"116G → 300A/217","116G: Abids Gpo → Khajaguda X Road (9 stops) | 300A/217: Khajaguda X Road → Lingampally Bs (7 stops)"
"Abids Gpo","Kukatpally",17.38757,78.47617,17.48385,78.41242,12.8,43,1,"6L → 113K","6L: Abids Gpo → Lakdikapool (2 stops) | 113K: Lakdikapool → Kukatpally (7 stops)"
"Abids Gpo","Jublee Bus Station",17.38757,78.47617,17.44761,78.49758,10.1,34,1,"8A/67L → AC","8A/67L: Abids Gpo → Secunderabad Railway Station (12 stops) | AC: Secunderabad Railway Station → Jublee Bus Station (2 stops)"
"Abids Gpo","Ibrahimpatnam Bus Station",17.38757,78.47617,17.19144,78.64766,31.4,105,2,"100L → 277Y → 401","100L: Koti Medical College → Chadarghat (2 stops) | 277Y: Chadarghat → Turkyamjal (10 stops) | 401: Turkyamjal → Ibrahimpatnam Bus Station (4 stops)"
"Abids Gpo","Prashanth Nagar",17.38757,78.47617,17.47378,78.42698,11,41,1,"6L → 113K","6L: Abids Gpo → Lakdikapool (2 stops) | 113K: Lakdikapool → Moosapet (6 stops)"
"Abids Gpo","Moosapet",17.38757,78.47617,17.47081,78.42668,10.7,36,1,"6L → 113K","6L: Abids Gpo → Lakdikapool (2 stops) | 113K: Lakdikapool → Moosapet (6 stops)"
"Abids Gpo","Cherlapally Bus Stand",17.38757,78.47617,17.46329,78.61145,18.8,64,2,"216N/L → 203A/3K → 250C/R","216N/L: Abids Gpo → Ramkoti (4 stops) | 203A/3K: Ramkoti → Mallapur (14 stops) | 250C/R: Mallapur → Cherlapally Bus Stand (4 stops)"
"Abids Gpo","Koti Medical College",17.38757,78.47617,17.38310,78.48282,0.9,4,0,"",""
"Abids Gpo","Chadarghat",17.38757,78.47617,17.37722,78.49302,2.5,9,0,"100L","100L: Koti Medical College → Chadarghat (2 stops)"
"Abids Gpo","Kachiguda X Road",17.38757,78.47617,17.39069,78.48938,2.2,12,0,"216N/L","216N/L: Abids Gpo → Ramkoti (4 stops)"
"Abids Gpo","Gandimaisamma",17.38757,78.47617,17.57508,78.42319,25.4,86,2,"251M/A → 72/208C → 524","251M/A: Abids Gpo → Afzalgunj (2 stops) | 72/208C: Afzalgunj → Hayathnagar Bus Station (22 stops) | 524: Hayathnagar Bus Station → Gandimaisamma (5 stops)"
"Abids Gpo","Mehdipatnam",17.38757,78.47617,17.39527,78.43980,4.4,15,0,"116","116: Abids Gpo → Mehdipatnam (8 stops)"
"Abids Gpo","Bata",17.38757,78.47617,17.43600,78.49370,6.4,22,0,"8A/67L","8A/67L: Abids Gpo → Bata (9 stops)"
"Abids Gpo","Jntu X Rd",17.38757,78.47617,17.49672,78.39445,15.2,52,1,"6L → 113K","6L: Abids Gpo → Lakdikapool (2 stops) | 113K: Lakdikapool → Kphb Main Road (8 stops)"
"Abids Gpo","Super Bazar",17.38757,78.47617,17.37193,78.50992,4,14,0,"100L","100L: Koti Medical College → Super Bazar (4 stops)"
"Abids Gpo","Race Course",17.38757,78.47617,17.45076,78.48820,8.1,28,1,"8A/67L → 8/26S","8A/67L: Abids Gpo → Middle Tank Bund (6 stops) | 8/26S: Middle Tank Bund → Race Course (6 stops)"
"Abids Gpo","Punjagutta",17.38757,78.47617,17.42645,78.45141,5,17,1,"6L → 113K","6L: Abids Gpo → Lakdikapool (2 stops) | 113K: Lakdikapool → Nims Hospital (3 stops)"
"Abids Gpo","Balanagar",17.38757,78.47617,17.46697,78.44626,13.1,44,2,"8A/67L → 8/26S → 431","8A/67L: Abids Gpo → Middle Tank Bund (6 stops) | 8/26S: Middle Tank Bund → Race Course (6 stops) | 431: Race Course → Balanagar (4 stops)"
"Abids Gpo","Chintal",17.38757,78.47617,17.49540,78.45210,16.6,56,2,"6L → 113K → 9X","6L: Abids Gpo → Lakdikapool (2 stops) | 113K: Lakdikapool → Moosapet (6 stops) | 9X: Moosapet → Chintal (7 stops)"
"Abids Gpo","Nanal Nagar",17.38757,78.47617,17.39620,78.42700,5.8,20,0,"116","116: Abids Gpo → Nanal Nagar (9 stops)"
"Abids Gpo","Kachiguda Railway Station",17.38757,78.47617,17.38950,78.49726,3.1,12,0,"216N/L","216N/L: Abids Gpo → Tourist Hotel (5 stops)"
"Abids Gpo","Ghatkesar Bus Station",17.38757,78.47617,17.45213,78.68231,25.2,85,2,"115R → 115RR → 500","115R: Koti Medical College → Ali Cafe (6 stops) | 115RR: Ali Cafe → Uppal X Road (9 stops) | 500: Uppal X Road → Ghatkesar Bus Station (2 stops)"
"Abids Gpo","Chengicherla",17.38757,78.47617,17.43313,78.60845,19.2,65,2,"115R → 115RR → 18C/R","115R: Koti Medical College → Ali Cafe (6 stops) | 115RR: Ali Cafe → Boduppal Kamman (12 stops) | 18C/R: Boduppal Kamman → Chengicherla (9 stops)"
"Abids Gpo","Quthbullapur X Rd",17.38757,78.47617,17.49890,78.45176,16.9,57,2,"6L → 113K → 9X","6L: Abids Gpo → Lakdikapool (2 stops) | 113K: Lakdikapool → Moosapet (6 stops) | 9X: Moosapet → Quthbullapur X Rd (8 stops)"
"Abids Gpo","Shapur Nagar",17.38757,78.47617,17.51600,78.44690,18.9,64,2,"6L → 113K → 9M/X","6L: Abids Gpo → Lakdikapool (2 stops) | 113K: Lakdikapool → Moosapet (6 stops) | 9M/X: Moosapet → Shapur Nagar (10 stops)"
"Abids Gpo","Panama Godown",17.38757,78.47617,17.33840,78.56864,11.9,41,1,"100L → 555","100L: Koti Medical College → Dwaraka Nagar Ashtalakshmi Temple (8 stops) | 555: Dwaraka Nagar Ashtalakshmi Temple → Panama Godown (3 stops)"
"Abids Gpo","Gachibowli X Road",17.38757,78.47617,17.43903,78.36295,14.2,48,1,"116 → 6L","116: Abids Gpo → Nanal Nagar (9 stops) | 6L: Nanal Nagar → Gachibowli X Road (5 stops)"
"Abids Gpo","Abids Grammar School",17.38757,78.47617,17.39333,78.47625,1.5,5,0,"",""
"Abids Gpo","Dilsukhnagar",17.38757,78.47617,17.36862,78.52366,5.6,20,0,"100L","100L: Koti Medical College → Dilsukhnagar (6 stops)"
"Abids Gpo","Sathamrai",17.38757,78.47617,17.27452,78.40118,15.7,53,0,"251M/A","251M/A: Abids Gpo → Sathamrai (9 stops)"
"Abids Gpo","Gajularam X Road",17.38757,78.47617,17.51010,78.44771,18.3,61,2,"6L → 113K → 9M/X","6L: Abids Gpo → Lakdikapool (2 stops) | 113K: Lakdikapool → Moosapet (6 stops) | 9M/X: Moosapet → Gajularam X Road (9 stops)"
"Abids Gpo","Rc Puram",17.38757,78.47617,17.51362,78.28780,27.2,91,1,"116G → 300A/217","116G: Abids Gpo → Khajaguda X Road (9 stops) | 300A/217: Khajaguda X Road → Rc Puram (9 stops)"
"Abids Gpo","Kphb",17.38757,78.47617,17.49456,78.40081,14.5,52,1,"6L → 113K","6L: Abids Gpo → Lakdikapool (2 stops) | 113K: Lakdikapool → Kphb Main Road (8 stops)"
"Abids Gpo","Pisal Banda",17.38757,78.47617,17.33995,78.50379,7,25,2,"100L → 277K → 460","100L: Koti Medical College → Chadarghat (2 stops) | 277K: Chadarghat → Is Sadan (5 stops) | 460: Is Sadan → Pisal Banda (3 stops)"
"Abids Gpo","Police Lines",17.38757,78.47617,17.44365,78.47499,8.9,34,1,"6L → 49","6L: Abids Gpo → Lakdikapool (2 stops) | 49: Lakdikapool → Prakash Nagar (11 stops)"
"Abids Gpo","Uppal X Road",17.38757,78.47617,17.40126,78.56007,11.1,38,1,"115R → 71","115R: Koti Medical College → Ramanthapur  Public School (12 stops) | 71: Ramanthapur  Public School → Uppal X Road (4 stops)"
"Abids Gpo","Boats Club",17.38757,78.47617,17.42644,78.48664,5.4,18,0,"8A/67L","8A/67L: Abids Gpo → Boats Club (7 stops)"
"Abids Gpo","Womens College",17.38757,78.47617,17.38481,78.48762,1.3,6,0,"",""
"Abids Gpo","Hydernagar",17.38757,78.47617,17.49919,78.38352,16.3,55,2,"6L → 113K → 10MN","6L: Abids Gpo → Lakdikapool (2 stops) | 113K: Lakdikapool → Kphb Main Road (8 stops) | 10MN: Kphb Main Road → Hydernagar (3 stops)"
"Abids Gpo","Charminar",17.38757,78.47617,17.35868,78.47403,4.1,15,1,"251M/A → 253M","251M/A: Abids Gpo → Afzalgunj (2 stops) | 253M: Afzalgunj → Charminar (3 stops)"
"Abids Gpo","Hitech City",17.38757,78.47617,17.44995,78.38257,14,47,1,"6L → 222A","6L: Abids Gpo → Mahavir Hospital (3 stops) | 222A: Mahavir Hospital → Hitech City (15 stops)"
"Abids Gpo","Ameerpet",17.38757,78.47617,17.43155,78.44765,5.8,20,2,"6L → 113K → 83J/A","6L: Abids Gpo → Lakdikapool (2 stops) | 113K: Lakdikapool → Nims Hospital (3 stops) | 83J/A: Nims Hospital → Ameerpet (3 stops)"
"Abids Gpo","Gandipet X Road",17.38757,78.47617,17.38500,78.33100,17.7,61,2,"116 → 65M/123 → 505","116: Abids Gpo → Tolichowki (10 stops) | 65M/123: Tolichowki → Narsingi (9 stops) | 505: Narsingi → Gandipet X Road (4 stops)"
"Abids Gpo","Gachibowli",17.38757,78.47617,17.43966,78.36356,14.8,50,1,"116G → 300C/216","116G: Abids Gpo → Khajaguda X Road (9 stops) | 300C/216: Khajaguda X Road → Gachibowli (2 stops)"
"Abids Gpo","Miyapur",17.38757,78.47617,17.49669,78.36077,19.1,64,2,"6L → 113K → 10MN","6L: Abids Gpo → Lakdikapool (2 stops) | 113K: Lakdikapool → Kphb Main Road (8 stops) | 10MN: Kphb Main Road → Miyapur (4 stops)"
"Abids Gpo","Sr Nagar",17.38757,78.47617,17.44027,78.44260,7.2,25,1,"6L → 113K","6L: Abids Gpo → Lakdikapool (2 stops) | 113K: Lakdikapool → Sr Nagar (4 stops)"
"Abids Gpo","Begumpet",17.38757,78.47617,17.10805,78.55358,38.6,130,2,"251M/A → 8A/253M → 478","251M/A: Abids Gpo → Afzalgunj (2 stops) | 8A/253M: Afzalgunj → Imamguda (16 stops) | 478: Imamguda → Begumpet (7 stops)"
"Abids Gpo","Tolichowki",17.38757,78.47617,17.39924,78.41552,7,24,0,"116","116: Abids Gpo → Tolichowki (10 stops)"
"Abids Gpo","Kondapur",17.38757,78.47617,17.46392,78.36725,16.5,56,1,"6L → 222A","6L: Abids Gpo → Mahavir Hospital (3 stops) | 222A: Mahavir Hospital → Kondapur (20 stops)"
"Abids Gpo","Madhapur",17.38757,78.47617,17.63017,78.77482,46.5,156,2,"216N/L → 3 → 546","216N/L: Abids Gpo → Ramkoti (4 stops) | 3: Ramkoti → Kushaiguda (19 stops) | 546: Kushaiguda → Madhapur (14 stops)"
"Abids Gpo","Shamshabad",17.38757,78.47617,17.26205,78.38824,17.7,60,0,"251M/A","251M/A: Abids Gpo → Shamshabad (10 stops)"
"Kachiguda Railway Station","Secunderabad Railway Station",17.38950,78.49726,17.43426,78.50158,6.6,23,0,"2U","2U: Kachiguda Railway Station → Chilkalguda (12 stops)"
"Kachiguda Railway Station","Afzalgunj",17.38950,78.49726,17.37331,78.47693,3,10,0,"2U","2U: Kachiguda Railway Station → Afzalgunj (5 stops)"
"Kachiguda Railway Station","Alugadda Bhavi",17.38950,78.49726,17.43531,78.51438,7,24,1,"2U → 15H/20","2U: Kachiguda Railway Station → Musheerabad Police Station (9 stops) | 15H/20: Musheerabad Police Station → Alugaddabavi (3 stops)"
"Kachiguda Railway Station","Patny",17.38950,78.49726,17.44318,78.49625,7.7,26,1,"2U → 1/25S","2U: Kachiguda Railway Station → Chilkalguda (12 stops) | 1/25S: Chilkalguda → Patny (3 stops)"
"Kachiguda Railway Station","Cbs",17.38950,78.49726,17.37823,78.48168,2.2,8,0,"2U","2U: Kachiguda Railway Station → Cbs (4 stops)"
"Kachiguda Railway Station","Erragadda",17.38950,78.49726,17.45617,78.43378,11.3,39,1,"83J/A → 113F","83J/A: Kachiguda X Road → Secretariat (9 stops) | 113F: Secretariat → Erragadda (12 stops)"
"Kachiguda Railway Station","Gajularamaram X Road",17.38950,78.49726,17.50941,78.44817,18.9,64,3,"2U → 2J → 567G → 171SM","2U: Kachiguda Railway Station → Rathifile Bus Station (13 stops) | 2J: Rathifile Bus Station → Jublee Bus Station (3 stops) | 567G: Jublee Bus Station → Chintal (6 stops) | 171SM: Chintal → Gajularamaram X Road (3 stops)"
"Kachiguda Railway Station","Jbs",17.38950,78.49726,17.44757,78.49664,8.3,28,1,"2U → 90D","2U: Kachiguda Railway Station → Chilkalguda (12 stops) | 90D: Chilkalguda → Jbs (4 stops)"
"Kachiguda Railway Station","Hayathnagar Bus Station",17.38950,78.49726,17.32732,78.60489,16.2,56,1,"107VR → 524","107VR: Tourist Hotel → Ntr Nagar (12 stops) | 524: Ntr Nagar → Hayathnagar Bus Station (8 stops)"
"Kachiguda Railway Station","Rathifile Bus Station",17.38950,78.49726,17.43457,78.50488,6.3,22,0,"2U","2U: Kachiguda Railway Station → Rathifile Bus Station (13 stops)"
"Kachiguda Railway Station","Nampally Public Garoaden",17.38950,78.49726,17.39628,78.47082,3.9,14,0,"127K","127K: Kachiguda X Road → Nampally Public Garoaden (5 stops)"
"Kachiguda Railway Station","Lakdikapool",17.38950,78.49726,17.40361,78.46497,4.9,17,0,"127K","127K: Kachiguda X Road → Lakdikapool (6 stops)"
"Kachiguda Railway Station","Ecil Bus Terminal",17.38950,78.49726,17.47253,78.57006,13.5,46,1,"2U → 3K/251","2U: Kachiguda Railway Station → Shankar Matt (3 stops) | 3K/251: Shankar Matt → Ecil Bus Terminal (18 stops)"
"Kachiguda Railway Station","Secretariat",17.38950,78.49726,17.40812,78.47182,4.2,15,0,"83J/A","83J/A: Kachiguda X Road → Secretariat (9 stops)"
"Kachiguda Railway Station","Patancheruvu",17.38950,78.49726,17.52903,78.26428,31.3,105,2,"2U → 6X → 113M/217","2U: Kachiguda Railway Station → Tsrtc Bus Bhavan (5 stops) | 6X: Tsrtc Bus Bhavan → Ashok Nagar (3 stops) | 113M/217: Ashok Nagar → Patancheruvu (6 stops)"
"Kachiguda Railway Station","Darul Shifa",17.38950,78.49726,17.37327,78.48299,3.6,13,0,"2U","2U: Kachiguda Railway Station → Darul Shifa (6 stops)"
"Kachiguda Railway Station","Plaza",17.38950,78.49726,17.44330,78.49066,8.1,28,1,"2U → 10JB","2U: Kachiguda Railway Station → Chilkalguda (12 stops) | 10JB: Secunderabad Railway Station → Plaza (2 stops)"
"Kachiguda Railway Station","Bluesea Cafe",17.38950,78.49726,17.43713,78.50515,6.6,23,0,"2U","2U: Kachiguda Railway Station → Rathifile Bus Station (13 stops)"
"Kachiguda Railway Station","Tarnaka",17.38950,78.49726,17.42571,78.53223,5.5,19,1,"2U → 3K/251","2U: Kachiguda Railway Station → Shankar Matt (3 stops) | 3K/251: Shankar Matt → Tarnaka (6 stops)"
"Kachiguda Railway Station","Lb Nagar X Road",17.38950,78.49726,17.34699,78.55013,10.1,36,0,"107VR","107VR: Tourist Hotel → Lb Nagar X Road (14 stops)"
"Kachiguda Railway Station","Lingampally Bs",17.38950,78.49726,17.49485,78.31689,25.4,85,1,"216 → 300C/216","216: Kachiguda Railway Station → Darga (15 stops) | 300C/216: Darga → Lingampally Bs (8 stops)"
"Kachiguda Railway Station","Kukatpally",17.38950,78.49726,17.48385,78.41242,15.2,52,2,"83J/A → 113F → 10MN","83J/A: Kachiguda X Road → Secretariat (9 stops) | 113F: Secretariat → Erragadda (12 stops) | 10MN: Erragadda → Kukatpally (3 stops)"
"Kachiguda Railway Station","Jublee Bus Station",17.38950,78.49726,17.44761,78.49758,8.2,28,1,"2U → 2J","2U: Kachiguda Railway Station → Rathifile Bus Station (13 stops) | 2J: Rathifile Bus Station → Jublee Bus Station (3 stops)"
"Kachiguda Railway Station","Ibrahimpatnam Bus Station",17.38950,78.49726,17.19144,78.64766,30.6,102,3,"2U → 540MA → 277K → 401","2U: Kachiguda Railway Station → Chadarghat Mch Quarters (3 stops) | 540MA: Chadarghat Mch Quarters → Is Sadan (3 stops) | 277K: Is Sadan → Bongloor X Road (11 stops) | 401: Bongloor X Road → Ibrahimpatnam Bus Station (3 stops)"
"Kachiguda Railway Station","Prashanth Nagar",17.38950,78.49726,17.47378,78.42698,8.3,29,1,"2U → 3K/251","2U: Kachiguda Railway Station → Shankar Matt (3 stops) | 3K/251: Shankar Matt → Lalapet (9 stops)"
"Kachiguda Railway Station","Moosapet",17.38950,78.49726,17.47081,78.42668,13.1,45,2,"83J/A → 113F → 9EM","83J/A: Kachiguda X Road → Secretariat (9 stops) | 113F: Secretariat → Erragadda (12 stops) | 9EM: Erragadda → Moosapet (2 stops)"
"Kachiguda Railway Station","Cherlapally Bus Stand",17.38950,78.49726,17.46329,78.61145,20.3,69,1,"2U → 3K/251","2U: Kachiguda Railway Station → Shankar Matt (3 stops) | 3K/251: Shankar Matt → Cherlapally Bus Stand (23 stops)"
"Kachiguda Railway Station","Koti Medical College",17.38950,78.49726,17.38310,78.48282,1.9,7,0,"216","216: Kachiguda Railway Station → Koti Medical College (3 stops)"
"Kachiguda Railway Station","Chadarghat",17.38950,78.49726,17.37722,78.49302,1.1,8,0,"",""
"Kachiguda Railway Station","Kachiguda X Road",17.38950,78.49726,17.39069,78.48938,0.8,3,0,"",""
"Kachiguda Railway Station","Gandimaisamma",17.38950,78.49726,17.57508,78.42319,23.7,81,1,"107VR → 524","107VR: Tourist Hotel → Ntr Nagar (12 stops) | 524: Ntr Nagar → Gandimaisamma (12 stops)"
"Kachiguda Railway Station","Mehdipatnam",17.38950,78.49726,17.39527,78.43980,7,24,0,"216","216: Kachiguda Railway Station → Mehdipatnam (10 stops)"
"Kachiguda Railway Station","Bata",17.38950,78.49726,17.43600,78.49370,7.4,25,1,"2U → 3D","2U: Kachiguda Railway Station → Chilkalguda (12 stops) | 3D: Chilkalguda → Bata (3 stops)"
"Kachiguda Railway Station","Jntu X Rd",17.38950,78.49726,17.49672,78.39445,21.6,75,1,"127K → 198/224","127K: Kachiguda X Road → Hitech City (22 stops) | 198/224: Hitech City → Jntu X Road (5 stops)"
"Kachiguda Railway Station","Super Bazar",17.38950,78.49726,17.37193,78.50992,3.2,11,1,"2U → 72/100GL","2U: Kachiguda Railway Station → Chadarghat Mch Quarters (3 stops) | 72/100GL: Jail Garden → Super Bazar (3 stops)"
"Kachiguda Railway Station","Race Course",17.38950,78.49726,17.45076,78.48820,8.9,30,2,"2U → 90D → 186","2U: Kachiguda Railway Station → Chilkalguda (12 stops) | 90D: Chilkalguda → Patny (3 stops) | 186: Patny → Race Course (2 stops)"
"Kachiguda Railway Station","Punjagutta",17.38950,78.49726,17.42645,78.45141,7.5,26,1,"83J/A → 113F","83J/A: Kachiguda X Road → Secretariat (9 stops) | 113F: Secretariat → Punjagutta (6 stops)"
"Kachiguda Railway Station","Balanagar",17.38950,78.49726,17.46697,78.44626,14.1,47,2,"2U → 90D → 186","2U: Kachiguda Railway Station → Chilkalguda (12 stops) | 90D: Chilkalguda → Patny (3 stops) | 186: Patny → Balanagar (5 stops)"
"Kachiguda Railway Station","Chintal",17.38950,78.49726,17.49540,78.45210,17.3,59,2,"2U → 2J → 567G","2U: Kachiguda Railway Station → Rathifile Bus Station (13 stops) | 2J: Rathifile Bus Station → Jublee Bus Station (3 stops) | 567G: Jublee Bus Station → Chintal (6 stops)"
"Kachiguda Railway Station","Nanal Nagar",17.38950,78.49726,17.39620,78.42700,8.3,28,0,"216","216: Kachiguda Railway Station → Nanal Nagar (11 stops)"
"Kachiguda Railway Station","Abids Gpo",17.38950,78.49726,17.38757,78.47617,2.6,9,0,"127K","127K: Kachiguda X Road → Abids Gpo (3 stops)"
"Kachiguda Railway Station","Ghatkesar Bus Station",17.38950,78.49726,17.45213,78.68231,21.3,72,1,"113Z/M → 500","113Z/M: Fever Hospital → Uppal X Road (10 stops) | 500: Uppal X Road → Ghatkesar Bus Station (2 stops)"
"Kachiguda Railway Station","Chengicherla",17.38950,78.49726,17.43313,78.60845,14.6,49,2,"113Z/M → 284P → 18CR","113Z/M: Fever Hospital → Uppal Bus Station (12 stops) | 284P: Uppal Bus Station → Medipally (3 stops) | 18CR: Medipally → Chengicherla (3 stops)"
"Kachiguda Railway Station","Quthbullapur X Rd",17.38950,78.49726,17.49890,78.45176,17.7,60,2,"2U → 2J → 567G","2U: Kachiguda Railway Station → Rathifile Bus Station (13 stops) | 2J: Rathifile Bus Station → Jublee Bus Station (3 stops) | 567G: Jublee Bus Station → Chintal (6 stops)"
"Kachiguda Railway Station","Shapur Nagar",17.38950,78.49726,17.51600,78.44690,19.7,66,2,"2U → 2J → 567G","2U: Kachiguda Railway Station → Rathifile Bus Station (13 stops) | 2J: Rathifile Bus Station → Jublee Bus Station (3 stops) | 567G: Jublee Bus Station → Shapur Nagar (7 stops)"
"Kachiguda Railway Station","Panama Godown",17.38950,78.49726,17.33840,78.56864,12.1,43,1,"107VR → 524","107VR: Tourist Hotel → Ntr Nagar (12 stops) | 524: Ntr Nagar → Panama Godown (4 stops)"
"Kachiguda Railway Station","Gachibowli X Road",17.38950,78.49726,17.43903,78.36295,16.7,57,1,"216 → 6L","216: Kachiguda Railway Station → Khajaguda X Road (16 stops) | 6L: Khajaguda X Road → Gachibowli X Road (2 stops)"
"Kachiguda Railway Station","Abids Grammar School",17.38950,78.49726,17.39333,78.47625,4.1,14,0,"127K","127K: Kachiguda X Road → Nampally Railway Station (4 stops)"
"Kachiguda Railway Station","Dilsukhnagar",17.38950,78.49726,17.36862,78.52366,5.7,21,0,"107VR","107VR: Tourist Hotel → Dilsukhnagar (8 stops)"
"Kachiguda Railway Station","Sathamrai",17.38950,78.49726,17.27452,78.40118,16.8,57,2,"2U → AA → 188","2U: Kachiguda Railway Station → Afzalgunj (5 stops) | AA: Afzalgunj → Aramghar (3 stops) | 188: Aramghar → Sathamrai (4 stops)"
"Kachiguda Railway Station","Gajularam X Road",17.38950,78.49726,17.51010,78.44771,19,64,3,"2U → 2J → 567G → 9M/X","2U: Kachiguda Railway Station → Rathifile Bus Station (13 stops) | 2J: Rathifile Bus Station → Jublee Bus Station (3 stops) | 567G: Jublee Bus Station → Chintal (6 stops) | 9M/X: Chintal → Gajularam X Road (3 stops)"
"Kachiguda Railway Station","Rc Puram",17.38950,78.49726,17.51362,78.28780,28.2,95,2,"2U → 6X → 113M/217","2U: Kachiguda Railway Station → Tsrtc Bus Bhavan (5 stops) | 6X: Tsrtc Bus Bhavan → Ashok Nagar (3 stops) | 113M/217: Ashok Nagar → Rc Puram (3 stops)"
"Kachiguda Railway Station","Kphb",17.38950,78.49726,17.49456,78.40081,17,58,2,"83J/A → 113F → 9EM","83J/A: Kachiguda X Road → Secretariat (9 stops) | 113F: Secretariat → Erragadda (12 stops) | 9EM: Erragadda → Kphb Metro Station (4 stops)"
"Kachiguda Railway Station","Pisal Banda",17.38950,78.49726,17.33995,78.50379,6.1,21,2,"2U → 540MA → 460","2U: Kachiguda Railway Station → Chadarghat Mch Quarters (3 stops) | 540MA: Chadarghat Mch Quarters → Is Sadan (3 stops) | 460: Is Sadan → Pisal Banda (3 stops)"
"Kachiguda Railway Station","Police Lines",17.38950,78.49726,17.44365,78.47499,9.8,33,1,"2U → 47YN","2U: Kachiguda Railway Station → Chilkalguda (12 stops) | 47YN: Secunderabad Railway Station → Police Lines (3 stops)"
"Kachiguda Railway Station","Uppal X Road",17.38950,78.49726,17.40126,78.56007,7.4,25,0,"113Z/M","113Z/M: Fever Hospital → Uppal X Road (10 stops)"
"Kachiguda Railway Station","Boats Club",17.38950,78.49726,17.42644,78.48664,6,21,1,"83J/A → 7Z","83J/A: Kachiguda X Road → Liberty (8 stops) | 7Z: Liberty → Boats Club (3 stops)"
"Kachiguda Railway Station","Womens College",17.38950,78.49726,17.38481,78.48762,1.6,7,0,"",""
"Kachiguda Railway Station","Hydernagar",17.38950,78.49726,17.49919,78.38352,18.8,64,2,"83J/A → 113F → 9EM","83J/A: Kachiguda X Road → Secretariat (9 stops) | 113F: Secretariat → Erragadda (12 stops) | 9EM: Erragadda → Hydernagar (5 stops)"
"Kachiguda Railway Station","Charminar",17.38950,78.49726,17.35868,78.47403,5.9,20,0,"2U","2U: Kachiguda Railway Station → Charminar (10 stops)"
"Kachiguda Railway Station","Hitech City",17.38950,78.49726,17.44995,78.38257,16.3,55,0,"127K","127K: Kachiguda X Road → Hitech City (22 stops)"
"Kachiguda Railway Station","Ameerpet",17.38950,78.49726,17.43155,78.44765,8.2,28,1,"83J/A → 113F","83J/A: Kachiguda X Road → Secretariat (9 stops) | 113F: Secretariat → Ameerpet (8 stops)"
"Kachiguda Railway Station","Gandipet X Road",17.38950,78.49726,17.38500,78.33100,20.1,68,2,"216 → 65M/123 → 505","216: Kachiguda Railway Station → Tolichowki (12 stops) | 65M/123: Tolichowki → Narsingi (9 stops) | 505: Narsingi → Gandipet X Road (4 stops)"
"Kachiguda Railway Station","Gachibowli",17.38950,78.49726,17.43966,78.36356,16.7,56,1,"216 → 300C/216","216: Kachiguda Railway Station → Darga (15 stops) | 300C/216: Darga → Gachibowli (3 stops)"
"Kachiguda Railway Station","Miyapur",17.38950,78.49726,17.49669,78.36077,23.8,80,1,"127K → 222M","127K: Kachiguda X Road → Kothaguda X Rd (26 stops) | 222M: Kothaguda X Rd → Miyapur (6 stops)"
"Kachiguda Railway Station","Sr Nagar",17.38950,78.49726,17.44027,78.44260,9.7,33,1,"83J/A → 113F","83J/A: Kachiguda X Road → Secretariat (9 stops) | 113F: Secretariat → Sr Nagar (10 stops)"
"Kachiguda Railway Station","Begumpet",17.38950,78.49726,17.10805,78.55358,39.3,131,2,"2U → 540MA → 478","2U: Kachiguda Railway Station → Chadarghat Mch Quarters (3 stops) | 540MA: Chadarghat Mch Quarters → Imamguda (12 stops) | 478: Imamguda → Begumpet (7 stops)"
"Kachiguda Railway Station","Tolichowki",17.38950,78.49726,17.39924,78.41552,9.6,32,0,"216","216: Kachiguda Railway Station → Tolichowki (12 stops)"
"Kachiguda Railway Station","Kondapur",17.38950,78.49726,17.46392,78.36725,18.8,64,0,"127K","127K: Kachiguda X Road → Kothaguda X Rd (26 stops)"
"Kachiguda Railway Station","Madhapur",17.38950,78.49726,17.63017,78.77482,44.8,150,2,"2U → 3K/251 → 546","2U: Kachiguda Railway Station → Shankar Matt (3 stops) | 3K/251: Shankar Matt → Kushaiguda (19 stops) | 546: Kushaiguda → Madhapur (14 stops)"
"Kachiguda Railway Station","Shamshabad",17.38950,78.49726,17.26205,78.38824,18.6,63,1,"2U → AA","2U: Kachiguda Railway Station → Afzalgunj (5 stops) | AA: Afzalgunj → Shamshabad (4 stops)"
"Ghatkesar Bus Station","Secunderabad Railway Station",17.45213,78.68231,17.43426,78.50158,21.7,73,1,"594 → 18/272G","594: Ghatkesar Bus Station → Uppal X Road (2 stops) | 18/272G: Uppal X Road → Secunderabad Railway Station (9 stops)"
"Ghatkesar Bus Station","Afzalgunj",17.45213,78.68231,17.37331,78.47693,24,80,1,"549 → 71A/D","549: Ghatkesar Bus Station → Uppal X Road Junction (3 stops) | 71A/D: Uppal X Road Junction → Afzalgunj (8 stops)"
"Ghatkesar Bus Station","Alugadda Bhavi",17.45213,78.68231,17.43531,78.51438,20.3,68,1,"594 → 219/18C","594: Ghatkesar Bus Station → Uppal X Road (2 stops) | 219/18C: Uppal X Road → Alugadda Bhavi (7 stops)"
"Ghatkesar Bus Station","Patny",17.45213,78.68231,17.44318,78.49625,22.8,77,1,"594 → 18/272G","594: Ghatkesar Bus Station → Uppal X Road (2 stops) | 18/272G: Uppal X Road → Patny (10 stops)"
"Ghatkesar Bus Station","Cbs",17.45213,78.68231,17.37823,78.48168,23.2,78,2,"549 → 71A/D → 71A","549: Ghatkesar Bus Station → Uppal X Road Junction (3 stops) | 71A/D: Uppal X Road Junction → Kachiguda Kamelatwd Mgbs (6 stops) | 71A: Kachiguda Kamelatwd Mgbs → Cbs (3 stops)"
"Ghatkesar Bus Station","Erragadda",17.45213,78.68231,17.45617,78.43378,31.5,106,2,"549 → 71A/D → 113K","549: Ghatkesar Bus Station → Uppal X Road Junction (3 stops) | 71A/D: Uppal X Road Junction → Ramanthapur Public School (3 stops) | 113K: Ramanthapur Public School → Erragadda (10 stops)"
"Ghatkesar Bus Station","Gajularamaram X Road",17.45213,78.68231,17.50941,78.44817,34.8,118,1,"594 → 18/272G","594: Ghatkesar Bus Station → Uppal X Road (2 stops) | 18/272G: Uppal X Road → Gajularam X Road (27 stops)"
"Ghatkesar Bus Station","Jbs",17.45213,78.68231,17.44757,78.49664,22.5,76,1,"594 → 279","594: Ghatkesar Bus Station → Uppal X Road (2 stops) | 279: Uppal X Road → Jbs (2 stops)"
"Ghatkesar Bus Station","Hayathnagar Bus Station",17.45213,78.68231,17.32732,78.60489,26.7,91,2,"549 → 300/532 → 555","549: Ghatkesar Bus Station → Uppal X Road Junction (3 stops) | 300/532: Uppal X Road Junction → Lb Nagar (5 stops) | 555: Lb Nagar X Road → Hayathnagar Bus Station (4 stops)"
"Ghatkesar Bus Station","Rathifile Bus Station",17.45213,78.68231,17.43457,78.50488,21.4,72,1,"594 → 219/18C","594: Ghatkesar Bus Station → Uppal X Road (2 stops) | 219/18C: Uppal X Road → Rathifile Bus Station (9 stops)"
"Ghatkesar Bus Station","Nampally Public Garoaden",17.45213,78.68231,17.39628,78.47082,26.8,90,2,"549 → 71A/D → 70A","549: Ghatkesar Bus Station → Uppal X Road Junction (3 stops) | 71A/D: Uppal X Road Junction → Afzalgunj (8 stops) | 70A: Afzalgunj → Nampally Public Garoaden (4 stops)"
"Ghatkesar Bus Station","Lakdikapool",17.45213,78.68231,17.40361,78.46497,24.8,83,2,"549 → 71A/D → 113K","549: Ghatkesar Bus Station → Uppal X Road Junction (3 stops) | 71A/D: Uppal X Road Junction → Ramanthapur Public School (3 stops) | 113K: Ramanthapur Public School → Lakdikapool (6 stops)"
"Ghatkesar Bus Station","Ecil Bus Terminal",17.45213,78.68231,17.47253,78.57006,15.4,52,2,"280 → 281/25S → 3K/242","280: Ghatkesar Bus Station → Shivareddy Guda (2 stops) | 281/25S: Shivareddy Guda → Nagaram (12 stops) | 3K/242: Nagaram → Ecil Bus Terminal (5 stops)"
"Ghatkesar Bus Station","Secretariat",17.45213,78.68231,17.40812,78.47182,24.2,81,2,"549 → 71A/D → 113K","549: Ghatkesar Bus Station → Uppal X Road Junction (3 stops) | 71A/D: Uppal X Road Junction → Ramanthapur Public School (3 stops) | 113K: Ramanthapur Public School → Inbar (5 stops)"
"Ghatkesar Bus Station","Patancheruvu",17.45213,78.68231,17.52903,78.26428,51.3,171,2,"594 → 18/272G → 24N/219","594: Ghatkesar Bus Station → Uppal X Road (2 stops) | 18/272G: Uppal X Road → Balanagar (19 stops) | 24N/219: Balanagar → Patancheruvu (21 stops)"
"Ghatkesar Bus Station","Darul Shifa",17.45213,78.68231,17.37327,78.48299,23.6,79,2,"549 → 71A/D → 72","549: Ghatkesar Bus Station → Uppal X Road Junction (3 stops) | 71A/D: Uppal X Road Junction → Chadarghat (7 stops) | 72: Chadarghat → Darul Shifa (4 stops)"
"Ghatkesar Bus Station","Plaza",17.45213,78.68231,17.44330,78.49066,23.3,78,2,"594 → 18/272G → 10JB","594: Ghatkesar Bus Station → Uppal X Road (2 stops) | 18/272G: Uppal X Road → Secunderabad Railway Station (9 stops) | 10JB: Secunderabad Railway Station → Plaza (2 stops)"
"Ghatkesar Bus Station","Bluesea Cafe",17.45213,78.68231,17.43713,78.50515,21.3,72,2,"594 → 219/18C → 242","594: Ghatkesar Bus Station → Uppal X Road (2 stops) | 219/18C: Uppal X Road → Alugadda Bhavi (7 stops) | 242: Alugadda Bhavi → Bluesea Cafe (2 stops)"
"Ghatkesar Bus Station","Tarnaka",17.45213,78.68231,17.42571,78.53223,18.1,61,1,"594 → 18","594: Ghatkesar Bus Station → Uppal X Road (2 stops) | 18: Uppal X Road → Tarnaka (5 stops)"
"Ghatkesar Bus Station","Lb Nagar X Road",17.45213,78.68231,17.34699,78.55013,20.6,70,1,"549 → 300/532","549: Ghatkesar Bus Station → Uppal X Road Junction (3 stops) | 300/532: Uppal X Road Junction → Lb Nagar (5 stops)"
"Ghatkesar Bus Station","Lingampally Bs",17.45213,78.68231,17.49485,78.31689,44.4,149,2,"594 → 18/272G → 24N/219","594: Ghatkesar Bus Station → Uppal X Road (2 stops) | 18/272G: Uppal X Road → Balanagar (19 stops) | 24N/219: Balanagar → Lingampally Bs (16 stops)"
"Ghatkesar Bus Station","Kukatpally",17.45213,78.68231,17.48385,78.41242,33,112,2,"280 → 281/25S → 19MB","280: Ghatkesar Bus Station → Shivareddy Guda (2 stops) | 281/25S: Shivareddy Guda → Balajinagar (Twd Secunderabad (18 stops) | 19MB: Balajinagar (Twd Secunderabad → Kukatpally (2 stops)"
"Ghatkesar Bus Station","Jublee Bus Station",17.45213,78.68231,17.44761,78.49758,23.3,78,2,"594 → 18/272G → AC","594: Ghatkesar Bus Station → Uppal X Road (2 stops) | 18/272G: Uppal X Road → Secunderabad Railway Station (9 stops) | AC: Secunderabad Railway Station → Jublee Bus Station (2 stops)"
"Ghatkesar Bus Station","Ibrahimpatnam Bus Station",17.45213,78.68231,17.19144,78.64766,42.5,142,3,"549 → 300/532 → 300L/279K → 401","549: Ghatkesar Bus Station → Uppal X Road Junction (3 stops) | 300/532: Uppal X Road Junction → Lb Nagar (5 stops) | 300L/279K: Lb Nagar → Bongloor X Road (16 stops) | 401: Bongloor X Road → Ibrahimpatnam Bus Station (3 stops)"
"Ghatkesar Bus Station","Prashanth Nagar",17.45213,78.68231,17.47378,78.42698,21,71,1,"594 → 3K/90L","594: Ghatkesar Bus Station → Uppal X Road (2 stops) | 3K/90L: Uppal X Road → Lalapet (8 stops)"
"Ghatkesar Bus Station","Moosapet",17.45213,78.68231,17.47081,78.42668,32,107,2,"594 → 18/272G → 9K","594: Ghatkesar Bus Station → Uppal X Road (2 stops) | 18/272G: Uppal X Road → Balanagar (19 stops) | 9K: Balanagar → Moosapet (3 stops)"
"Ghatkesar Bus Station","Cherlapally Bus Stand",17.45213,78.68231,17.46329,78.61145,8.9,30,2,"280 → 281/25S → 250C/R","280: Ghatkesar Bus Station → Shivareddy Guda (2 stops) | 281/25S: Shivareddy Guda → Rampally Village (4 stops) | 250C/R: Rampally Village → Cherlapally Bus Stand (3 stops)"
"Ghatkesar Bus Station","Koti Medical College",17.45213,78.68231,17.38310,78.48282,23,77,2,"549 → 71A/D → 115R","549: Ghatkesar Bus Station → Uppal X Road Junction (3 stops) | 71A/D: Uppal X Road Junction → Kachiguda Kamelatwd Mgbs (6 stops) | 115R: Kachiguda Kamelatwd Mgbs → Koti Medical College (3 stops)"
"Ghatkesar Bus Station","Chadarghat",17.45213,78.68231,17.37722,78.49302,22.1,74,1,"549 → 71A/D","549: Ghatkesar Bus Station → Uppal X Road Junction (3 stops) | 71A/D: Uppal X Road Junction → Chadarghat (7 stops)"
"Ghatkesar Bus Station","Kachiguda X Road",17.45213,78.68231,17.39069,78.48938,23.9,80,2,"549 → 71A/D → 107","549: Ghatkesar Bus Station → Uppal X Road Junction (3 stops) | 71A/D: Uppal X Road Junction → Kachiguda Kamelatwd Mgbs (6 stops) | 107: Kachiguda Kamelatwd Mgbs → Kachiguda Railway Station (4 stops)"
"Ghatkesar Bus Station","Gandimaisamma",17.45213,78.68231,17.57508,78.42319,34.2,116,3,"549 → 300/532 → 555 → 205","549: Ghatkesar Bus Station → Uppal X Road Junction (3 stops) | 300/532: Uppal X Road Junction → Lb Nagar (5 stops) | 555: Lb Nagar X Road → Orr (7 stops) | 205: Orr → Gandimaisamma (2 stops)"
"Ghatkesar Bus Station","Mehdipatnam",17.45213,78.68231,17.39527,78.43980,27.7,93,3,"549 → 71A/D → 113K → 6L","549: Ghatkesar Bus Station → Uppal X Road Junction (3 stops) | 71A/D: Uppal X Road Junction → Ramanthapur Public School (3 stops) | 113K: Ramanthapur Public School → Lakdikapool (6 stops) | 6L: Lakdikapool → Mehdipatnam (3 stops)"
"Ghatkesar Bus Station","Bata",17.45213,78.68231,17.43600,78.49370,22.6,76,1,"594 → 18/272G","594: Ghatkesar Bus Station → Uppal X Road (2 stops) | 18/272G: Uppal X Road → Secunderabad Railway Station (9 stops)"
"Ghatkesar Bus Station","Jntu X Rd",17.45213,78.68231,17.49672,78.39445,36.1,121,2,"594 → 18/272G → 24N/219","594: Ghatkesar Bus Station → Uppal X Road (2 stops) | 18/272G: Uppal X Road → Balanagar (19 stops) | 24N/219: Balanagar → Jntu X Road (5 stops)"
"Ghatkesar Bus Station","Super Bazar",17.45213,78.68231,17.37193,78.50992,22.2,76,2,"549 → 115RR → 219","549: Ghatkesar Bus Station → Uppal X Road Junction (3 stops) | 115RR: Uppal X Road Junction → Alicafe (9 stops) | 219: Alicafe → Musarambagh (3 stops)"
"Ghatkesar Bus Station","Race Course",17.45213,78.68231,17.45076,78.48820,24.6,82,1,"594 → 18/272G","594: Ghatkesar Bus Station → Uppal X Road (2 stops) | 18/272G: Uppal X Road → Race Course (12 stops)"
"Ghatkesar Bus Station","Punjagutta",17.45213,78.68231,17.42645,78.45141,27.6,93,2,"549 → 71A/D → 113K","549: Ghatkesar Bus Station → Uppal X Road Junction (3 stops) | 71A/D: Uppal X Road Junction → Ramanthapur Public School (3 stops) | 113K: Ramanthapur Public School → Nims Hospital (8 stops)"
"Ghatkesar Bus Station","Balanagar",17.45213,78.68231,17.46697,78.44626,29.7,100,1,"594 → 18/272G","594: Ghatkesar Bus Station → Uppal X Road (2 stops) | 18/272G: Uppal X Road → Balanagar (19 stops)"
"Ghatkesar Bus Station","Chintal",17.45213,78.68231,17.49540,78.45210,33,111,1,"594 → 18/272G","594: Ghatkesar Bus Station → Uppal X Road (2 stops) | 18/272G: Uppal X Road → Chintal (24 stops)"
"Ghatkesar Bus Station","Nanal Nagar",17.45213,78.68231,17.39620,78.42700,29,97,3,"549 → 71A/D → 113K → 116G","549: Ghatkesar Bus Station → Uppal X Road Junction (3 stops) | 71A/D: Uppal X Road Junction → Ramanthapur Public School (3 stops) | 113K: Ramanthapur Public School → Lakdikapool (6 stops) | 116G: Lakdikapool → Nanal Nagar (4 stops)"
"Ghatkesar Bus Station","Abids Gpo",17.45213,78.68231,17.38757,78.47617,25.5,86,2,"549 → 71A/D → 70A","549: Ghatkesar Bus Station → Uppal X Road Junction (3 stops) | 71A/D: Uppal X Road Junction → Afzalgunj (8 stops) | 70A: Afzalgunj → Abids Gpo (2 stops)"
"Ghatkesar Bus Station","Kachiguda Railway Station",17.45213,78.68231,17.38950,78.49726,23,77,2,"549 → 71A/D → 107","549: Ghatkesar Bus Station → Uppal X Road Junction (3 stops) | 71A/D: Uppal X Road Junction → Kachiguda Kamelatwd Mgbs (6 stops) | 107: Kachiguda Kamelatwd Mgbs → Kachiguda Railway Station (4 stops)"
"Ghatkesar Bus Station","Chengicherla",17.45213,78.68231,17.43313,78.60845,12.6,43,1,"545 → 18C/30","545: Ghatkesar Bus Station → Medipally (9 stops) | 18C/30: Medipally → Chengicherla (5 stops)"
"Ghatkesar Bus Station","Quthbullapur X Rd",17.45213,78.68231,17.49890,78.45176,33.4,112,1,"594 → 18/272G","594: Ghatkesar Bus Station → Uppal X Road (2 stops) | 18/272G: Uppal X Road → Quthbullapur X Rd (25 stops)"
"Ghatkesar Bus Station","Shapur Nagar",17.45213,78.68231,17.51600,78.44690,35.3,119,1,"594 → 18/272G","594: Ghatkesar Bus Station → Uppal X Road (2 stops) | 18/272G: Uppal X Road → Shapur Nagar (28 stops)"
"Ghatkesar Bus Station","Panama Godown",17.45213,78.68231,17.33840,78.56864,22.6,77,2,"549 → 300/532 → 555","549: Ghatkesar Bus Station → Uppal X Road Junction (3 stops) | 300/532: Uppal X Road Junction → Lb Nagar (5 stops) | 555: Lb Nagar X Road → Panama Godown (2 stops)"
"Ghatkesar Bus Station","Gachibowli X Road",17.45213,78.68231,17.43903,78.36295,37.4,125,3,"549 → 71A/D → 113K → 6L","549: Ghatkesar Bus Station → Uppal X Road Junction (3 stops) | 71A/D: Uppal X Road Junction → Ramanthapur Public School (3 stops) | 113K: Ramanthapur Public School → Lakdikapool (6 stops) | 6L: Lakdikapool → Gachibowli X Road (8 stops)"
"Ghatkesar Bus Station","Abids Grammar School",17.45213,78.68231,17.39333,78.47625,24.5,82,3,"549 → 71A/D → 113K → 137","549: Ghatkesar Bus Station → Uppal X Road Junction (3 stops) | 71A/D: Uppal X Road Junction → Ramanthapur Public School (3 stops) | 113K: Ramanthapur Public School → Narayanguda (4 stops) | 137: Narayanguda → Abids Grammar School (6 stops)"
"Ghatkesar Bus Station","Dilsukhnagar",17.45213,78.68231,17.36862,78.52366,20.9,70,2,"549 → 301 → 90U","549: Ghatkesar Bus Station → Uppal X Road Junction (3 stops) | 301: Uppal X Road Junction → Nagole X Road (3 stops) | 90U: Nagole X Road → Dilsukhnagar (8 stops)"
"Ghatkesar Bus Station","Sathamrai",17.45213,78.68231,17.27452,78.40118,40.7,136,1,"549 → 300/532","549: Ghatkesar Bus Station → Uppal X Road Junction (3 stops) | 300/532: Uppal X Road Junction → Sathamrai (17 stops)"
"Ghatkesar Bus Station","Gajularam X Road",17.45213,78.68231,17.51010,78.44771,34.7,117,1,"594 → 18/272G","594: Ghatkesar Bus Station → Uppal X Road (2 stops) | 18/272G: Uppal X Road → Gajularam X Road (27 stops)"
"Ghatkesar Bus Station","Rc Puram",17.45213,78.68231,17.51362,78.28780,48.2,161,2,"594 → 18/272G → 24N/219","594: Ghatkesar Bus Station → Uppal X Road (2 stops) | 18/272G: Uppal X Road → Balanagar (19 stops) | 24N/219: Balanagar → Rc Puram (19 stops)"
"Ghatkesar Bus Station","Kphb",17.45213,78.68231,17.49456,78.40081,35.4,119,2,"594 → 18/272G → 198","594: Ghatkesar Bus Station → Uppal X Road (2 stops) | 18/272G: Uppal X Road → Balanagar (19 stops) | 198: Balanagar → Kphb Metro Station (4 stops)"
"Ghatkesar Bus Station","Pisal Banda",17.45213,78.68231,17.33995,78.50379,25.8,87,1,"549 → 300/532","549: Ghatkesar Bus Station → Uppal X Road Junction (3 stops) | 300/532: Uppal X Road Junction → Midhani Bus Depot (9 stops)"
"Ghatkesar Bus Station","Police Lines",17.45213,78.68231,17.44365,78.47499,24.9,83,2,"594 → 18/272G → 47YN","594: Ghatkesar Bus Station → Uppal X Road (2 stops) | 18/272G: Uppal X Road → Secunderabad Railway Station (9 stops) | 47YN: Secunderabad Railway Station → Police Lines (3 stops)"
"Ghatkesar Bus Station","Uppal X Road",17.45213,78.68231,17.40126,78.56007,14.2,48,0,"594","594: Ghatkesar Bus Station → Uppal X Road (2 stops)"
"Ghatkesar Bus Station","Boats Club",17.45213,78.68231,17.42644,78.48664,23.6,79,2,"594 → 18/272G → 251M/A","594: Ghatkesar Bus Station → Uppal X Road (2 stops) | 18/272G: Uppal X Road → Secunderabad Railway Station (9 stops) | 251M/A: Secunderabad Railway Station → Boats Club (3 stops)"
"Ghatkesar Bus Station","Womens College",17.45213,78.68231,17.38481,78.48762,22.7,76,1,"549 → 71A/D","549: Ghatkesar Bus Station → Uppal X Road Junction (3 stops) | 71A/D: Uppal X Road Junction → Chadarghat (7 stops)"
"Ghatkesar Bus Station","Hydernagar",17.45213,78.68231,17.49919,78.38352,37.3,125,2,"594 → 18/272G → 24N/219","594: Ghatkesar Bus Station → Uppal X Road (2 stops) | 18/272G: Uppal X Road → Balanagar (19 stops) | 24N/219: Balanagar → Hydernagar (7 stops)"
"Ghatkesar Bus Station","Charminar",17.45213,78.68231,17.35868,78.47403,25.5,85,3,"549 → 71A/D → 72 → 253M","549: Ghatkesar Bus Station → Uppal X Road Junction (3 stops) | 71A/D: Uppal X Road Junction → Chadarghat (7 stops) | 72: Chadarghat → Darul Shifa (4 stops) | 253M: Darul Shifa → Charminar (2 stops)"
"Ghatkesar Bus Station","Hitech City",17.45213,78.68231,17.44995,78.38257,36,121,3,"594 → 18/272G → 47YM → 10HW","594: Ghatkesar Bus Station → Uppal X Road (2 stops) | 18/272G: Uppal X Road → Secunderabad Railway Station (9 stops) | 47YM: Secunderabad Railway Station → Venkatagiri X Roads (8 stops) | 10HW: Venkatagiri X Roads → Hitech City (4 stops)"
"Ghatkesar Bus Station","Ameerpet",17.45213,78.68231,17.43155,78.44765,28.2,97,2,"594 → 18/272G → 47YM","594: Ghatkesar Bus Station → Uppal X Road (2 stops) | 18/272G: Uppal X Road → Secunderabad Railway Station (9 stops) | 47YM: Secunderabad Railway Station → Kanaka Durga Temple (6 stops)"
"Ghatkesar Bus Station","Gandipet X Road",17.45213,78.68231,17.38500,78.33100,40.5,137,3,"549 → 71A/D → 1JK → 94/220K","549: Ghatkesar Bus Station → Uppal X Road Junction (3 stops) | 71A/D: Uppal X Road Junction → Afzalgunj (8 stops) | 1JK: Afzalgunj → Langar House (9 stops) | 94/220K: Langar House → Gandipet X Road (13 stops)"
"Ghatkesar Bus Station","Gachibowli",17.45213,78.68231,17.43966,78.36356,37.5,127,3,"549 → 71A/D → 113K → 6L","549: Ghatkesar Bus Station → Uppal X Road Junction (3 stops) | 71A/D: Uppal X Road Junction → Ramanthapur Public School (3 stops) | 113K: Ramanthapur Public School → Lakdikapool (6 stops) | 6L: Lakdikapool → Gachibowli X Road (8 stops)"
"Ghatkesar Bus Station","Miyapur",17.45213,78.68231,17.49669,78.36077,40,134,2,"594 → 18/272G → 24N/219","594: Ghatkesar Bus Station → Uppal X Road (2 stops) | 18/272G: Uppal X Road → Balanagar (19 stops) | 24N/219: Balanagar → Miyapur (10 stops)"
"Ghatkesar Bus Station","Sr Nagar",17.45213,78.68231,17.44027,78.44260,29.9,100,2,"549 → 71A/D → 113K","549: Ghatkesar Bus Station → Uppal X Road Junction (3 stops) | 71A/D: Uppal X Road Junction → Ramanthapur Public School (3 stops) | 113K: Ramanthapur Public School → Sr Nagar (9 stops)"
"Ghatkesar Bus Station","Begumpet",17.45213,78.68231,17.10805,78.55358,52.4,175,3,"549 → 300/532 → 203LWX → 203A/479","549: Ghatkesar Bus Station → Uppal X Road Junction (3 stops) | 300/532: Uppal X Road Junction → Gayatri Nagar X Road (7 stops) | 203LWX: Gayatri Nagar X Road → Kongara Kalan (16 stops) | 203A/479: Kongara Kalan → Begumpet (5 stops)"
"Ghatkesar Bus Station","Tolichowki",17.45213,78.68231,17.39924,78.41552,30.3,102,3,"549 → 71A/D → 113K → 116G","549: Ghatkesar Bus Station → Uppal X Road Junction (3 stops) | 71A/D: Uppal X Road Junction → Ramanthapur Public School (3 stops) | 113K: Ramanthapur Public School → Lakdikapool (6 stops) | 116G: Lakdikapool → Tolichowki (5 stops)"
"Ghatkesar Bus Station","Kondapur",17.45213,78.68231,17.46392,78.36725,1.5,5,0,"280B","280B: Ghatkesar Bus Station → Kondapur (3 stops)"
"Ghatkesar Bus Station","Madhapur",17.45213,78.68231,17.63017,78.77482,27.9,94,2,"280B → 496 → 577","280B: Ghatkesar Bus Station → Bogaram (6 stops) | 496: Bogaram → Keesara Village (2 stops) | 577: Keesara Village → Madhapur (11 stops)"
"Ghatkesar Bus Station","Shamshabad",17.45213,78.68231,17.26205,78.38824,42.7,143,1,"549 → 300/532","549: Ghatkesar Bus Station → Uppal X Road Junction (3 stops) | 300/532: Uppal X Road Junction → Shamshabad (18 stops)"
"Chengicherla","Secunderabad Railway Station",17.43313,78.60845,17.43426,78.50158,13.7,46,1,"50B → 186","50B: Chengicherla → Alugadda Bhavi (18 stops) | 186: Alugadda Bhavi → Secunderabad Railway Station (2 stops)"
"Chengicherla","Afzalgunj",17.43313,78.60845,17.37331,78.47693,17.1,58,1,"18CR → 71A/D","18CR: Chengicherla → Uppal X Road Junction (8 stops) | 71A/D: Uppal X Road Junction → Afzalgunj (8 stops)"
"Chengicherla","Alugadda Bhavi",17.43313,78.60845,17.43531,78.51438,12.3,42,0,"50B","50B: Chengicherla → Alugadda Bhavi (18 stops)"
"Chengicherla","Patny",17.43313,78.60845,17.44318,78.49625,14.8,50,1,"50B → 17H/29B","50B: Chengicherla → Alugadda Bhavi (18 stops) | 17H/29B: Alugadda Bhavi → Patny (3 stops)"
"Chengicherla","Cbs",17.43313,78.60845,17.37823,78.48168,16.4,55,2,"18CR → 71A/D → 71A","18CR: Chengicherla → Uppal X Road Junction (8 stops) | 71A/D: Uppal X Road Junction → Kachiguda Kamelatwd Mgbs (6 stops) | 71A: Kachiguda Kamelatwd Mgbs → Cbs (3 stops)"
"Chengicherla","Erragadda",17.43313,78.60845,17.45617,78.43378,23.2,78,2,"50B → 250SS/49M → 19BM","50B: Chengicherla → Alugadda Bhavi (18 stops) | 250SS/49M: Alugadda Bhavi → Rj College (12 stops) | 19BM: Rj College → Erragadda (3 stops)"
"Chengicherla","Gajularamaram X Road",17.43313,78.60845,17.50941,78.44817,27.9,93,1,"50B → 272G/250C","50B: Chengicherla → Alugadda Bhavi (18 stops) | 272G/250C: Alugadda Bhavi → Gajularamaram X Road (20 stops)"
"Chengicherla","Jbs",17.43313,78.60845,17.44757,78.49664,14.6,49,1,"50B → AL","50B: Chengicherla → Tarnaka (15 stops) | AL: Tarnaka → Jbs (3 stops)"
"Chengicherla","Hayathnagar Bus Station",17.43313,78.60845,17.32732,78.60489,19.9,68,2,"18CR → 300/532 → 555","18CR: Chengicherla → Uppal X Road Junction (8 stops) | 300/532: Uppal X Road Junction → Lb Nagar (5 stops) | 555: Lb Nagar X Road → Hayathnagar Bus Station (4 stops)"
"Chengicherla","Rathifile Bus Station",17.43313,78.60845,17.43457,78.50488,13.4,46,0,"50B","50B: Chengicherla → Rathifile Bus Station (20 stops)"
"Chengicherla","Nampally Public Garoaden",17.43313,78.60845,17.39628,78.47082,19.4,65,2,"50B → 252 → 127K","50B: Chengicherla → Hmt Nagar (13 stops) | 252: Hmt Nagar → Kachiguda X Road (6 stops) | 127K: Kachiguda X Road → Nampally Public Garoaden (5 stops)"
"Chengicherla","Lakdikapool",17.43313,78.60845,17.40361,78.46497,18,60,2,"18CR → 71A/D → 113K","18CR: Chengicherla → Uppal X Road Junction (8 stops) | 71A/D: Uppal X Road Junction → Ramanthapur Public School (3 stops) | 113K: Ramanthapur Public School → Lakdikapool (6 stops)"
"Chengicherla","Ecil Bus Terminal",17.43313,78.60845,17.47253,78.57006,7.8,27,1,"18C/R → 250X","18C/R: Chengicherla → Cherlapally Railway Station (3 stops) | 250X: Cherlapally Railway Station → Ecil Bus Terminal (8 stops)"
"Chengicherla","Secretariat",17.43313,78.60845,17.40812,78.47182,17.7,60,2,"50B → 252 → 6X","50B: Chengicherla → Hmt Nagar (13 stops) | 252: Hmt Nagar → Ladies Hostel Osmania University (3 stops) | 6X: Ladies Hostel Osmania University → Secretariat (11 stops)"
"Chengicherla","Patancheruvu",17.43313,78.60845,17.52903,78.26428,43.1,144,3,"50B → 252 → 6X → 113M/217","50B: Chengicherla → Hmt Nagar (13 stops) | 252: Hmt Nagar → Ladies Hostel Osmania University (3 stops) | 6X: Ladies Hostel Osmania University → Ashok Nagar (7 stops) | 113M/217: Ashok Nagar → Patancheruvu (6 stops)"
"Chengicherla","Darul Shifa",17.43313,78.60845,17.37327,78.48299,16.8,56,2,"18CR → 71A/D → 72","18CR: Chengicherla → Uppal X Road Junction (8 stops) | 71A/D: Uppal X Road Junction → Chadarghat (7 stops) | 72: Chadarghat → Darul Shifa (4 stops)"
"Chengicherla","Plaza",17.43313,78.60845,17.44330,78.49066,15.5,52,1,"50B → 250SS/49M","50B: Chengicherla → Alugadda Bhavi (18 stops) | 250SS/49M: Alugadda Bhavi → Plaza (4 stops)"
"Chengicherla","Bluesea Cafe",17.43313,78.60845,17.43713,78.50515,13.3,45,1,"50B → 242","50B: Chengicherla → Alugadda Bhavi (18 stops) | 242: Alugadda Bhavi → Bluesea Cafe (2 stops)"
"Chengicherla","Tarnaka",17.43313,78.60845,17.42571,78.53223,10.1,34,0,"50B","50B: Chengicherla → Tarnaka (15 stops)"
"Chengicherla","Lb Nagar X Road",17.43313,78.60845,17.34699,78.55013,13.8,48,1,"18CR → 300/532","18CR: Chengicherla → Uppal X Road Junction (8 stops) | 300/532: Uppal X Road Junction → Lb Nagar (5 stops)"
"Chengicherla","Lingampally Bs",17.43313,78.60845,17.49485,78.31689,35.8,120,3,"50B → 186 → 9EM → 224L","50B: Chengicherla → Alugadda Bhavi (18 stops) | 186: Alugadda Bhavi → Kukatpally (9 stops) | 9EM: Kukatpally → Miyapur X Road (4 stops) | 224L: Miyapur X Road → Lingampally Bs (5 stops)"
"Chengicherla","Kukatpally",17.43313,78.60845,17.48385,78.41242,25.1,84,1,"50B → 186","50B: Chengicherla → Alugadda Bhavi (18 stops) | 186: Alugadda Bhavi → Kukatpally (9 stops)"
"Chengicherla","Jublee Bus Station",17.43313,78.60845,17.44761,78.49758,15.3,52,1,"50B → 2J","50B: Chengicherla → Rathifile Bus Station (20 stops) | 2J: Rathifile Bus Station → Jublee Bus Station (3 stops)"
"Chengicherla","Ibrahimpatnam Bus Station",17.43313,78.60845,17.19144,78.64766,35.7,120,3,"18CR → 300/532 → 300L/279K → 401","18CR: Chengicherla → Uppal X Road Junction (8 stops) | 300/532: Uppal X Road Junction → Lb Nagar (5 stops) | 300L/279K: Lb Nagar → Bongloor X Road (16 stops) | 401: Bongloor X Road → Ibrahimpatnam Bus Station (3 stops)"
"Chengicherla","Prashanth Nagar",17.43313,78.60845,17.47378,78.42698,13,44,1,"50B → 3K/90L","50B: Chengicherla → Tarnaka (15 stops) | 3K/90L: Tarnaka → Lalapet (4 stops)"
"Chengicherla","Moosapet",17.43313,78.60845,17.47081,78.42668,23.4,79,1,"50B → 186","50B: Chengicherla → Alugadda Bhavi (18 stops) | 186: Alugadda Bhavi → Prashanth Nagar (8 stops)"
"Chengicherla","Cherlapally Bus Stand",17.43313,78.60845,17.46329,78.61145,3.4,12,0,"18X/U","18X/U: Chengicherla → Cherlapally Bus Stand (3 stops)"
"Chengicherla","Koti Medical College",17.43313,78.60845,17.38310,78.48282,17.5,59,1,"50B → 252","50B: Chengicherla → Hmt Nagar (13 stops) | 252: Hmt Nagar → Koti Medical College (7 stops)"
"Chengicherla","Chadarghat",17.43313,78.60845,17.37722,78.49302,15.3,52,1,"18CR → 71A/D","18CR: Chengicherla → Uppal X Road Junction (8 stops) | 71A/D: Uppal X Road Junction → Chadarghat (7 stops)"
"Chengicherla","Kachiguda X Road",17.43313,78.60845,17.39069,78.48938,16.4,55,1,"50B → 252","50B: Chengicherla → Hmt Nagar (13 stops) | 252: Hmt Nagar → Kachiguda X Road (6 stops)"
"Chengicherla","Gandimaisamma",17.43313,78.60845,17.57508,78.42319,27.4,93,3,"18CR → 300/532 → 555 → 205","18CR: Chengicherla → Uppal X Road Junction (8 stops) | 300/532: Uppal X Road Junction → Lb Nagar (5 stops) | 555: Lb Nagar X Road → Orr (7 stops) | 205: Orr → Gandimaisamma (2 stops)"
"Chengicherla","Mehdipatnam",17.43313,78.60845,17.39527,78.43980,20.9,70,3,"18CR → 71A/D → 113K → 6L","18CR: Chengicherla → Uppal X Road Junction (8 stops) | 71A/D: Uppal X Road Junction → Ramanthapur Public School (3 stops) | 113K: Ramanthapur Public School → Lakdikapool (6 stops) | 6L: Lakdikapool → Mehdipatnam (3 stops)"
"Chengicherla","Bata",17.43313,78.60845,17.43600,78.49370,14.5,49,1,"50B → 186","50B: Chengicherla → Alugadda Bhavi (18 stops) | 186: Alugadda Bhavi → Secunderabad Railway Station (2 stops)"
"Chengicherla","Jntu X Rd",17.43313,78.60845,17.49672,78.39445,28.3,95,2,"50B → 186 → 10JP","50B: Chengicherla → Alugadda Bhavi (18 stops) | 186: Alugadda Bhavi → Kphb Temple Bus Stop (10 stops) | 10JP: Kphb Temple Bus Stop → Jntu X Rd (3 stops)"
"Chengicherla","Super Bazar",17.43313,78.60845,17.37193,78.50992,15.4,53,2,"18CR → 115RR → 219","18CR: Chengicherla → Uppal X Road Junction (8 stops) | 115RR: Uppal X Road Junction → Alicafe (9 stops) | 219: Alicafe → Musarambagh (3 stops)"
"Chengicherla","Race Course",17.43313,78.60845,17.45076,78.48820,16,54,1,"50B → 186","50B: Chengicherla → Alugadda Bhavi (18 stops) | 186: Alugadda Bhavi → Race Course (4 stops)"
"Chengicherla","Punjagutta",17.43313,78.60845,17.42645,78.45141,20.8,70,1,"50B → 250SS/49M","50B: Chengicherla → Alugadda Bhavi (18 stops) | 250SS/49M: Alugadda Bhavi → Punjagutta (13 stops)"
"Chengicherla","Balanagar",17.43313,78.60845,17.46697,78.44626,21.2,71,1,"50B → 186","50B: Chengicherla → Alugadda Bhavi (18 stops) | 186: Alugadda Bhavi → Balanagar (7 stops)"
"Chengicherla","Chintal",17.43313,78.60845,17.49540,78.45210,24.7,83,1,"50B → 272G/250C","50B: Chengicherla → Alugadda Bhavi (18 stops) | 272G/250C: Alugadda Bhavi → Chintal (16 stops)"
"Chengicherla","Nanal Nagar",17.43313,78.60845,17.39620,78.42700,22.2,75,3,"18CR → 71A/D → 113K → 116G","18CR: Chengicherla → Uppal X Road Junction (8 stops) | 71A/D: Uppal X Road Junction → Ramanthapur Public School (3 stops) | 113K: Ramanthapur Public School → Lakdikapool (6 stops) | 116G: Lakdikapool → Nanal Nagar (4 stops)"
"Chengicherla","Abids Gpo",17.43313,78.60845,17.38757,78.47617,18.1,61,2,"50B → 252 → 127K","50B: Chengicherla → Hmt Nagar (13 stops) | 252: Hmt Nagar → Kachiguda X Road (6 stops) | 127K: Kachiguda X Road → Abids Gpo (3 stops)"
"Chengicherla","Kachiguda Railway Station",17.43313,78.60845,17.38950,78.49726,15.5,53,1,"50B → 252","50B: Chengicherla → Hmt Nagar (13 stops) | 252: Hmt Nagar → Kachiguda Station (5 stops)"
"Chengicherla","Ghatkesar Bus Station",17.43313,78.60845,17.45213,78.68231,12.4,42,1,"18CR → 280/544","18CR: Chengicherla → Medipally (3 stops) | 280/544: Medipally → Ghatkesar Bus Station (9 stops)"
"Chengicherla","Quthbullapur X Rd",17.43313,78.60845,17.49890,78.45176,25.1,84,1,"50B → 272G/250C","50B: Chengicherla → Alugadda Bhavi (18 stops) | 272G/250C: Alugadda Bhavi → Quthbullapur X Rd (17 stops)"
"Chengicherla","Shapur Nagar",17.43313,78.60845,17.51600,78.44690,27.1,91,1,"50B → 272G/250C","50B: Chengicherla → Alugadda Bhavi (18 stops) | 272G/250C: Alugadda Bhavi → Shapur Nagar (19 stops)"
"Chengicherla","Panama Godown",17.43313,78.60845,17.33840,78.56864,15.8,54,2,"18CR → 300/532 → 555","18CR: Chengicherla → Uppal X Road Junction (8 stops) | 300/532: Uppal X Road Junction → Lb Nagar (5 stops) | 555: Lb Nagar X Road → Panama Godown (2 stops)"
"Chengicherla","Gachibowli X Road",17.43313,78.60845,17.43903,78.36295,30.6,102,3,"18CR → 71A/D → 113K → 6L","18CR: Chengicherla → Uppal X Road Junction (8 stops) | 71A/D: Uppal X Road Junction → Ramanthapur Public School (3 stops) | 113K: Ramanthapur Public School → Lakdikapool (6 stops) | 6L: Lakdikapool → Gachibowli X Road (8 stops)"
"Chengicherla","Abids Grammar School",17.43313,78.60845,17.39333,78.47625,19.6,66,3,"18CR → 71A/D → 113K → 116/220K","18CR: Chengicherla → Uppal X Road Junction (8 stops) | 71A/D: Uppal X Road Junction → Ramanthapur Public School (3 stops) | 113K: Ramanthapur Public School → Lakdikapool (6 stops) | 116/220K: Lakdikapool → Abids Grammar School (2 stops)"
"Chengicherla","Dilsukhnagar",17.43313,78.60845,17.36862,78.52366,14.1,48,2,"18CR → 301 → 90U","18CR: Chengicherla → Uppal X Road Junction (8 stops) | 301: Uppal X Road Junction → Nagole X Road (3 stops) | 90U: Nagole X Road → Dilsukhnagar (8 stops)"
"Chengicherla","Sathamrai",17.43313,78.60845,17.27452,78.40118,33.9,113,1,"18CR → 300/532","18CR: Chengicherla → Uppal X Road Junction (8 stops) | 300/532: Uppal X Road Junction → Sathamrai (17 stops)"
"Chengicherla","Gajularam X Road",17.43313,78.60845,17.51010,78.44771,26.4,89,1,"50B → 272G/250C","50B: Chengicherla → Alugadda Bhavi (18 stops) | 272G/250C: Alugadda Bhavi → Gajularam X Road (18 stops)"
"Chengicherla","Rc Puram",17.43313,78.60845,17.51362,78.28780,40,134,3,"50B → 252 → 6X → 113M/217","50B: Chengicherla → Hmt Nagar (13 stops) | 252: Hmt Nagar → Ladies Hostel Osmania University (3 stops) | 6X: Ladies Hostel Osmania University → Ashok Nagar (7 stops) | 113M/217: Ashok Nagar → Rc Puram (3 stops)"
"Chengicherla","Kphb",17.43313,78.60845,17.49456,78.40081,27.9,94,1,"50B → 186","50B: Chengicherla → Alugadda Bhavi (18 stops) | 186: Alugadda Bhavi → Kphb (11 stops)"
"Chengicherla","Pisal Banda",17.43313,78.60845,17.33995,78.50379,19,64,1,"18CR → 300/532","18CR: Chengicherla → Uppal X Road Junction (8 stops) | 300/532: Uppal X Road Junction → Midhani Bus Depot (9 stops)"
"Chengicherla","Police Lines",17.43313,78.60845,17.44365,78.47499,17.1,58,1,"50B → 250SS/49M","50B: Chengicherla → Alugadda Bhavi (18 stops) | 250SS/49M: Alugadda Bhavi → Police Lines (7 stops)"
"Chengicherla","Uppal X Road",17.43313,78.60845,17.40126,78.56007,7.5,26,0,"18CR","18CR: Chengicherla → Uppal X Road (9 stops)"
"Chengicherla","Boats Club",17.43313,78.60845,17.42644,78.48664,15.5,52,2,"50B → 186 → 251M/A","50B: Chengicherla → Alugadda Bhavi (18 stops) | 186: Alugadda Bhavi → Secunderabad Railway Station (2 stops) | 251M/A: Secunderabad Railway Station → Boats Club (3 stops)"
"Chengicherla","Womens College",17.43313,78.60845,17.38481,78.48762,15.9,53,1,"18CR → 71A/D","18CR: Chengicherla → Uppal X Road Junction (8 stops) | 71A/D: Uppal X Road Junction → Chadarghat (7 stops)"
"Chengicherla","Hydernagar",17.43313,78.60845,17.49919,78.38352,28.7,96,2,"50B → 186 → 431","50B: Chengicherla → Alugadda Bhavi (18 stops) | 186: Alugadda Bhavi → Kukatpally (9 stops) | 431: Kukatpally → Hydernagar (3 stops)"
"Chengicherla","Charminar",17.43313,78.60845,17.35868,78.47403,18.6,63,3,"18CR → 71A/D → 72 → 253M","18CR: Chengicherla → Uppal X Road Junction (8 stops) | 71A/D: Uppal X Road Junction → Chadarghat (7 stops) | 72: Chadarghat → Darul Shifa (4 stops) | 253M: Darul Shifa → Charminar (2 stops)"
"Chengicherla","Hitech City",17.43313,78.60845,17.44995,78.38257,29.2,98,3,"50B → 250SS/49M → 147 → 10HW","50B: Chengicherla → Alugadda Bhavi (18 stops) | 250SS/49M: Alugadda Bhavi → Punjagutta (13 stops) | 147: Punjagutta → Madhapur Ps (7 stops) | 10HW: Madhapur Ps → Hitech City (2 stops)"
"Chengicherla","Ameerpet",17.43313,78.60845,17.43155,78.44765,20.4,71,2,"50B → 250SS/49M → 47YM","50B: Chengicherla → Alugadda Bhavi (18 stops) | 250SS/49M: Alugadda Bhavi → Police Lines (7 stops) | 47YM: Police Lines → Kanaka Durga Temple (4 stops)"
"Chengicherla","Gandipet X Road",17.43313,78.60845,17.38500,78.33100,33.7,114,3,"18CR → 71A/D → 1JK → 94/220K","18CR: Chengicherla → Uppal X Road Junction (8 stops) | 71A/D: Uppal X Road Junction → Afzalgunj (8 stops) | 1JK: Afzalgunj → Langar House (9 stops) | 94/220K: Langar House → Gandipet X Road (13 stops)"
"Chengicherla","Gachibowli",17.43313,78.60845,17.43966,78.36356,30.7,104,3,"18CR → 71A/D → 113K → 6L","18CR: Chengicherla → Uppal X Road Junction (8 stops) | 71A/D: Uppal X Road Junction → Ramanthapur Public School (3 stops) | 113K: Ramanthapur Public School → Lakdikapool (6 stops) | 6L: Lakdikapool → Gachibowli X Road (8 stops)"
"Chengicherla","Miyapur",17.43313,78.60845,17.49669,78.36077,31.2,105,2,"50B → 186 → 9EM","50B: Chengicherla → Alugadda Bhavi (18 stops) | 186: Alugadda Bhavi → Kukatpally (9 stops) | 9EM: Kukatpally → Miyapur X Road (4 stops)"
"Chengicherla","Sr Nagar",17.43313,78.60845,17.44027,78.44260,21.6,72,2,"50B → 250SS/49M → 19BM","50B: Chengicherla → Alugadda Bhavi (18 stops) | 250SS/49M: Alugadda Bhavi → Rj College (12 stops) | 19BM: Rj College → Sr Nagar (2 stops)"
"Chengicherla","Begumpet",17.43313,78.60845,17.10805,78.55358,45.5,152,3,"18CR → 300/532 → 203LWX → 203A/479","18CR: Chengicherla → Uppal X Road Junction (8 stops) | 300/532: Uppal X Road Junction → Gayatri Nagar X Road (7 stops) | 203LWX: Gayatri Nagar X Road → Kongara Kalan (16 stops) | 203A/479: Kongara Kalan → Begumpet (5 stops)"
"Chengicherla","Tolichowki",17.43313,78.60845,17.39924,78.41552,23.5,79,3,"18CR → 71A/D → 113K → 116G","18CR: Chengicherla → Uppal X Road Junction (8 stops) | 71A/D: Uppal X Road Junction → Ramanthapur Public School (3 stops) | 113K: Ramanthapur Public School → Lakdikapool (6 stops) | 116G: Lakdikapool → Tolichowki (5 stops)"
"Chengicherla","Kondapur",17.43313,78.60845,17.46392,78.36725,13.9,47,2,"18CR → 280/544 → 280B","18CR: Chengicherla → Medipally (3 stops) | 280/544: Medipally → Ghatkesar Bus Station (9 stops) | 280B: Ghatkesar Bus Station → Kondapur (3 stops)"
"Chengicherla","Shamshabad",17.43313,78.60845,17.26205,78.38824,35.9,120,1,"18CR → 300/532","18CR: Chengicherla → Uppal X Road Junction (8 stops) | 300/532: Uppal X Road Junction → Shamshabad (18 stops)"
"Quthbullapur X Rd","Secunderabad Railway Station",17.49890,78.45176,17.43426,78.50158,11.2,38,1,"29B/250C → 219P","29B/250C: Quthbullapur X Rd → Race Course (13 stops) | 219P: Race Course → Secunderabad Railway Station (3 stops)"
"Quthbullapur X Rd","Afzalgunj",17.49890,78.45176,17.37331,78.47693,19.5,66,1,"29B/250C → 1/25S","29B/250C: Quthbullapur X Rd → Bluesea Cafe (17 stops) | 1/25S: Bluesea Cafe → Afzalgunj (14 stops)"
"Quthbullapur X Rd","Alugadda Bhavi",17.49890,78.45176,17.43531,78.51438,12.6,43,0,"29B/250C","29B/250C: Quthbullapur X Rd → Alugaddabavi (18 stops)"
"Quthbullapur X Rd","Patny",17.49890,78.45176,17.44318,78.49625,10.6,36,0,"29B/250C","29B/250C: Quthbullapur X Rd → Patny (15 stops)"
"Quthbullapur X Rd","Cbs",17.49890,78.45176,17.37823,78.48168,18.8,63,1,"29B/250C → 1/25S","29B/250C: Quthbullapur X Rd → Bluesea Cafe (17 stops) | 1/25S: Bluesea Cafe → Cbs (13 stops)"
"Quthbullapur X Rd","Erragadda",17.49890,78.45176,17.45617,78.43378,8.3,29,1,"219/27G → 9X","219/27G: Quthbullapur X Rd → Prashanth Nagar (7 stops) | 9X: Prashanth Nagar → Erragadda (4 stops)"
"Quthbullapur X Rd","Gajularamaram X Road",17.49890,78.45176,17.50941,78.44817,1.2,5,0,"171Y","171Y: Quthbullapur X Rd → Gajularamaram X Road (2 stops)"
"Quthbullapur X Rd","Jbs",17.49890,78.45176,17.44757,78.49664,9.9,35,1,"29B/250C → 511","29B/250C: Quthbullapur X Rd → Tadbund (12 stops) | 511: Tadbund → Jublee Bus Station (2 stops)"
"Quthbullapur X Rd","Hayathnagar Bus Station",17.49890,78.45176,17.32732,78.60489,31.2,104,2,"29B/250C → 113T/L → 290U/F","29B/250C: Quthbullapur X Rd → Tarnaka (20 stops) | 113T/L: Tarnaka → Survey Of India (3 stops) | 290U/F: Survey Of India → Hayathnagar Bus Station (13 stops)"
"Quthbullapur X Rd","Rathifile Bus Station",17.49890,78.45176,17.43457,78.50488,11.9,40,0,"29B/250C","29B/250C: Quthbullapur X Rd → Bluesea Cafe (17 stops)"
"Quthbullapur X Rd","Nampally Public Garoaden",17.49890,78.45176,17.39628,78.47082,15.8,54,1,"219/27G → 9X/230","219/27G: Quthbullapur X Rd → Prashanth Nagar (7 stops) | 9X/230: Prashanth Nagar → Public Garden (15 stops)"
"Quthbullapur X Rd","Lakdikapool",17.49890,78.45176,17.40361,78.46497,14.2,48,1,"219/27G → 9X/230","219/27G: Quthbullapur X Rd → Prashanth Nagar (7 stops) | 9X/230: Prashanth Nagar → Lakdikapool (13 stops)"
"Quthbullapur X Rd","Ecil Bus Terminal",17.49890,78.45176,17.47253,78.57006,16.3,55,1,"272 → 290/186","272: Quthbullapur X Rd → Rythubazar-Jdm (5 stops) | 290/186: Rythubazar-Jdm → Kamala Nagar (2 stops)"
"Quthbullapur X Rd","Secretariat",17.49890,78.45176,17.40812,78.47182,14.1,47,2,"29B/250C → 498K → 113KP","29B/250C: Quthbullapur X Rd → Race Course (13 stops) | 498K: Race Course → Paradise (2 stops) | 113KP: Paradise → Secretariat (5 stops)"
"Quthbullapur X Rd","Patancheruvu",17.49890,78.45176,17.52903,78.26428,25.2,84,0,"219/27G","219/27G: Quthbullapur X Rd → Patancheruvu (24 stops)"
"Quthbullapur X Rd","Darul Shifa",17.49890,78.45176,17.37327,78.48299,20.2,68,1,"29B/250C → 1/25S","29B/250C: Quthbullapur X Rd → Bluesea Cafe (17 stops) | 1/25S: Bluesea Cafe → Afzalgunj (14 stops)"
"Quthbullapur X Rd","Plaza",17.49890,78.45176,17.44330,78.49066,9.7,33,0,"29B/250C","29B/250C: Quthbullapur X Rd → Plaza (14 stops)"
"Quthbullapur X Rd","Bluesea Cafe",17.49890,78.45176,17.43713,78.50515,11.6,39,0,"29B/250C","29B/250C: Quthbullapur X Rd → Bluesea Cafe (17 stops)"
"Quthbullapur X Rd","Tarnaka",17.49890,78.45176,17.42571,78.53223,14.9,50,0,"29B/250C","29B/250C: Quthbullapur X Rd → Tarnaka (20 stops)"
"Quthbullapur X Rd","Lb Nagar X Road",17.49890,78.45176,17.34699,78.55013,25.1,84,2,"29B/250C → 113T/L → 290U/F","29B/250C: Quthbullapur X Rd → Tarnaka (20 stops) | 113T/L: Tarnaka → Survey Of India (3 stops) | 290U/F: Survey Of India → Lb Nagar X Road (7 stops)"
"Quthbullapur X Rd","Lingampally Bs",17.49890,78.45176,17.49485,78.31689,18.3,62,0,"219/27G","219/27G: Quthbullapur X Rd → Lingampally (18 stops)"
"Quthbullapur X Rd","Kukatpally",17.49890,78.45176,17.48385,78.41242,7.5,25,0,"219/27G","219/27G: Quthbullapur X Rd → Kukatpally (8 stops)"
"Quthbullapur X Rd","Jublee Bus Station",17.49890,78.45176,17.44761,78.49758,9.8,33,1,"29B/250C → 511","29B/250C: Quthbullapur X Rd → Tadbund (12 stops) | 511: Tadbund → Jublee Bus Station (2 stops)"
"Quthbullapur X Rd","Ibrahimpatnam Bus Station",17.49890,78.45176,17.19144,78.64766,47.4,159,2,"29B/250C → 113T/L → 279U","29B/250C: Quthbullapur X Rd → Tarnaka (20 stops) | 113T/L: Tarnaka → Survey Of India (3 stops) | 279U: Survey Of India → Ibrahimpatnam Bus Station (22 stops)"
"Quthbullapur X Rd","Prashanth Nagar",17.49890,78.45176,17.47378,78.42698,5.6,19,0,"219/27G","219/27G: Quthbullapur X Rd → Prashanth Nagar (7 stops)"
"Quthbullapur X Rd","Moosapet",17.49890,78.45176,17.47081,78.42668,5.8,20,0,"219/27G","219/27G: Quthbullapur X Rd → Prashanth Nagar (7 stops)"
"Quthbullapur X Rd","Cherlapally Bus Stand",17.49890,78.45176,17.46329,78.61145,25.4,85,0,"29B/250C","29B/250C: Quthbullapur X Rd → Cherlapally Bus Stand (35 stops)"
"Quthbullapur X Rd","Koti Medical College",17.49890,78.45176,17.38310,78.48282,18.2,61,1,"29B/250C → 1/25S","29B/250C: Quthbullapur X Rd → Bluesea Cafe (17 stops) | 1/25S: Bluesea Cafe → Koti Medical College (12 stops)"
"Quthbullapur X Rd","Chadarghat",17.49890,78.45176,17.37722,78.49302,18.9,64,2,"29B/250C → 1/25S → 1M/D","29B/250C: Quthbullapur X Rd → Bluesea Cafe (17 stops) | 1/25S: Bluesea Cafe → Narayanguda (9 stops) | 1M/D: Narayanguda → Chadarghat (3 stops)"
"Quthbullapur X Rd","Kachiguda X Road",17.49890,78.45176,17.39069,78.48938,17.1,58,2,"29B/250C → 1/25S → 3X","29B/250C: Quthbullapur X Rd → Bluesea Cafe (17 stops) | 1/25S: Bluesea Cafe → Chikkadapally (8 stops) | 3X: Chikkadapally → Kachiguda X Road (2 stops)"
"Quthbullapur X Rd","Gandimaisamma",17.49890,78.45176,17.57508,78.42319,9.1,31,0,"272","272: Quthbullapur X Rd → Gandimaisamma (11 stops)"
"Quthbullapur X Rd","Mehdipatnam",17.49890,78.45176,17.39527,78.43980,16.1,55,1,"219/27G → 189M","219/27G: Quthbullapur X Rd → Prashanth Nagar (7 stops) | 189M: Prashanth Nagar → Mehdipatnam (17 stops)"
"Quthbullapur X Rd","Bata",17.49890,78.45176,17.43600,78.49370,10.9,37,1,"29B/250C → 219P","29B/250C: Quthbullapur X Rd → Race Course (13 stops) | 219P: Race Course → Patny (2 stops)"
"Quthbullapur X Rd","Jntu X Rd",17.49890,78.45176,17.49672,78.39445,10,34,0,"219/27G","219/27G: Quthbullapur X Rd → Jntu X Road (10 stops)"
"Quthbullapur X Rd","Super Bazar",17.49890,78.45176,17.37193,78.50992,20.4,69,2,"29B/250C → 1/25S → 1M/D","29B/250C: Quthbullapur X Rd → Bluesea Cafe (17 stops) | 1/25S: Bluesea Cafe → Narayanguda (9 stops) | 1M/D: Narayanguda → Super Bazar (6 stops)"
"Quthbullapur X Rd","Race Course",17.49890,78.45176,17.45076,78.48820,8.8,30,0,"29B/250C","29B/250C: Quthbullapur X Rd → Race Course (13 stops)"
"Quthbullapur X Rd","Punjagutta",17.49890,78.45176,17.42645,78.45141,11.7,40,1,"219/27G → 189M","219/27G: Quthbullapur X Rd → Prashanth Nagar (7 stops) | 189M: Prashanth Nagar → Punjagutta (10 stops)"
"Quthbullapur X Rd","Balanagar",17.49890,78.45176,17.46697,78.44626,3.5,12,0,"219/27G","219/27G: Quthbullapur X Rd → Balanagar (6 stops)"
"Quthbullapur X Rd","Chintal",17.49890,78.45176,17.49540,78.45210,0.4,2,0,"",""
"Quthbullapur X Rd","Nanal Nagar",17.49890,78.45176,17.39620,78.42700,17.5,59,2,"219/27G → 189M → 113M/217","219/27G: Quthbullapur X Rd → Prashanth Nagar (7 stops) | 189M: Prashanth Nagar → Mehdipatnam (17 stops) | 113M/217: Mehdipatnam → Nanal Nagar (2 stops)"
"Quthbullapur X Rd","Abids Gpo",17.49890,78.45176,17.38757,78.47617,16.2,54,3,"29B/250C → 498K → 7Z → 85M","29B/250C: Quthbullapur X Rd → Race Course (13 stops) | 498K: Race Course → Paradise (2 stops) | 7Z: Paradise → Basheer Bagh (6 stops) | 85M: Basheer Bagh → Abids Gpo (2 stops)"
"Quthbullapur X Rd","Kachiguda Railway Station",17.49890,78.45176,17.38950,78.49726,17.8,62,1,"29B/250C → 1/25S","29B/250C: Quthbullapur X Rd → Bluesea Cafe (17 stops) | 1/25S: Bluesea Cafe → Kacheguda X Road (10 stops)"
"Quthbullapur X Rd","Ghatkesar Bus Station",17.49890,78.45176,17.45213,78.68231,32.9,110,1,"29B/250C → 500","29B/250C: Quthbullapur X Rd → Tarnaka (20 stops) | 500: Tarnaka → Ghatkesar Bus Station (3 stops)"
"Quthbullapur X Rd","Chengicherla",17.49890,78.45176,17.43313,78.60845,26.5,89,1,"29B/250C → 250S","29B/250C: Quthbullapur X Rd → Mallapur Bus Stop (27 stops) | 250S: Mallapur Bus Stop → Chengicherla (5 stops)"
"Quthbullapur X Rd","Shapur Nagar",17.49890,78.45176,17.51600,78.44690,2,7,0,"272","272: Quthbullapur X Rd → Shapur Nagar (4 stops)"
"Quthbullapur X Rd","Panama Godown",17.49890,78.45176,17.33840,78.56864,27.1,91,2,"29B/250C → 113T/L → 290U/F","29B/250C: Quthbullapur X Rd → Tarnaka (20 stops) | 113T/L: Tarnaka → Survey Of India (3 stops) | 290U/F: Survey Of India → Panama Godown (10 stops)"
"Quthbullapur X Rd","Gachibowli X Road",17.49890,78.45176,17.43903,78.36295,17.5,61,1,"219/27G → AJ","219/27G: Quthbullapur X Rd → Jntu X Road (10 stops) | AJ: Jntu X Rd → Gachibowli Orr (3 stops)"
"Quthbullapur X Rd","Abids Grammar School",17.49890,78.45176,17.39333,78.47625,15.5,52,2,"29B/250C → 498K → 7Z/449","29B/250C: Quthbullapur X Rd → Race Course (13 stops) | 498K: Race Course → Paradise (2 stops) | 7Z/449: Paradise → Abids Grammar School (7 stops)"
"Quthbullapur X Rd","Dilsukhnagar",17.49890,78.45176,17.36862,78.52366,22.1,74,2,"29B/250C → 1/25S → 1M/D","29B/250C: Quthbullapur X Rd → Bluesea Cafe (17 stops) | 1/25S: Bluesea Cafe → Narayanguda (9 stops) | 1M/D: Narayanguda → Dilsukhnagar (8 stops)"
"Quthbullapur X Rd","Sathamrai",17.49890,78.45176,17.27452,78.40118,31.4,106,3,"219/27G → 189M → 300/217 → 85M","219/27G: Quthbullapur X Rd → Prashanth Nagar (7 stops) | 189M: Prashanth Nagar → Mehdipatnam (17 stops) | 300/217: Mehdipatnam → Shivrampally (8 stops) | 85M: Shivrampally → Sathamrai (4 stops)"
"Quthbullapur X Rd","Gajularam X Road",17.49890,78.45176,17.51010,78.44771,1.3,5,0,"272","272: Quthbullapur X Rd → Gajularam X Road (3 stops)"
"Quthbullapur X Rd","Rc Puram",17.49890,78.45176,17.51362,78.28780,22.1,74,0,"219/27G","219/27G: Quthbullapur X Rd → Rc Puram (22 stops)"
"Quthbullapur X Rd","Kphb",17.49890,78.45176,17.49456,78.40081,9.3,31,0,"219/27G","219/27G: Quthbullapur X Rd → Kphb (9 stops)"
"Quthbullapur X Rd","Pisal Banda",17.49890,78.45176,17.33995,78.50379,30.5,102,3,"29B/250C → 113T/L → 412 → 300/253","29B/250C: Quthbullapur X Rd → Tarnaka (20 stops) | 113T/L: Tarnaka → Survey Of India (3 stops) | 412: Survey Of India → Lb Nagar (6 stops) | 300/253: Lb Nagar → Pisal Banda (5 stops)"
"Quthbullapur X Rd","Police Lines",17.49890,78.45176,17.44365,78.47499,11.4,38,1,"29B/250C → 10JB","29B/250C: Quthbullapur X Rd → Plaza (14 stops) | 10JB: Plaza → Police Lines (2 stops)"
"Quthbullapur X Rd","Uppal X Road",17.49890,78.45176,17.40126,78.56007,19,64,1,"29B/250C → 500","29B/250C: Quthbullapur X Rd → Tarnaka (20 stops) | 500: Tarnaka → Uppal X Road (2 stops)"
"Quthbullapur X Rd","Boats Club",17.49890,78.45176,17.42644,78.48664,11.6,39,2,"29B/250C → 498K → 8C","29B/250C: Quthbullapur X Rd → Race Course (13 stops) | 498K: Race Course → Paradise (2 stops) | 8C: Paradise → Boats Club (3 stops)"
"Quthbullapur X Rd","Womens College",17.49890,78.45176,17.38481,78.48762,17.8,61,2,"29B/250C → 1/25S → 3X","29B/250C: Quthbullapur X Rd → Bluesea Cafe (17 stops) | 1/25S: Bluesea Cafe → Chikkadapally (8 stops) | 3X: Chikkadapally → Koti Maternity Hospital (3 stops)"
"Quthbullapur X Rd","Hydernagar",17.49890,78.45176,17.49919,78.38352,11.2,38,0,"219/27G","219/27G: Quthbullapur X Rd → Hydernagar (11 stops)"
"Quthbullapur X Rd","Charminar",17.49890,78.45176,17.35868,78.47403,22.1,74,2,"29B/250C → 1/25S → 253M","29B/250C: Quthbullapur X Rd → Bluesea Cafe (17 stops) | 1/25S: Bluesea Cafe → Afzalgunj (14 stops) | 253M: Afzalgunj → Charminar (3 stops)"
"Quthbullapur X Rd","Hitech City",17.49890,78.45176,17.44995,78.38257,15.6,53,1,"219/27G → AJ","219/27G: Quthbullapur X Rd → Jntu X Road (10 stops) | AJ: Jntu X Rd → Shilparamam (2 stops)"
"Quthbullapur X Rd","Ameerpet",17.49890,78.45176,17.43155,78.44765,11,38,1,"219/27G → 9X","219/27G: Quthbullapur X Rd → Prashanth Nagar (7 stops) | 9X: Prashanth Nagar → Ameerpet (8 stops)"
"Quthbullapur X Rd","Gandipet X Road",17.49890,78.45176,17.38500,78.33100,26.1,88,3,"219/27G → AJ → 316 → 120","219/27G: Quthbullapur X Rd → Jntu X Road (10 stops) | AJ: Jntu X Rd → Gachibowli Orr (3 stops) | 316: Gachibowli Orr → Manchirevula X Road (4 stops) | 120: Manchirevula X Road → Gandipet X Road (4 stops)"
"Quthbullapur X Rd","Gachibowli",17.49890,78.45176,17.43966,78.36356,17.6,61,1,"219/27G → AJ","219/27G: Quthbullapur X Rd → Jntu X Road (10 stops) | AJ: Jntu X Rd → Gachibowli Orr (3 stops)"
"Quthbullapur X Rd","Miyapur",17.49890,78.45176,17.49669,78.36077,13.9,47,0,"219/27G","219/27G: Quthbullapur X Rd → Miyapur (13 stops)"
"Quthbullapur X Rd","Sr Nagar",17.49890,78.45176,17.44027,78.44260,9.9,34,1,"219/27G → 9X","219/27G: Quthbullapur X Rd → Prashanth Nagar (7 stops) | 9X: Prashanth Nagar → Sr Nagar (6 stops)"
"Quthbullapur X Rd","Begumpet",17.49890,78.45176,17.10805,78.55358,56.6,189,3,"29B/250C → 1/25S → 8A/253M → 478","29B/250C: Quthbullapur X Rd → Bluesea Cafe (17 stops) | 1/25S: Bluesea Cafe → Afzalgunj (14 stops) | 8A/253M: Afzalgunj → Imamguda (16 stops) | 478: Imamguda → Begumpet (7 stops)"
"Quthbullapur X Rd","Tolichowki",17.49890,78.45176,17.39924,78.41552,18.7,63,2,"219/27G → 189M → 116","219/27G: Quthbullapur X Rd → Prashanth Nagar (7 stops) | 189M: Prashanth Nagar → Mehdipatnam (17 stops) | 116: Mehdipatnam → Tolichowki (3 stops)"
"Quthbullapur X Rd","Kondapur",17.49890,78.45176,17.46392,78.36725,18.7,67,1,"219/27G → 222M","219/27G: Quthbullapur X Rd → Allwyn X Rd (14 stops) | 222M: Allwyn X Rd → Kondapur (3 stops)"
"Quthbullapur X Rd","Shamshabad",17.49890,78.45176,17.26205,78.38824,32.2,109,2,"219/27G → 189M → AC","219/27G: Quthbullapur X Rd → Prashanth Nagar (7 stops) | 189M: Prashanth Nagar → Sarojini Devi Hospital (16 stops) | AC: Mehdipatnam(District Stop) → Shamshabad (3 stops)"
"Shapur Nagar","Secunderabad Railway Station",17.51600,78.44690,17.43426,78.50158,13.2,44,1,"29B/250C → 219P","29B/250C: Shapur Nagar → Race Course (15 stops) | 219P: Race Course → Secunderabad Railway Station (3 stops)"
"Shapur Nagar","Afzalgunj",17.51600,78.44690,17.37331,78.47693,21.1,71,1,"29B/250C → 9K","29B/250C: Shapur Nagar → Idpl Water Tank (7 stops) | 9K: Idpl Water Tank → Afzalgunj (24 stops)"
"Shapur Nagar","Alugadda Bhavi",17.51600,78.44690,17.43531,78.51438,14.6,49,0,"29B/250C","29B/250C: Shapur Nagar → Alugaddabavi (20 stops)"
"Shapur Nagar","Patny",17.51600,78.44690,17.44318,78.49625,12.6,42,0,"29B/250C","29B/250C: Shapur Nagar → Patny (17 stops)"
"Shapur Nagar","Cbs",17.51600,78.44690,17.37823,78.48168,20.4,69,1,"29B/250C → 9K","29B/250C: Shapur Nagar → Idpl Water Tank (7 stops) | 9K: Idpl Water Tank → Cbs (23 stops)"
"Shapur Nagar","Erragadda",17.51600,78.44690,17.45617,78.43378,10.3,35,1,"29B/250C → 9K","29B/250C: Shapur Nagar → Idpl Water Tank (7 stops) | 9K: Idpl Water Tank → Erragadda (6 stops)"
"Shapur Nagar","Gajularamaram X Road",17.51600,78.44690,17.50941,78.44817,0.6,2,0,"",""
"Shapur Nagar","Jbs",17.51600,78.44690,17.44757,78.49664,11.9,41,1,"29B/250C → 511","29B/250C: Shapur Nagar → Tadbund (14 stops) | 511: Tadbund → Jublee Bus Station (2 stops)"
"Shapur Nagar","Hayathnagar Bus Station",17.51600,78.44690,17.32732,78.60489,29.2,98,1,"186 → 216/118W","186: Rythubazar-Jdm → Ngos Colony Bus Stop (2 stops) | 216/118W: Ngos Colony Bus Stop → Hayathnagar Bus Station (2 stops)"
"Shapur Nagar","Rathifile Bus Station",17.51600,78.44690,17.43457,78.50488,13.8,47,0,"29B/250C","29B/250C: Shapur Nagar → Bluesea Cafe (19 stops)"
"Shapur Nagar","Nampally Public Garoaden",17.51600,78.44690,17.39628,78.47082,17.9,61,1,"29B/250C → 9K","29B/250C: Shapur Nagar → Idpl Water Tank (7 stops) | 9K: Idpl Water Tank → Assembly (18 stops)"
"Shapur Nagar","Lakdikapool",17.51600,78.44690,17.40361,78.46497,16.3,55,1,"29B/250C → 9K","29B/250C: Shapur Nagar → Idpl Water Tank (7 stops) | 9K: Idpl Water Tank → Lakdikapool (17 stops)"
"Shapur Nagar","Ecil Bus Terminal",17.51600,78.44690,17.47253,78.57006,14.3,49,0,"290/186","290/186: Rythubazar-Jdm → Kamala Nagar (2 stops)"
"Shapur Nagar","Secretariat",17.51600,78.44690,17.40812,78.47182,16.1,54,2,"29B/250C → 498K → 113KP","29B/250C: Shapur Nagar → Race Course (15 stops) | 498K: Race Course → Paradise (2 stops) | 113KP: Paradise → Secretariat (5 stops)"
"Shapur Nagar","Patancheruvu",17.51600,78.44690,17.52903,78.26428,24,81,3,"171K → 9EM → 224L → 300A/217","171K: Shapur Nagar → Kphb Metro Station (15 stops) | 9EM: Kphb Metro Station → Miyapur X Road (3 stops) | 224L: Miyapur X Road → Lingampally Bs (5 stops) | 300A/217: Lingampally Bs → Patancheruvu (5 stops)"
"Shapur Nagar","Darul Shifa",17.51600,78.44690,17.37327,78.48299,21.7,73,1,"29B/250C → 9K","29B/250C: Shapur Nagar → Idpl Water Tank (7 stops) | 9K: Idpl Water Tank → Darul Shifa (25 stops)"
"Shapur Nagar","Plaza",17.51600,78.44690,17.44330,78.49066,11.7,39,0,"29B/250C","29B/250C: Shapur Nagar → Plaza (16 stops)"
"Shapur Nagar","Bluesea Cafe",17.51600,78.44690,17.43713,78.50515,13.6,46,0,"29B/250C","29B/250C: Shapur Nagar → Bluesea Cafe (19 stops)"
"Shapur Nagar","Tarnaka",17.51600,78.44690,17.42571,78.53223,16.8,57,0,"29B/250C","29B/250C: Shapur Nagar → Tarnaka (22 stops)"
"Shapur Nagar","Lb Nagar X Road",17.51600,78.44690,17.34699,78.55013,27.1,91,2,"29B/250C → 113T/L → 290U/F","29B/250C: Shapur Nagar → Tarnaka (22 stops) | 113T/L: Tarnaka → Survey Of India (3 stops) | 290U/F: Survey Of India → Lb Nagar X Road (7 stops)"
"Shapur Nagar","Lingampally Bs",17.51600,78.44690,17.49485,78.31689,17.2,58,2,"171K → 9EM → 224L","171K: Shapur Nagar → Kphb Metro Station (15 stops) | 9EM: Kphb Metro Station → Miyapur X Road (3 stops) | 224L: Miyapur X Road → Lingampally Bs (5 stops)"
"Shapur Nagar","Kukatpally",17.51600,78.44690,17.48385,78.41242,8.9,30,1,"171K → 10JB","171K: Shapur Nagar → Bhagyanagar (13 stops) | 10JB: Bhagyanagar → Kukatpally (2 stops)"
"Shapur Nagar","Jublee Bus Station",17.51600,78.44690,17.44761,78.49758,11.8,40,1,"29B/250C → 511","29B/250C: Shapur Nagar → Tadbund (14 stops) | 511: Tadbund → Jublee Bus Station (2 stops)"
"Shapur Nagar","Ibrahimpatnam Bus Station",17.51600,78.44690,17.19144,78.64766,49.4,165,2,"29B/250C → 113T/L → 279U","29B/250C: Shapur Nagar → Tarnaka (22 stops) | 113T/L: Tarnaka → Survey Of India (3 stops) | 279U: Survey Of India → Ibrahimpatnam Bus Station (22 stops)"
"Shapur Nagar","Prashanth Nagar",17.51600,78.44690,17.47378,78.42698,7.7,26,1,"29B/250C → 9K","29B/250C: Shapur Nagar → Idpl Water Tank (7 stops) | 9K: Idpl Water Tank → Prashanth Nagar (3 stops)"
"Shapur Nagar","Moosapet",17.51600,78.44690,17.47081,78.42668,7.8,27,1,"29B/250C → 9K","29B/250C: Shapur Nagar → Idpl Water Tank (7 stops) | 9K: Idpl Water Tank → Moosapet (4 stops)"
"Shapur Nagar","Cherlapally Bus Stand",17.51600,78.44690,17.46329,78.61145,19.9,68,1,"290/186 → 16C/250X","290/186: Rythubazar-Jdm → Kamala Nagar (2 stops) | 16C/250X: Kamla Nagar → Cherlapally Bus Stand (6 stops)"
"Shapur Nagar","Koti Medical College",17.51600,78.44690,17.38310,78.48282,19.8,67,1,"29B/250C → 9K","29B/250C: Shapur Nagar → Idpl Water Tank (7 stops) | 9K: Idpl Water Tank → Koti Medical College (22 stops)"
"Shapur Nagar","Chadarghat",17.51600,78.44690,17.37722,78.49302,20.9,70,2,"29B/250C → 1/25S → 1M/D","29B/250C: Shapur Nagar → Bluesea Cafe (19 stops) | 1/25S: Bluesea Cafe → Narayanguda (9 stops) | 1M/D: Narayanguda → Chadarghat (3 stops)"
"Shapur Nagar","Kachiguda X Road",17.51600,78.44690,17.39069,78.48938,19.1,64,2,"29B/250C → 1/25S → 3X","29B/250C: Shapur Nagar → Bluesea Cafe (19 stops) | 1/25S: Bluesea Cafe → Chikkadapally (8 stops) | 3X: Chikkadapally → Kachiguda X Road (2 stops)"
"Shapur Nagar","Gandimaisamma",17.51600,78.44690,17.57508,78.42319,7.1,24,0,"511","511: Shapur Nagar → Gandimaisamma (4 stops)"
"Shapur Nagar","Mehdipatnam",17.51600,78.44690,17.39527,78.43980,17.5,59,3,"29B/250C → 9K → 224/47D → 19KA","29B/250C: Shapur Nagar → Idpl Water Tank (7 stops) | 9K: Idpl Water Tank → Sr Nagar (8 stops) | 224/47D: Sr Nagar → Punjagutta (2 stops) | 19KA: Punjagutta → Mehdipatnam (3 stops)"
"Shapur Nagar","Bata",17.51600,78.44690,17.43600,78.49370,12.8,43,1,"29B/250C → 219P","29B/250C: Shapur Nagar → Race Course (15 stops) | 219P: Race Course → Patny (2 stops)"
"Shapur Nagar","Jntu X Rd",17.51600,78.44690,17.49672,78.39445,8.9,31,0,"171K","171K: Shapur Nagar → Kphb Metro Station (15 stops)"
"Shapur Nagar","Super Bazar",17.51600,78.44690,17.37193,78.50992,22.4,75,2,"29B/250C → 1/25S → 1M/D","29B/250C: Shapur Nagar → Bluesea Cafe (19 stops) | 1/25S: Bluesea Cafe → Narayanguda (9 stops) | 1M/D: Narayanguda → Super Bazar (6 stops)"
"Shapur Nagar","Race Course",17.51600,78.44690,17.45076,78.48820,10.8,37,0,"29B/250C","29B/250C: Shapur Nagar → Race Course (15 stops)"
"Shapur Nagar","Punjagutta",17.51600,78.44690,17.42645,78.45141,13.8,47,1,"29B/250C → 9K","29B/250C: Shapur Nagar → Idpl Water Tank (7 stops) | 9K: Idpl Water Tank → Punjagutta (11 stops)"
"Shapur Nagar","Balanagar",17.51600,78.44690,17.46697,78.44626,5.6,19,0,"29B/250C","29B/250C: Shapur Nagar → Balanagar (8 stops)"
"Shapur Nagar","Chintal",17.51600,78.44690,17.49540,78.45210,2.4,8,0,"272GB","272GB: Shapur Nagar → Chintal (4 stops)"
"Shapur Nagar","Nanal Nagar",17.51600,78.44690,17.39620,78.42700,23.2,78,2,"171K → 198 → 10W","171K: Shapur Nagar → Kphb Metro Station (15 stops) | 198: Kphb Metro Station → Bio Diversity Complex (11 stops) | 10W: Bio Diversity Complex → Nanal Nagar (6 stops)"
"Shapur Nagar","Abids Gpo",17.51600,78.44690,17.38757,78.47617,19.1,65,2,"29B/250C → 9K → 8A/253M","29B/250C: Shapur Nagar → Idpl Water Tank (7 stops) | 9K: Idpl Water Tank → Nizam College (19 stops) | 8A/253M: Nizam College → Abids Gpo (2 stops)"
"Shapur Nagar","Kachiguda Railway Station",17.51600,78.44690,17.38950,78.49726,19.8,68,1,"29B/250C → 1/25S","29B/250C: Shapur Nagar → Bluesea Cafe (19 stops) | 1/25S: Bluesea Cafe → Kacheguda X Road (10 stops)"
"Shapur Nagar","Ghatkesar Bus Station",17.51600,78.44690,17.45213,78.68231,29.9,102,1,"290/186 → 16A/281","290/186: Rythubazar-Jdm → Kamala Nagar (2 stops) | 16A/281: Kamla Nagar → Ghatkesar Bus Station (24 stops)"
"Shapur Nagar","Chengicherla",17.51600,78.44690,17.43313,78.60845,28.4,95,1,"29B/250C → 250S","29B/250C: Shapur Nagar → Mallapur Bus Stop (29 stops) | 250S: Mallapur Bus Stop → Chengicherla (5 stops)"
"Shapur Nagar","Quthbullapur X Rd",17.51600,78.44690,17.49890,78.45176,2,7,0,"272GB","272GB: Shapur Nagar → Quthbullapur X Rd (3 stops)"
"Shapur Nagar","Panama Godown",17.51600,78.44690,17.33840,78.56864,26.9,91,1,"186 → 100V/208","186: Rythubazar-Jdm → Ngos Colony Bus Stop (2 stops) | 100V/208: Ngos Colony Bus Stop → Panama Godown (5 stops)"
"Shapur Nagar","Gachibowli X Road",17.51600,78.44690,17.43903,78.36295,18.2,61,1,"171K → 198","171K: Shapur Nagar → Kphb Metro Station (15 stops) | 198: Kphb Metro Station → Gachibowli X Road (14 stops)"
"Shapur Nagar","Abids Grammar School",17.51600,78.44690,17.39333,78.47625,18.5,62,1,"29B/250C → 9K","29B/250C: Shapur Nagar → Idpl Water Tank (7 stops) | 9K: Idpl Water Tank → Abids Grammar School (20 stops)"
"Shapur Nagar","Dilsukhnagar",17.51600,78.44690,17.36862,78.52366,24,81,2,"29B/250C → 1/25S → 1M/D","29B/250C: Shapur Nagar → Bluesea Cafe (19 stops) | 1/25S: Bluesea Cafe → Narayanguda (9 stops) | 1M/D: Narayanguda → Dilsukhnagar (8 stops)"
"Shapur Nagar","Sathamrai",17.51600,78.44690,17.27452,78.40118,35,117,3,"29B/250C → 9K → AA → 188","29B/250C: Shapur Nagar → Idpl Water Tank (7 stops) | 9K: Idpl Water Tank → Afzalgunj (24 stops) | AA: Afzalgunj → Aramghar (3 stops) | 188: Aramghar → Sathamrai (4 stops)"
"Shapur Nagar","Gajularam X Road",17.51600,78.44690,17.51010,78.44771,0.7,3,0,"",""
"Shapur Nagar","Rc Puram",17.51600,78.44690,17.51362,78.28780,21,71,3,"171K → 9EM → 224L → 300A/217","171K: Shapur Nagar → Kphb Metro Station (15 stops) | 9EM: Kphb Metro Station → Miyapur X Road (3 stops) | 224L: Miyapur X Road → Lingampally Bs (5 stops) | 300A/217: Lingampally Bs → Rc Puram (3 stops)"
"Shapur Nagar","Kphb",17.51600,78.44690,17.49456,78.40081,8.3,29,0,"171K","171K: Shapur Nagar → Kphb Metro Station (15 stops)"
"Shapur Nagar","Pisal Banda",17.51600,78.44690,17.33995,78.50379,32.4,109,3,"29B/250C → 113T/L → 412 → 300/253","29B/250C: Shapur Nagar → Tarnaka (22 stops) | 113T/L: Tarnaka → Survey Of India (3 stops) | 412: Survey Of India → Lb Nagar (6 stops) | 300/253: Lb Nagar → Pisal Banda (5 stops)"
"Shapur Nagar","Police Lines",17.51600,78.44690,17.44365,78.47499,13.3,45,1,"29B/250C → 10JB","29B/250C: Shapur Nagar → Plaza (16 stops) | 10JB: Plaza → Police Lines (2 stops)"
"Shapur Nagar","Uppal X Road",17.51600,78.44690,17.40126,78.56007,20.9,70,1,"29B/250C → 500","29B/250C: Shapur Nagar → Tarnaka (22 stops) | 500: Tarnaka → Uppal X Road (2 stops)"
"Shapur Nagar","Boats Club",17.51600,78.44690,17.42644,78.48664,13.5,46,2,"29B/250C → 498K → 8C","29B/250C: Shapur Nagar → Race Course (15 stops) | 498K: Race Course → Paradise (2 stops) | 8C: Paradise → Boats Club (3 stops)"
"Shapur Nagar","Womens College",17.51600,78.44690,17.38481,78.48762,19.8,68,2,"29B/250C → 1/25S → 3X","29B/250C: Shapur Nagar → Bluesea Cafe (19 stops) | 1/25S: Bluesea Cafe → Chikkadapally (8 stops) | 3X: Chikkadapally → Koti Maternity Hospital (3 stops)"
"Shapur Nagar","Hydernagar",17.51600,78.44690,17.49919,78.38352,10.1,34,1,"171K → 431","171K: Shapur Nagar → Kphb Metro Station (15 stops) | 431: Kphb Metro Station → Hydernagar (2 stops)"
"Shapur Nagar","Charminar",17.51600,78.44690,17.35868,78.47403,24,81,1,"29B/250C → 9K","29B/250C: Shapur Nagar → Idpl Water Tank (7 stops) | 9K: Idpl Water Tank → Charminar (29 stops)"
"Shapur Nagar","Hitech City",17.51600,78.44690,17.44995,78.38257,14.1,49,1,"171K → 198","171K: Shapur Nagar → Kphb Metro Station (15 stops) | 198: Kphb Metro Station → Cyber Towers (8 stops)"
"Shapur Nagar","Ameerpet",17.51600,78.44690,17.43155,78.44765,13,44,1,"29B/250C → 9K","29B/250C: Shapur Nagar → Idpl Water Tank (7 stops) | 9K: Idpl Water Tank → Ameerpet (10 stops)"
"Shapur Nagar","Gandipet X Road",17.51600,78.44690,17.38500,78.33100,27,92,3,"171K → 198 → 316 → 120","171K: Shapur Nagar → Kphb Metro Station (15 stops) | 198: Kphb Metro Station → Gachibowli X Road (14 stops) | 316: Gachibowli Orr → Manchirevula X Road (4 stops) | 120: Manchirevula X Road → Gandipet X Road (4 stops)"
"Shapur Nagar","Gachibowli",17.51600,78.44690,17.43966,78.36356,18.3,62,1,"171K → 198","171K: Shapur Nagar → Kphb Metro Station (15 stops) | 198: Kphb Metro Station → Gachibowli X Road (14 stops)"
"Shapur Nagar","Miyapur",17.51600,78.44690,17.49669,78.36077,12.5,43,1,"171K → 9EM","171K: Shapur Nagar → Kphb Metro Station (15 stops) | 9EM: Kphb Metro Station → Miyapur X Road (3 stops)"
"Shapur Nagar","Sr Nagar",17.51600,78.44690,17.44027,78.44260,11.9,40,1,"29B/250C → 9K","29B/250C: Shapur Nagar → Idpl Water Tank (7 stops) | 9K: Idpl Water Tank → Sr Nagar (8 stops)"
"Shapur Nagar","Begumpet",17.51600,78.44690,17.10805,78.55358,58.5,196,3,"29B/250C → 9K → 8A/253M → 478","29B/250C: Shapur Nagar → Idpl Water Tank (7 stops) | 9K: Idpl Water Tank → Aliabad (32 stops) | 8A/253M: Aliabad → Imamguda (12 stops) | 478: Imamguda → Begumpet (7 stops)"
"Shapur Nagar","Tolichowki",17.51600,78.44690,17.39924,78.41552,21.9,74,2,"171K → 198 → 10W","171K: Shapur Nagar → Kphb Metro Station (15 stops) | 198: Kphb Metro Station → Bio Diversity Complex (11 stops) | 10W: Bio Diversity Complex → Brindavan Colony (5 stops)"
"Shapur Nagar","Kondapur",17.51600,78.44690,17.46392,78.36725,16.9,57,2,"171K → 9EM → 222M","171K: Shapur Nagar → Kphb Metro Station (15 stops) | 9EM: Kphb Metro Station → Miyapur X Road (3 stops) | 222M: Miyapur X Road → Kondapur (4 stops)"
"Shapur Nagar","Shamshabad",17.51600,78.44690,17.26205,78.38824,36.7,123,2,"29B/250C → 9K → AA","29B/250C: Shapur Nagar → Idpl Water Tank (7 stops) | 9K: Idpl Water Tank → Afzalgunj (24 stops) | AA: Afzalgunj → Shamshabad (4 stops)"
"Panama Godown","Secunderabad Railway Station",17.33840,78.56864,17.43426,78.50158,16.1,54,0,"290U/555","290U/555: Panama Godown → Secunderabad Railway Station (20 stops)"
"Panama Godown","Afzalgunj",17.33840,78.56864,17.37331,78.47693,11.5,39,2,"555 → 100V/208 → 277S","555: Panama Godown → Dilsukhnagar (4 stops) | 100V/208: Dilsukhnagar → Mgbs Exit (5 stops) | 277S: Mgbs Exit → Afzalgunj (2 stops)"
"Panama Godown","Alugadda Bhavi",17.33840,78.56864,17.43531,78.51438,14.6,49,0,"290U/555","290U/555: Panama Godown → Alugadda Bhavi (17 stops)"
"Panama Godown","Patny",17.33840,78.56864,17.44318,78.49625,17.2,58,1,"290U/555 → 30","290U/555: Panama Godown → Secunderabad Railway Station (20 stops) | 30: Secunderabad Railway Station → Patny (2 stops)"
"Panama Godown","Cbs",17.33840,78.56864,17.37823,78.48168,11.9,40,1,"555 → 72D","555: Panama Godown → Dilsukhnagar (4 stops) | 72D: Dilsukhnagar → Koti Medical College (7 stops)"
"Panama Godown","Erragadda",17.33840,78.56864,17.45617,78.43378,21.4,72,1,"555 → 72D","555: Panama Godown → Dilsukhnagar (4 stops) | 72D: Dilsukhnagar → Erragadda (23 stops)"
"Panama Godown","Gajularamaram X Road",17.33840,78.56864,17.50941,78.44817,24.6,83,0,"186","186: Panama Godown → Rythubazar-Jdm (2 stops)"
"Panama Godown","Jbs",17.33840,78.56864,17.44757,78.49664,16.9,57,1,"290U/555 → AL","290U/555: Panama Godown → Tarnaka (14 stops) | AL: Tarnaka → Jbs (3 stops)"
"Panama Godown","Hayathnagar Bus Station",17.33840,78.56864,17.32732,78.60489,4.1,15,0,"555","555: Panama Godown → Hayathnagar Bus Station (3 stops)"
"Panama Godown","Rathifile Bus Station",17.33840,78.56864,17.43457,78.50488,15.7,53,0,"290U/555","290U/555: Panama Godown → Rathifile Bus Station (19 stops)"
"Panama Godown","Nampally Public Garoaden",17.33840,78.56864,17.39628,78.47082,13.5,45,1,"555 → 72D","555: Panama Godown → Dilsukhnagar (4 stops) | 72D: Dilsukhnagar → Nampally Public Garoaden (10 stops)"
"Panama Godown","Lakdikapool",17.33840,78.56864,17.40361,78.46497,14.6,49,1,"555 → 72D","555: Panama Godown → Dilsukhnagar (4 stops) | 72D: Dilsukhnagar → Lakdikapool (12 stops)"
"Panama Godown","Ecil Bus Terminal",17.33840,78.56864,17.47253,78.57006,20.4,69,1,"290U/555 → 3K/90L","290U/555: Panama Godown → Tarnaka (14 stops) | 3K/90L: Tarnaka → Ecil Bus Terminal (12 stops)"
"Panama Godown","Secretariat",17.33840,78.56864,17.40812,78.47182,14.7,50,2,"555 → 72D → 277S","555: Panama Godown → Dilsukhnagar (4 stops) | 72D: Dilsukhnagar → Nampally Railway Station (9 stops) | 277S: Nampally Railway Station → Secretariat (2 stops)"
"Panama Godown","Patancheruvu",17.33840,78.56864,17.52903,78.26428,42.9,144,1,"555 → 72D","555: Panama Godown → Dilsukhnagar (4 stops) | 72D: Dilsukhnagar → Patancheruvu (50 stops)"
"Panama Godown","Darul Shifa",17.33840,78.56864,17.37327,78.48299,11,37,1,"555 → 100V/208","555: Panama Godown → Dilsukhnagar (4 stops) | 100V/208: Dilsukhnagar → Darul Shifa (6 stops)"
"Panama Godown","Plaza",17.33840,78.56864,17.44330,78.49066,17.6,59,1,"290U/555 → 10JB","290U/555: Panama Godown → Secunderabad Railway Station (20 stops) | 10JB: Secunderabad Railway Station → Plaza (2 stops)"
"Panama Godown","Bluesea Cafe",17.33840,78.56864,17.43713,78.50515,15.6,53,1,"290U/555 → 242","290U/555: Panama Godown → Alugadda Bhavi (17 stops) | 242: Alugadda Bhavi → Bluesea Cafe (2 stops)"
"Panama Godown","Tarnaka",17.33840,78.56864,17.42571,78.53223,12.4,42,0,"290U/555","290U/555: Panama Godown → Tarnaka (14 stops)"
"Panama Godown","Lb Nagar X Road",17.33840,78.56864,17.34699,78.55013,2.3,8,0,"186","186: Panama Godown → Lb Nagar X Road (2 stops)"
"Panama Godown","Lingampally Bs",17.33840,78.56864,17.49485,78.31689,36.1,121,1,"555 → 72D","555: Panama Godown → Dilsukhnagar (4 stops) | 72D: Dilsukhnagar → Lingampally Bs (43 stops)"
"Panama Godown","Kukatpally",17.33840,78.56864,17.48385,78.41242,25.3,85,1,"555 → 72D","555: Panama Godown → Dilsukhnagar (4 stops) | 72D: Dilsukhnagar → Kukatpally (28 stops)"
"Panama Godown","Jublee Bus Station",17.33840,78.56864,17.44761,78.49758,17.7,60,0,"290U/555","290U/555: Panama Godown → Jublee Bus Station (22 stops)"
"Panama Godown","Ibrahimpatnam Bus Station",17.33840,78.56864,17.19144,78.64766,22.4,77,2,"107R/300A → 540/400 → 401","107R/300A: Panama Godown → Bn Reddy (5 stops) | 540/400: Bn Reddy → Bongloor X Road (6 stops) | 401: Bongloor X Road → Ibrahimpatnam Bus Station (3 stops)"
"Panama Godown","Prashanth Nagar",17.33840,78.56864,17.47378,78.42698,15.3,52,1,"290U/555 → 3K/90L","290U/555: Panama Godown → Tarnaka (14 stops) | 3K/90L: Tarnaka → Lalapet (4 stops)"
"Panama Godown","Moosapet",17.33840,78.56864,17.47081,78.42668,23.2,78,1,"555 → 72D","555: Panama Godown → Dilsukhnagar (4 stops) | 72D: Dilsukhnagar → Moosapet (25 stops)"
"Panama Godown","Cherlapally Bus Stand",17.33840,78.56864,17.46329,78.61145,20,67,2,"290U/555 → 300/242 → 16A/281","290U/555: Panama Godown → Ngri (12 stops) | 300/242: Ngri → Hcl X Road (6 stops) | 16A/281: Hcl X Road → Cherlapally Bus Stand (3 stops)"
"Panama Godown","Koti Medical College",17.33840,78.56864,17.38310,78.48282,11.3,38,1,"555 → 72D","555: Panama Godown → Dilsukhnagar (4 stops) | 72D: Dilsukhnagar → Koti Medical College (7 stops)"
"Panama Godown","Chadarghat",17.33840,78.56864,17.37722,78.49302,9.8,33,1,"555 → 72D","555: Panama Godown → Dilsukhnagar (4 stops) | 72D: Dilsukhnagar → Chadarghat (5 stops)"
"Panama Godown","Kachiguda X Road",17.33840,78.56864,17.39069,78.48938,12.1,41,2,"555 → 72D → 65K/123","555: Panama Godown → Dilsukhnagar (4 stops) | 72D: Dilsukhnagar → Chadarghat (5 stops) | 65K/123: Chadarghat → Kachiguda Railway Station (2 stops)"
"Panama Godown","Gandimaisamma",17.33840,78.56864,17.57508,78.42319,11.6,40,1,"555 → 205","555: Panama Godown → Orr (6 stops) | 205: Orr → Gandimaisamma (2 stops)"
"Panama Godown","Mehdipatnam",17.33840,78.56864,17.39527,78.43980,16.3,55,2,"555 → 72D → 116N","555: Panama Godown → Dilsukhnagar (4 stops) | 72D: Dilsukhnagar → Koti Medical College (7 stops) | 116N: Koti Medical College → Mehdipatnam (8 stops)"
"Panama Godown","Bata",17.33840,78.56864,17.43600,78.49370,16.9,57,0,"290U/555","290U/555: Panama Godown → Secunderabad Railway Station (20 stops)"
"Panama Godown","Jntu X Rd",17.33840,78.56864,17.49672,78.39445,27.7,94,1,"555 → 72D","555: Panama Godown → Dilsukhnagar (4 stops) | 72D: Dilsukhnagar → Jntu X Road (31 stops)"
"Panama Godown","Super Bazar",17.33840,78.56864,17.37193,78.50992,7.9,27,1,"555 → 72","555: Panama Godown → Dilsukhnagar (4 stops) | 72: Dilsukhnagar → Super Bazar (3 stops)"
"Panama Godown","Race Course",17.33840,78.56864,17.45076,78.48820,18.4,62,1,"290U/555 → 186","290U/555: Panama Godown → Secunderabad Railway Station (20 stops) | 186: Secunderabad Railway Station → Race Course (3 stops)"
"Panama Godown","Punjagutta",17.33840,78.56864,17.42645,78.45141,17.6,59,1,"555 → 72D","555: Panama Godown → Dilsukhnagar (4 stops) | 72D: Dilsukhnagar → Punjagutta (17 stops)"
"Panama Godown","Balanagar",17.33840,78.56864,17.46697,78.44626,23.6,79,1,"290U/555 → 186","290U/555: Panama Godown → Secunderabad Railway Station (20 stops) | 186: Secunderabad Railway Station → Balanagar (6 stops)"
"Panama Godown","Chintal",17.33840,78.56864,17.49540,78.45210,26.4,89,1,"186 → 272GB","186: Panama Godown → Rythubazar-Jdm (2 stops) | 272GB: Rythubazar-Jdm → Chintal (5 stops)"
"Panama Godown","Nanal Nagar",17.33840,78.56864,17.39620,78.42700,17.7,60,2,"555 → 72D → 216","555: Panama Godown → Dilsukhnagar (4 stops) | 72D: Dilsukhnagar → Koti Medical College (7 stops) | 216: Koti Medical College → Nanal Nagar (9 stops)"
"Panama Godown","Abids Gpo",17.33840,78.56864,17.38757,78.47617,12.2,41,1,"555 → 72D","555: Panama Godown → Dilsukhnagar (4 stops) | 72D: Dilsukhnagar → Abids Gpo (8 stops)"
"Panama Godown","Kachiguda Railway Station",17.33840,78.56864,17.38950,78.49726,11.2,38,2,"555 → 72D → 65K/123","555: Panama Godown → Dilsukhnagar (4 stops) | 72D: Dilsukhnagar → Chadarghat (5 stops) | 65K/123: Chadarghat → Kachiguda Railway Station (2 stops)"
"Panama Godown","Ghatkesar Bus Station",17.33840,78.56864,17.45213,78.68231,22.6,77,1,"90L/555 → 500","90L/555: Panama Godown → Uppal X Road (10 stops) | 500: Uppal X Rd Warangal Point → Ghatkesar Bus Station (2 stops)"
"Panama Godown","Chengicherla",17.33840,78.56864,17.43313,78.60845,16.4,55,2,"90L/555 → 115RR → 18C/R","90L/555: Panama Godown → Nagole Metro Station (9 stops) | 115RR: Nagole Metro Station → Boduppal Kamman (5 stops) | 18C/R: Boduppal Kamman → Chengicherla (9 stops)"
"Panama Godown","Quthbullapur X Rd",17.33840,78.56864,17.49890,78.45176,26,88,1,"186 → 272GB","186: Panama Godown → Rythubazar-Jdm (2 stops) | 272GB: Rythubazar-Jdm → Quthbullapur X Rd (4 stops)"
"Panama Godown","Shapur Nagar",17.33840,78.56864,17.51600,78.44690,24,81,0,"186","186: Panama Godown → Rythubazar-Jdm (2 stops)"
"Panama Godown","Gachibowli X Road",17.33840,78.56864,17.43903,78.36295,26.1,88,2,"555 → 72D → 116N/220K","555: Panama Godown → Dilsukhnagar (4 stops) | 72D: Dilsukhnagar → Koti Medical College (7 stops) | 116N/220K: Koti Medical College → Gachibowli X Road (17 stops)"
"Panama Godown","Abids Grammar School",17.33840,78.56864,17.39333,78.47625,14.3,48,2,"555 → 72D → 1M/D","555: Panama Godown → Dilsukhnagar (4 stops) | 72D: Dilsukhnagar → Nampally Railway Station (9 stops) | 1M/D: Nampally Railway Station → Abids Grammar School (3 stops)"
"Panama Godown","Dilsukhnagar",17.33840,78.56864,17.36862,78.52366,6.4,22,0,"555","555: Panama Godown → Dilsukhnagar (4 stops)"
"Panama Godown","Sathamrai",17.33840,78.56864,17.27452,78.40118,22.9,77,2,"290U/205B → 100H → 49M/251","290U/205B: Panama Godown → Chintalkunta Check Post (2 stops) | 100H: Chintalkunta Check Post → Aramghar (19 stops) | 49M/251: Aramghar → Sathamrai (4 stops)"
"Panama Godown","Gajularam X Road",17.33840,78.56864,17.51010,78.44771,24.7,83,0,"186","186: Panama Godown → Rythubazar-Jdm (2 stops)"
"Panama Godown","Rc Puram",17.33840,78.56864,17.51362,78.28780,39.9,133,1,"555 → 72D","555: Panama Godown → Dilsukhnagar (4 stops) | 72D: Dilsukhnagar → Rc Puram (47 stops)"
"Panama Godown","Kphb",17.33840,78.56864,17.49456,78.40081,27.1,92,1,"555 → 72D","555: Panama Godown → Dilsukhnagar (4 stops) | 72D: Dilsukhnagar → Kphb Metro Station (30 stops)"
"Panama Godown","Pisal Banda",17.33840,78.56864,17.33995,78.50379,7.7,26,1,"290U/205B → 100H","290U/205B: Panama Godown → Chintalkunta Check Post (2 stops) | 100H: Chintalkunta Check Post → Pisal Banda (9 stops)"
"Panama Godown","Police Lines",17.33840,78.56864,17.44365,78.47499,19.3,65,1,"290U/555 → 47YN","290U/555: Panama Godown → Secunderabad Railway Station (20 stops) | 47YN: Secunderabad Railway Station → Police Lines (3 stops)"
"Panama Godown","Uppal X Road",17.33840,78.56864,17.40126,78.56007,8.5,29,0,"90L/555","90L/555: Panama Godown → Uppal X Road (10 stops)"
"Panama Godown","Boats Club",17.33840,78.56864,17.42644,78.48664,17.9,60,1,"290U/555 → 251M/A","290U/555: Panama Godown → Secunderabad Railway Station (20 stops) | 251M/A: Secunderabad Railway Station → Boats Club (3 stops)"
"Panama Godown","Womens College",17.33840,78.56864,17.38481,78.48762,10.8,36,1,"555 → 72D","555: Panama Godown → Dilsukhnagar (4 stops) | 72D: Dilsukhnagar → Womens College (6 stops)"
"Panama Godown","Hydernagar",17.33840,78.56864,17.49919,78.38352,28.9,97,1,"555 → 72D","555: Panama Godown → Dilsukhnagar (4 stops) | 72D: Dilsukhnagar → Hydernagar (34 stops)"
"Panama Godown","Charminar",17.33840,78.56864,17.35868,78.47403,12.9,43,2,"555 → 100V/208 → 253M","555: Panama Godown → Dilsukhnagar (4 stops) | 100V/208: Dilsukhnagar → Darul Shifa (6 stops) | 253M: Darul Shifa → Charminar (2 stops)"
"Panama Godown","Hitech City",17.33840,78.56864,17.44995,78.38257,26.5,89,2,"555 → 72D → 222A","555: Panama Godown → Dilsukhnagar (4 stops) | 72D: Dilsukhnagar → Lakdikapool (12 stops) | 222A: Lakdikapool → Hitech City (16 stops)"
"Panama Godown","Ameerpet",17.33840,78.56864,17.43155,78.44765,18.3,61,1,"555 → 72D","555: Panama Godown → Dilsukhnagar (4 stops) | 72D: Dilsukhnagar → Ameerpet (19 stops)"
"Panama Godown","Gandipet X Road",17.33840,78.56864,17.38500,78.33100,82.2,276,5,"555 → 72D → 518 → 19S/505 → 19S/505 → 19S/505","555: Panama Godown → Dilsukhnagar (4 stops) | 72D: Dilsukhnagar → Patancheruvu (50 stops) | 518: Patancheruvu → Bulkapur (10 stops) | 19S/505: Bulkapur → Ibs (3 stops) | 19S/505: Ibs → Maharajpet (2 stops) | 19S/505: Maharajpet → Gandipet X Road (8 stops)"
"Panama Godown","Gachibowli",17.33840,78.56864,17.43966,78.36356,26.2,89,2,"555 → 72D → 116N/220K","555: Panama Godown → Dilsukhnagar (4 stops) | 72D: Dilsukhnagar → Koti Medical College (7 stops) | 116N/220K: Koti Medical College → Gachibowli X Road (17 stops)"
"Panama Godown","Miyapur",17.33840,78.56864,17.49669,78.36077,31.7,106,1,"555 → 72D","555: Panama Godown → Dilsukhnagar (4 stops) | 72D: Dilsukhnagar → Miyapur (37 stops)"
"Panama Godown","Sr Nagar",17.33840,78.56864,17.44027,78.44260,19.7,66,1,"555 → 72D","555: Panama Godown → Dilsukhnagar (4 stops) | 72D: Dilsukhnagar → Sr Nagar (21 stops)"
"Panama Godown","Begumpet",17.33840,78.56864,17.10805,78.55358,31.5,107,3,"107R/300A → 540/400 → 277N → 203A/479","107R/300A: Panama Godown → Bn Reddy (5 stops) | 540/400: Bn Reddy → Gurramguda X Road (2 stops) | 277N: Gurramguda X Road → Nadargul (4 stops) | 203A/479: Nadargul → Begumpet (9 stops)"
"Panama Godown","Tolichowki",17.33840,78.56864,17.39924,78.41552,18.9,64,2,"555 → 72D → 216","555: Panama Godown → Dilsukhnagar (4 stops) | 72D: Dilsukhnagar → Koti Medical College (7 stops) | 216: Koti Medical College → Tolichowki (10 stops)"
"Panama Godown","Kondapur",17.33840,78.56864,17.46392,78.36725,24.1,81,2,"90L/555 → 500 → 280B","90L/555: Panama Godown → Uppal X Road (10 stops) | 500: Uppal X Rd Warangal Point → Ghatkesar Bus Station (2 stops) | 280B: Ghatkesar Bus Station → Kondapur (3 stops)"
"Panama Godown","Madhapur",17.33840,78.56864,17.63017,78.77482,28.3,96,3,"107R/300A → 540/400 → 277P → 486","107R/300A: Panama Godown → Bn Reddy (5 stops) | 540/400: Bn Reddy → Bongloor X Road (6 stops) | 277P: Bongloor X Road → Yeliminedu (9 stops) | 486: Yeliminedu → Madhapur (2 stops)"
"Panama Godown","Shamshabad",17.33840,78.56864,17.26205,78.38824,24.8,83,2,"290U/205B → 100H → 49M/251","290U/205B: Panama Godown → Chintalkunta Check Post (2 stops) | 100H: Chintalkunta Check Post → Aramghar (19 stops) | 49M/251: Aramghar → Shamshabad (5 stops)"
"Gachibowli X Road","Secunderabad Railway Station",17.43903,78.36295,17.43426,78.50158,19,64,0,"10W","10W: Gachibowli X Road → Secunderabad Railway Station (21 stops)"
"Gachibowli X Road","Afzalgunj",17.43903,78.36295,17.37331,78.47693,16.5,55,1,"10W → 9X","10W: Gachibowli X Road → Lakdikapool (14 stops) | 9X: Lakdikapool → Afzalgunj (6 stops)"
"Gachibowli X Road","Alugadda Bhavi",17.43903,78.36295,17.43531,78.51438,20.3,68,1,"10W → 186","10W: Gachibowli X Road → Secunderabad Railway Station (21 stops) | 186: Secunderabad Railway Station → Alugadda Bhavi (2 stops)"
"Gachibowli X Road","Patny",17.43903,78.36295,17.44318,78.49625,18.1,61,0,"10W","10W: Gachibowli X Road → Bata (19 stops)"
"Gachibowli X Road","Cbs",17.43903,78.36295,17.37823,78.48168,17.1,57,1,"10W → 9X/272G","10W: Gachibowli X Road → Lakdikapool (14 stops) | 9X/272G: Lakdikapool → Cbs (7 stops)"
"Gachibowli X Road","Erragadda",17.43903,78.36295,17.45617,78.43378,11,39,1,"10H/220 → 9F","10H/220: Gachibowli X Road → Cyber Towers (4 stops) | 9F: Hitech City → Erragadda (9 stops)"
"Gachibowli X Road","Gajularamaram X Road",17.43903,78.36295,17.50941,78.44817,17.6,59,2,"195SP → 198/171K → 9X/171","195SP: Gachibowli X Road → Jntu X Road (7 stops) | 198/171K: Jntu X Road → Gajularamaram (9 stops) | 9X/171: Gajularamaram → Gajularamaram X Road (5 stops)"
"Gachibowli X Road","Jbs",17.43903,78.36295,17.44757,78.49664,18.8,63,1,"10W → 24B","10W: Gachibowli X Road → Bata (19 stops) | 24B: Bata → Jbs (2 stops)"
"Gachibowli X Road","Hayathnagar Bus Station",17.43903,78.36295,17.32732,78.60489,34.6,116,0,"216/118W","216/118W: Gachibowli X Road → Hayathnagar Bus Station (5 stops)"
"Gachibowli X Road","Rathifile Bus Station",17.43903,78.36295,17.43457,78.50488,19.3,65,0,"10W","10W: Gachibowli X Road → Secunderabad Railway Station (21 stops)"
"Gachibowli X Road","Nampally Public Garoaden",17.43903,78.36295,17.39628,78.47082,13.9,47,1,"10W → 49","10W: Gachibowli X Road → Lakdikapool (14 stops) | 49: Lakdikapool → Public Garden (3 stops)"
"Gachibowli X Road","Lakdikapool",17.43903,78.36295,17.40361,78.46497,12.4,42,0,"10W","10W: Gachibowli X Road → Lakdikapool (14 stops)"
"Gachibowli X Road","Ecil Bus Terminal",17.43903,78.36295,17.47253,78.57006,28.4,95,1,"10W → 37/8A","10W: Gachibowli X Road → Bata (19 stops) | 37/8A: Bata → Ecil Bus Terminal (8 stops)"
"Gachibowli X Road","Secretariat",17.43903,78.36295,17.40812,78.47182,13.3,45,0,"10W","10W: Gachibowli X Road → Secretariat (15 stops)"
"Gachibowli X Road","Patancheruvu",17.43903,78.36295,17.52903,78.26428,15.7,55,0,"217/300","217/300: Gachibowli X Road → Patancheruvu (14 stops)"
"Gachibowli X Road","Darul Shifa",17.43903,78.36295,17.37327,78.48299,17.1,58,1,"10W → 9X","10W: Gachibowli X Road → Lakdikapool (14 stops) | 9X: Lakdikapool → Darul Shifa (7 stops)"
"Gachibowli X Road","Plaza",17.43903,78.36295,17.44330,78.49066,17.6,59,1,"10H/220 → 10HW","10H/220: Gachibowli X Road → Ushakiran Movies (6 stops) | 10HW: Ushakiran Movies → Plaza (8 stops)"
"Gachibowli X Road","Bluesea Cafe",17.43903,78.36295,17.43713,78.50515,19.5,65,0,"10W","10W: Gachibowli X Road → Secunderabad Railway Station (21 stops)"
"Gachibowli X Road","Tarnaka",17.43903,78.36295,17.42571,78.53223,21.7,73,1,"10W → 6N/47W","10W: Gachibowli X Road → Secretariat (15 stops) | 6N/47W: Secretariat → Tarnaka (12 stops)"
"Gachibowli X Road","Lb Nagar X Road",17.43903,78.36295,17.34699,78.55013,26,87,2,"10W → 9X → 72/208C","10W: Gachibowli X Road → Lakdikapool (14 stops) | 9X: Lakdikapool → Darul Shifa (7 stops) | 72/208C: Darul Shifa → Lb Nagar X Road (12 stops)"
"Gachibowli X Road","Lingampally Bs",17.43903,78.36295,17.49485,78.31689,8.8,32,0,"217/300","217/300: Gachibowli X Road → Lingampally Bs (9 stops)"
"Gachibowli X Road","Kukatpally",17.43903,78.36295,17.48385,78.41242,11.6,39,1,"195SP → 10MN","195SP: Gachibowli X Road → Jntu X Road (7 stops) | 10MN: Jntu X Road → Kukatpally (3 stops)"
"Gachibowli X Road","Jublee Bus Station",17.43903,78.36295,17.44761,78.49758,20.5,69,1,"10W → AC","10W: Gachibowli X Road → Secunderabad Railway Station (21 stops) | AC: Secunderabad Railway Station → Jublee Bus Station (2 stops)"
"Gachibowli X Road","Ibrahimpatnam Bus Station",17.43903,78.36295,17.19144,78.64766,47.7,160,2,"10W → 116G → 277MP","10W: Gachibowli X Road → Lakdikapool (14 stops) | 116G: Lakdikapool → Abids Grammar School (2 stops) | 277MP: Abids Grammar School → Ibrahimpatnam Bus Station (30 stops)"
"Gachibowli X Road","Prashanth Nagar",17.43903,78.36295,17.47378,78.42698,11.7,42,2,"10H/220 → 9F → 10Y/F","10H/220: Gachibowli X Road → Cyber Towers (4 stops) | 9F: Hitech City → Pr Nagar (7 stops) | 10Y/F: Pr Nagar → Kukatpally Bus Depot (5 stops)"
"Gachibowli X Road","Moosapet",17.43903,78.36295,17.47081,78.42668,13.6,46,1,"195SP → 10MN","195SP: Gachibowli X Road → Jntu X Road (7 stops) | 10MN: Jntu X Road → Moosapet (4 stops)"
"Gachibowli X Road","Cherlapally Bus Stand",17.43903,78.36295,17.46329,78.61145,31.9,107,3,"10W → 6N/47W → 300/242 → 16A/281","10W: Gachibowli X Road → Secretariat (15 stops) | 6N/47W: Secretariat → Noma (20 stops) | 300/242: Noma → Hcl X Road (2 stops) | 16A/281: Hcl X Road → Cherlapally Bus Stand (3 stops)"
"Gachibowli X Road","Koti Medical College",17.43903,78.36295,17.38310,78.48282,15.7,53,2,"10W → 116G → 218I","10W: Gachibowli X Road → Lakdikapool (14 stops) | 116G: Lakdikapool → Abids Grammar School (2 stops) | 218I: Abids Grammar School → Koti Medical College (2 stops)"
"Gachibowli X Road","Chadarghat",17.43903,78.36295,17.37722,78.49302,17.2,58,2,"10W → 116G → 277MP","10W: Gachibowli X Road → Lakdikapool (14 stops) | 116G: Lakdikapool → Abids Grammar School (2 stops) | 277MP: Abids Grammar School → Chadarghat (3 stops)"
"Gachibowli X Road","Kachiguda X Road",17.43903,78.36295,17.39069,78.48938,18.5,63,1,"10W → 83/272","10W: Gachibowli X Road → Secretariat (15 stops) | 83/272: Secretariat → Kachiguda X Road (12 stops)"
"Gachibowli X Road","Gandimaisamma",17.43903,78.36295,17.57508,78.42319,23.6,79,1,"195SP → 198/224","195SP: Gachibowli X Road → Bachupally X Road (11 stops) | 198/224: Bachupally X Road → Gandimaisamma (10 stops)"
"Gachibowli X Road","Mehdipatnam",17.43903,78.36295,17.39527,78.43980,9.5,32,0,"10W","10W: Gachibowli X Road → Mehdipatnam (10 stops)"
"Gachibowli X Road","Bata",17.43903,78.36295,17.43600,78.49370,17.3,58,0,"10W","10W: Gachibowli X Road → Bata (19 stops)"
"Gachibowli X Road","Jntu X Rd",17.43903,78.36295,17.49672,78.39445,9.2,32,0,"195SP","195SP: Gachibowli X Road → Jntu X Road (7 stops)"
"Gachibowli X Road","Super Bazar",17.43903,78.36295,17.37193,78.50992,18.7,63,2,"10W → 116G → 277MP","10W: Gachibowli X Road → Lakdikapool (14 stops) | 116G: Lakdikapool → Abids Grammar School (2 stops) | 277MP: Abids Grammar School → Super Bazar (6 stops)"
"Gachibowli X Road","Race Course",17.43903,78.36295,17.45076,78.48820,19,64,1,"10W → 8/26S","10W: Gachibowli X Road → Boats Club (17 stops) | 8/26S: Boats Club → Race Course (5 stops)"
"Gachibowli X Road","Punjagutta",17.43903,78.36295,17.42645,78.45141,12.5,43,1,"10H/220 → 16A/47W","10H/220: Gachibowli X Road → Ushakiran Movies (6 stops) | 16A/47W: Ushakiran Movies → Panjaguta (5 stops)"
"Gachibowli X Road","Balanagar",17.43903,78.36295,17.46697,78.44626,15.6,53,1,"195SP → 198/224","195SP: Gachibowli X Road → Jntu X Road (7 stops) | 198/224: Kphb → Balanagar (4 stops)"
"Gachibowli X Road","Chintal",17.43903,78.36295,17.49540,78.45210,18.8,63,1,"195SP → 198/224","195SP: Gachibowli X Road → Jntu X Road (7 stops) | 198/224: Kphb → Chintal (8 stops)"
"Gachibowli X Road","Nanal Nagar",17.43903,78.36295,17.39620,78.42700,8.2,28,0,"10W","10W: Gachibowli X Road → Nanal Nagar (9 stops)"
"Gachibowli X Road","Abids Gpo",17.43903,78.36295,17.38757,78.47617,16.6,56,1,"10W → 222M","10W: Gachibowli X Road → Lakdikapool (14 stops) | 222M: Lakdikapool → Abids Gpo (4 stops)"
"Gachibowli X Road","Kachiguda Railway Station",17.43903,78.36295,17.38950,78.49726,17.3,61,1,"10W → 83/272","10W: Gachibowli X Road → Secretariat (15 stops) | 83/272: Secretariat → Tourist Hotel (10 stops)"
"Gachibowli X Road","Ghatkesar Bus Station",17.43903,78.36295,17.45213,78.68231,40.6,136,2,"10W → 290/186 → 500","10W: Gachibowli X Road → Secunderabad Railway Station (21 stops) | 290/186: Secunderabad Railway Station → Uppal X Road (6 stops) | 500: Uppal X Road → Ghatkesar Bus Station (2 stops)"
"Gachibowli X Road","Chengicherla",17.43903,78.36295,17.43313,78.60845,33.3,111,2,"10W → 6N/47W → 250S","10W: Gachibowli X Road → Secretariat (15 stops) | 6N/47W: Secretariat → Mallapur Bus Stop (19 stops) | 250S: Mallapur Bus Stop → Chengicherla (5 stops)"
"Gachibowli X Road","Quthbullapur X Rd",17.43903,78.36295,17.49890,78.45176,18.8,63,2,"195SP → 198/171K → 9X/171","195SP: Gachibowli X Road → Jntu X Road (7 stops) | 198/171K: Jntu X Road → Gajularamaram (9 stops) | 9X/171: Gajularamaram → Quthbullapur X Rd (6 stops)"
"Gachibowli X Road","Shapur Nagar",17.43903,78.36295,17.51600,78.44690,18.4,62,2,"195SP → 198/171K → 9X/171","195SP: Gachibowli X Road → Jntu X Road (7 stops) | 198/171K: Jntu X Road → Gajularamaram (9 stops) | 9X/171: Gajularamaram → Gajularamaram X Road (5 stops)"
"Gachibowli X Road","Panama Godown",17.43903,78.36295,17.33840,78.56864,29.6,103,1,"216/118W → 1V","216/118W: Gachibowli X Road → Lb Nagar (District Stop) (3 stops) | 1V: Chintalkunta Check Post → Panama Godown (3 stops)"
"Gachibowli X Road","Abids Grammar School",17.43903,78.36295,17.39333,78.47625,14.4,48,1,"10W → 116G","10W: Gachibowli X Road → Lakdikapool (14 stops) | 116G: Lakdikapool → Abids Grammar School (2 stops)"
"Gachibowli X Road","Dilsukhnagar",17.43903,78.36295,17.36862,78.52366,20.3,68,2,"10W → 116G → 277MP","10W: Gachibowli X Road → Lakdikapool (14 stops) | 116G: Lakdikapool → Abids Grammar School (2 stops) | 277MP: Abids Grammar School → Dilsukhnagar (8 stops)"
"Gachibowli X Road","Sathamrai",17.43903,78.36295,17.27452,78.40118,21,71,1,"216/118W → 49M/251","216/118W: Gachibowli X Road → Aramghar X Roads (2 stops) | 49M/251: Aramghar → Sathamrai (4 stops)"
"Gachibowli X Road","Gajularam X Road",17.43903,78.36295,17.51010,78.44771,17.7,61,2,"195SP → 198/171K → 9X/171","195SP: Gachibowli X Road → Jntu X Road (7 stops) | 198/171K: Jntu X Road → Gajularamaram (9 stops) | 9X/171: Gajularamaram → Gajularamaram X Road (5 stops)"
"Gachibowli X Road","Rc Puram",17.43903,78.36295,17.51362,78.28780,12.6,45,0,"217/300","217/300: Gachibowli X Road → Rc Puram (12 stops)"
"Gachibowli X Road","Kphb",17.43903,78.36295,17.49456,78.40081,9.9,33,0,"195SP","195SP: Gachibowli X Road → Jntu X Road (7 stops)"
"Gachibowli X Road","Pisal Banda",17.43903,78.36295,17.33995,78.50379,21.7,73,3,"10W → 471/92C → 300/532 → 300/253","10W: Gachibowli X Road → Nanal Nagar (9 stops) | 471/92C: Nanal Nagar → Hashamabad (2 stops) | 300/532: Hashamabad → Phoolbagh (2 stops) | 300/253: Phoolbagh → Pisal Banda (2 stops)"
"Gachibowli X Road","Police Lines",17.43903,78.36295,17.44365,78.47499,16.2,58,1,"10H/220 → 16A/47W","10H/220: Gachibowli X Road → Ushakiran Movies (6 stops) | 16A/47W: Ushakiran Movies → Prakash Nagar (8 stops)"
"Gachibowli X Road","Uppal X Road",17.43903,78.36295,17.40126,78.56007,26.7,89,1,"10W → 290/186","10W: Gachibowli X Road → Secunderabad Railway Station (21 stops) | 290/186: Secunderabad Railway Station → Uppal X Road (6 stops)"
"Gachibowli X Road","Boats Club",17.43903,78.36295,17.42644,78.48664,15.9,54,0,"10W","10W: Gachibowli X Road → Boats Club (17 stops)"
"Gachibowli X Road","Womens College",17.43903,78.36295,17.38481,78.48762,16.1,55,1,"10W → 222M","10W: Gachibowli X Road → Lakdikapool (14 stops) | 222M: Lakdikapool → Koti Bus Terminal (3 stops)"
"Gachibowli X Road","Hydernagar",17.43903,78.36295,17.49919,78.38352,10.4,35,1,"195SP → 219/272G","195SP: Gachibowli X Road → Jntu X Road (7 stops) | 219/272G: Jntu X Road → Hydernagar (2 stops)"
"Gachibowli X Road","Charminar",17.43903,78.36295,17.35868,78.47403,19.4,65,1,"10W → 9X","10W: Gachibowli X Road → Lakdikapool (14 stops) | 9X: Lakdikapool → Charminar (11 stops)"
"Gachibowli X Road","Hitech City",17.43903,78.36295,17.44995,78.38257,4.1,15,0,"10H/220","10H/220: Gachibowli X Road → Cyber Towers (4 stops)"
"Gachibowli X Road","Ameerpet",17.43903,78.36295,17.43155,78.44765,13,44,1,"10H/220 → 10HW","10H/220: Gachibowli X Road → Ushakiran Movies (6 stops) | 10HW: Ushakiran Movies → Sr Nagar (5 stops)"
"Gachibowli X Road","Gandipet X Road",17.43903,78.36295,17.38500,78.33100,8.8,31,1,"316 → 120","316: Gachibowli Orr → Manchirevula X Road (4 stops) | 120: Manchirevula X Road → Gandipet X Road (4 stops)"
"Gachibowli X Road","Gachibowli",17.43903,78.36295,17.43966,78.36356,0.2,3,0,"",""
"Gachibowli X Road","Miyapur",17.43903,78.36295,17.49669,78.36077,7.9,29,1,"AK → 222M","AK: Gachibowli → Kothaguda X Rd (2 stops) | 222M: Kothaguda X Rd → Miyapur (6 stops)"
"Gachibowli X Road","Sr Nagar",17.43903,78.36295,17.44027,78.44260,12.2,41,1,"10H/220 → 10HW","10H/220: Gachibowli X Road → Ushakiran Movies (6 stops) | 10HW: Ushakiran Movies → Sr Nagar (5 stops)"
"Gachibowli X Road","Begumpet",17.43903,78.36295,17.10805,78.55358,48.4,162,2,"10W → 471/92C → 478","10W: Gachibowli X Road → Nanal Nagar (9 stops) | 471/92C: Rethi Bowli → Imamguda (9 stops) | 478: Imamguda → Begumpet (7 stops)"
"Gachibowli X Road","Tolichowki",17.43903,78.36295,17.39924,78.41552,7,24,0,"10W","10W: Gachibowli X Road → Brindavan Colony (8 stops)"
"Gachibowli X Road","Kondapur",17.43903,78.36295,17.46392,78.36725,2.9,12,0,"AK","AK: Gachibowli → Kondapur (3 stops)"
"Gachibowli X Road","Madhapur",17.43903,78.36295,17.63017,78.77482,59.7,200,2,"10W → 37/8A → 546","10W: Gachibowli X Road → Bata (19 stops) | 37/8A: Bata → Kushaiguda (9 stops) | 546: Kushaiguda → Madhapur (14 stops)"
"Gachibowli X Road","Shamshabad",17.43903,78.36295,17.26205,78.38824,21.8,74,0,"315","315: Gachibowli Orr → Shamshabad (4 stops)"
"Abids Grammar School","Secunderabad Railway Station",17.39333,78.47625,17.43426,78.50158,7.4,25,1,"116G → AA","116G: Abids Grammar School → Assembly (2 stops) | AA: Assembly → Secunderabad Railway Station (5 stops)"
"Abids Grammar School","Afzalgunj",17.39333,78.47625,17.37331,78.47693,2.3,8,0,"8","8: Abids Grammar School → Afzalgunj (4 stops)"
"Abids Grammar School","Alugadda Bhavi",17.39333,78.47625,17.43531,78.51438,8.8,30,2,"116G → AA → 186","116G: Abids Grammar School → Assembly (2 stops) | AA: Assembly → Secunderabad Railway Station (5 stops) | 186: Secunderabad Railway Station → Alugadda Bhavi (2 stops)"
"Abids Grammar School","Patny",17.39333,78.47625,17.44318,78.49625,6.9,23,1,"116G → 8R","116G: Abids Grammar School → Assembly (2 stops) | 8R: Secretariat → Patny (6 stops)"
"Abids Grammar School","Cbs",17.39333,78.47625,17.37823,78.48168,1.9,7,0,"218I","218I: Abids Grammar School → Cbs (3 stops)"
"Abids Grammar School","Erragadda",17.39333,78.47625,17.45617,78.43378,11.1,38,0,"218I","218I: Abids Grammar School → Erragadda (15 stops)"
"Abids Grammar School","Gajularamaram X Road",17.39333,78.47625,17.50941,78.44817,20.4,69,1,"218I → 171SM","218I: Abids Grammar School → Moosapet (17 stops) | 171SM: Moosapet → Gajularamaram X Road (9 stops)"
"Abids Grammar School","Jbs",17.39333,78.47625,17.44757,78.49664,7.5,25,1,"116G → 8R","116G: Abids Grammar School → Assembly (2 stops) | 8R: Secretariat → Jbs (7 stops)"
"Abids Grammar School","Hayathnagar Bus Station",17.39333,78.47625,17.32732,78.60489,16.4,55,1,"277MP → 524","277MP: Abids Grammar School → Ntr Nagar (12 stops) | 524: Ntr Nagar → Hayathnagar Bus Station (8 stops)"
"Abids Grammar School","Rathifile Bus Station",17.39333,78.47625,17.43457,78.50488,7.6,26,1,"222 → 102","222: Abids Grammar School → Ramkoti (4 stops) | 102: Ramkoti → Rathifile Bus Station (10 stops)"
"Abids Grammar School","Nampally Public Garoaden",17.39333,78.47625,17.39628,78.47082,3.3,12,0,"218I","218I: Abids Grammar School → Nampally Public Garoaden (4 stops)"
"Abids Grammar School","Lakdikapool",17.39333,78.47625,17.40361,78.46497,4.3,15,0,"218I","218I: Abids Grammar School → Lakdikapool (5 stops)"
"Abids Grammar School","Ecil Bus Terminal",17.39333,78.47625,17.47253,78.57006,16.8,57,1,"222 → 3K/251","222: Abids Grammar School → Tourist Hotel (5 stops) | 3K/251: Fever Hospital → Ecil Bus Terminal (19 stops)"
"Abids Grammar School","Secretariat",17.39333,78.47625,17.40812,78.47182,2,7,0,"116G","116G: Abids Grammar School → Assembly (2 stops)"
"Abids Grammar School","Patancheruvu",17.39333,78.47625,17.52903,78.26428,32.7,109,0,"218I","218I: Abids Grammar School → Patancheruvu (37 stops)"
"Abids Grammar School","Darul Shifa",17.39333,78.47625,17.37327,78.48299,2.9,10,0,"8A","8A: Abids Grammar School → Darul Shifa (5 stops)"
"Abids Grammar School","Plaza",17.39333,78.47625,17.44330,78.49066,6.6,24,2,"116G → AA → 8/26S","116G: Abids Grammar School → Assembly (2 stops) | AA: Assembly → Ranigunj (3 stops) | 8/26S: James Street → Plaza (3 stops)"
"Abids Grammar School","Bluesea Cafe",17.39333,78.47625,17.43713,78.50515,7.9,27,1,"116G → AA","116G: Abids Grammar School → Assembly (2 stops) | AA: Assembly → Secunderabad Railway Station (5 stops)"
"Abids Grammar School","Tarnaka",17.39333,78.47625,17.42571,78.53223,8.8,30,1,"222 → 3K/251","222: Abids Grammar School → Tourist Hotel (5 stops) | 3K/251: Fever Hospital → Tarnaka (7 stops)"
"Abids Grammar School","Lb Nagar X Road",17.39333,78.47625,17.34699,78.55013,10.5,37,0,"277MP","277MP: Abids Grammar School → Lb Nagar (14 stops)"
"Abids Grammar School","Lingampally Bs",17.39333,78.47625,17.49485,78.31689,25.8,87,0,"218I","218I: Abids Grammar School → Lingampally Bs (31 stops)"
"Abids Grammar School","Kukatpally",17.39333,78.47625,17.48385,78.41242,15,51,0,"218I","218I: Abids Grammar School → Kukatpally (18 stops)"
"Abids Grammar School","Jublee Bus Station",17.39333,78.47625,17.44761,78.49758,8.9,30,2,"116G → AA → AC","116G: Abids Grammar School → Assembly (2 stops) | AA: Assembly → Secunderabad Railway Station (5 stops) | AC: Secunderabad Railway Station → Jublee Bus Station (2 stops)"
"Abids Grammar School","Ibrahimpatnam Bus Station",17.39333,78.47625,17.19144,78.64766,33.3,112,0,"277MP","277MP: Abids Grammar School → Ibrahimpatnam Bus Station (30 stops)"
"Abids Grammar School","Prashanth Nagar",17.39333,78.47625,17.47378,78.42698,13.2,48,0,"218I","218I: Abids Grammar School → Moosapet (17 stops)"
"Abids Grammar School","Moosapet",17.39333,78.47625,17.47081,78.42668,12.9,44,0,"218I","218I: Abids Grammar School → Moosapet (17 stops)"
"Abids Grammar School","Cherlapally Bus Stand",17.39333,78.47625,17.46329,78.61145,23.6,80,1,"222 → 3K/251","222: Abids Grammar School → Tourist Hotel (5 stops) | 3K/251: Fever Hospital → Cherlapally Bus Stand (24 stops)"
"Abids Grammar School","Koti Medical College",17.39333,78.47625,17.38310,78.48282,1.3,5,0,"218I","218I: Abids Grammar School → Koti Medical College (2 stops)"
"Abids Grammar School","Chadarghat",17.39333,78.47625,17.37722,78.49302,2.8,10,0,"277MP","277MP: Abids Grammar School → Chadarghat (3 stops)"
"Abids Grammar School","Kachiguda X Road",17.39333,78.47625,17.39069,78.48938,2.5,12,0,"222","222: Abids Grammar School → Ramkoti (4 stops)"
"Abids Grammar School","Gandimaisamma",17.39333,78.47625,17.57508,78.42319,23.9,80,1,"277MP → 524","277MP: Abids Grammar School → Ntr Nagar (12 stops) | 524: Ntr Nagar → Gandimaisamma (12 stops)"
"Abids Grammar School","Mehdipatnam",17.39333,78.47625,17.39527,78.43980,4.9,17,1,"137 → 116","137: Abids Grammar School → Nampally Dargah (4 stops) | 116: Nampally Dargah → Mehdipatnam (6 stops)"
"Abids Grammar School","Bata",17.39333,78.47625,17.43600,78.49370,6,20,1,"116G → 8R","116G: Abids Grammar School → Assembly (2 stops) | 8R: Secretariat → Bata (5 stops)"
"Abids Grammar School","Jntu X Rd",17.39333,78.47625,17.49672,78.39445,17.5,59,0,"218I","218I: Abids Grammar School → Jntu X Road (21 stops)"
"Abids Grammar School","Super Bazar",17.39333,78.47625,17.37193,78.50992,4.3,15,0,"277MP","277MP: Abids Grammar School → Super Bazar (6 stops)"
"Abids Grammar School","Race Course",17.39333,78.47625,17.45076,78.48820,7.6,28,2,"116G → AA → 8/26S","116G: Abids Grammar School → Assembly (2 stops) | AA: Assembly → Ranigunj (3 stops) | 8/26S: James Street → Race Course (4 stops)"
"Abids Grammar School","Punjagutta",17.39333,78.47625,17.42645,78.45141,7.3,25,0,"218I","218I: Abids Grammar School → Punjagutta (10 stops)"
"Abids Grammar School","Balanagar",17.39333,78.47625,17.46697,78.44626,15.7,53,1,"218I → 9X","218I: Abids Grammar School → Moosapet (17 stops) | 9X: Moosapet → Balanagar (3 stops)"
"Abids Grammar School","Chintal",17.39333,78.47625,17.49540,78.45210,18.8,63,1,"218I → 9X","218I: Abids Grammar School → Moosapet (17 stops) | 9X: Moosapet → Chintal (7 stops)"
"Abids Grammar School","Nanal Nagar",17.39333,78.47625,17.39620,78.42700,6.3,22,1,"137 → 116","137: Abids Grammar School → Nampally Dargah (4 stops) | 116: Nampally Dargah → Nanal Nagar (7 stops)"
"Abids Grammar School","Abids Gpo",17.39333,78.47625,17.38757,78.47617,0.7,3,0,"",""
"Abids Grammar School","Kachiguda Railway Station",17.39333,78.47625,17.38950,78.49726,3.4,13,0,"222","222: Abids Grammar School → Tourist Hotel (5 stops)"
"Abids Grammar School","Ghatkesar Bus Station",17.39333,78.47625,17.45213,78.68231,25.6,86,3,"218I → 115R → 115RR → 500","218I: Abids Grammar School → Koti Medical College (2 stops) | 115R: Koti Medical College → Ali Cafe (6 stops) | 115RR: Ali Cafe → Uppal X Road (9 stops) | 500: Uppal X Road → Ghatkesar Bus Station (2 stops)"
"Abids Grammar School","Chengicherla",17.39333,78.47625,17.43313,78.60845,19.6,66,3,"218I → 115R → 115RR → 18C/R","218I: Abids Grammar School → Koti Medical College (2 stops) | 115R: Koti Medical College → Ali Cafe (6 stops) | 115RR: Ali Cafe → Boduppal Kamman (12 stops) | 18C/R: Boduppal Kamman → Chengicherla (9 stops)"
"Abids Grammar School","Quthbullapur X Rd",17.39333,78.47625,17.49890,78.45176,19.2,65,1,"218I → 9X","218I: Abids Grammar School → Moosapet (17 stops) | 9X: Moosapet → Quthbullapur X Rd (8 stops)"
"Abids Grammar School","Shapur Nagar",17.39333,78.47625,17.51600,78.44690,21.2,71,1,"218I → 9M/X","218I: Abids Grammar School → Moosapet (17 stops) | 9M/X: Moosapet → Shapur Nagar (10 stops)"
"Abids Grammar School","Panama Godown",17.39333,78.47625,17.33840,78.56864,12.3,42,1,"277MP → 524","277MP: Abids Grammar School → Ntr Nagar (12 stops) | 524: Ntr Nagar → Panama Godown (4 stops)"
"Abids Grammar School","Gachibowli X Road",17.39333,78.47625,17.43903,78.36295,14.7,49,2,"137 → 116 → 6L","137: Abids Grammar School → Nampally Dargah (4 stops) | 116: Nampally Dargah → Nanal Nagar (7 stops) | 6L: Nanal Nagar → Gachibowli X Road (5 stops)"
"Abids Grammar School","Dilsukhnagar",17.39333,78.47625,17.36862,78.52366,5.9,20,0,"277MP","277MP: Abids Grammar School → Dilsukhnagar (8 stops)"
"Abids Grammar School","Sathamrai",17.39333,78.47625,17.27452,78.40118,16.8,56,0,"8A/539","8A/539: Abids Grammar School → Sathamrai (18 stops)"
"Abids Grammar School","Gajularam X Road",17.39333,78.47625,17.51010,78.44771,20.5,69,1,"218I → 9M/X","218I: Abids Grammar School → Moosapet (17 stops) | 9M/X: Moosapet → Gajularam X Road (9 stops)"
"Abids Grammar School","Rc Puram",17.39333,78.47625,17.51362,78.28780,29.6,99,0,"218I","218I: Abids Grammar School → Rc Puram (34 stops)"
"Abids Grammar School","Kphb",17.39333,78.47625,17.49456,78.40081,16.8,57,0,"218I","218I: Abids Grammar School → Kphb Metro Station (20 stops)"
"Abids Grammar School","Pisal Banda",17.39333,78.47625,17.33995,78.50379,7.3,25,2,"277MP → 277K → 460","277MP: Abids Grammar School → Chadarghat (3 stops) | 277K: Chadarghat → Is Sadan (5 stops) | 460: Is Sadan → Pisal Banda (3 stops)"
"Abids Grammar School","Police Lines",17.39333,78.47625,17.44365,78.47499,7.5,28,2,"116G → AA → 49R","116G: Abids Grammar School → Assembly (2 stops) | AA: Assembly → Ranigunj (3 stops) | 49R: Ranigunj-1 Bus Depot → Police Lines (3 stops)"
"Abids Grammar School","Uppal X Road",17.39333,78.47625,17.40126,78.56007,11.5,39,2,"218I → 115R → 71","218I: Abids Grammar School → Koti Medical College (2 stops) | 115R: Koti Medical College → Ramanthapur  Public School (12 stops) | 71: Ramanthapur  Public School → Uppal X Road (4 stops)"
"Abids Grammar School","Boats Club",17.39333,78.47625,17.42644,78.48664,4.6,16,1,"116G → 8","116G: Abids Grammar School → Assembly (2 stops) | 8: Secretariat → Boats Club (3 stops)"
"Abids Grammar School","Womens College",17.39333,78.47625,17.38481,78.48762,1.7,7,0,"222","222: Abids Grammar School → Koti Maternity Hospital (3 stops)"
"Abids Grammar School","Hydernagar",17.39333,78.47625,17.49919,78.38352,18.7,63,0,"218I","218I: Abids Grammar School → Hydernagar (23 stops)"
"Abids Grammar School","Charminar",17.39333,78.47625,17.35868,78.47403,5.1,18,0,"8A","8A: Abids Grammar School → Charminar (9 stops)"
"Abids Grammar School","Hitech City",17.39333,78.47625,17.44995,78.38257,16.2,55,1,"218I → 222A","218I: Abids Grammar School → Lakdikapool (5 stops) | 222A: Lakdikapool → Hitech City (16 stops)"
"Abids Grammar School","Ameerpet",17.39333,78.47625,17.43155,78.44765,8,27,0,"218I","218I: Abids Grammar School → Ameerpet (11 stops)"
"Abids Grammar School","Gandipet X Road",17.39333,78.47625,17.38500,78.33100,18.7,63,2,"8 → 1JK → 94/220K","8: Abids Grammar School → Afzalgunj (4 stops) | 1JK: Afzalgunj → Langar House (9 stops) | 94/220K: Langar House → Gandipet X Road (13 stops)"
"Abids Grammar School","Gachibowli",17.39333,78.47625,17.43966,78.36356,14.8,51,2,"137 → 116 → 6L","137: Abids Grammar School → Nampally Dargah (4 stops) | 116: Nampally Dargah → Nanal Nagar (7 stops) | 6L: Nanal Nagar → Gachibowli X Road (5 stops)"
"Abids Grammar School","Miyapur",17.39333,78.47625,17.49669,78.36077,21.4,72,0,"218I","218I: Abids Grammar School → Miyapur (26 stops)"
"Abids Grammar School","Sr Nagar",17.39333,78.47625,17.44027,78.44260,9.5,32,0,"218I","218I: Abids Grammar School → Sr Nagar (13 stops)"
"Abids Grammar School","Begumpet",17.39333,78.47625,17.10805,78.55358,39.6,133,2,"8A → 540MA → 478","8A: Abids Grammar School → Chandrayangutta (15 stops) | 540MA: Chandrayangutta → Imamguda (5 stops) | 478: Imamguda → Begumpet (7 stops)"
"Abids Grammar School","Tolichowki",17.39333,78.47625,17.39924,78.41552,7.5,26,1,"137 → 116","137: Abids Grammar School → Nampally Dargah (4 stops) | 116: Nampally Dargah → Tolichowki (8 stops)"
"Abids Grammar School","Kondapur",17.39333,78.47625,17.46392,78.36725,18.7,63,1,"218I → 222A","218I: Abids Grammar School → Lakdikapool (5 stops) | 222A: Lakdikapool → Kondapur (21 stops)"
"Abids Grammar School","Madhapur",17.39333,78.47625,17.63017,78.77482,38.2,128,2,"277MP → 277P → 486","277MP: Abids Grammar School → Mangalpally X Road (25 stops) | 277P: Mangalpally X Road → Yeliminedu (7 stops) | 486: Yeliminedu → Madhapur (2 stops)"
"Abids Grammar School","Shamshabad",17.39333,78.47625,17.26205,78.38824,18.8,63,0,"8A/539","8A/539: Abids Grammar School → Shamshabad (19 stops)"
"Dilsukhnagar","Secunderabad Railway Station",17.36862,78.52366,17.43426,78.50158,11.2,38,2,"107VS → 16/20 → 431","107VS: Dilsukhnagar → New Bridge (4 stops) | 16/20: New Bridge → Alugadda Bhavi (2 stops) | 431: Alugadda Bhavi → Secunderabad Railway Station (3 stops)"
"Dilsukhnagar","Afzalgunj",17.36862,78.52366,17.37331,78.47693,5.1,18,1,"100V/208 → 277S","100V/208: Dilsukhnagar → Mgbs Exit (5 stops) | 277S: Mgbs Exit → Afzalgunj (2 stops)"
"Dilsukhnagar","Alugadda Bhavi",17.36862,78.52366,17.43531,78.51438,9.9,33,1,"107VS → 16/20","107VS: Dilsukhnagar → New Bridge (4 stops) | 16/20: New Bridge → Alugadda Bhavi (2 stops)"
"Dilsukhnagar","Patny",17.36862,78.52366,17.44318,78.49625,12,40,2,"107VS → 16/20 → 17H/47W","107VS: Dilsukhnagar → New Bridge (4 stops) | 16/20: New Bridge → Alugadda Bhavi (2 stops) | 17H/47W: Alugadda Bhavi → Patny (3 stops)"
"Dilsukhnagar","Cbs",17.36862,78.52366,17.37823,78.48168,5.5,19,0,"72D","72D: Dilsukhnagar → Koti Medical College (7 stops)"
"Dilsukhnagar","Erragadda",17.36862,78.52366,17.45617,78.43378,15,50,0,"72D","72D: Dilsukhnagar → Erragadda (23 stops)"
"Dilsukhnagar","Gajularamaram X Road",17.36862,78.52366,17.50941,78.44817,24.3,81,1,"72D → 171SM","72D: Dilsukhnagar → Moosapet (25 stops) | 171SM: Moosapet → Gajularamaram X Road (9 stops)"
"Dilsukhnagar","Jbs",17.36862,78.52366,17.44757,78.49664,14.1,47,2,"72D → 8N → 24B","72D: Dilsukhnagar → Nampally Railway Station (9 stops) | 8N: Nampally Railway Station → Bata (5 stops) | 24B: Bata → Jbs (2 stops)"
"Dilsukhnagar","Hayathnagar Bus Station",17.36862,78.52366,17.32732,78.60489,10.4,36,1,"443 → 524","443: Dilsukhnagar → Dwaraka Nagar Ashtalakshmi Temple (2 stops) | 524: Dwaraka Nagar Ashtalakshmi Temple → Hayathnagar Bus Station (9 stops)"
"Dilsukhnagar","Rathifile Bus Station",17.36862,78.52366,17.43457,78.50488,10.9,37,2,"107VS → 16/20 → 431","107VS: Dilsukhnagar → New Bridge (4 stops) | 16/20: New Bridge → Alugadda Bhavi (2 stops) | 431: Alugadda Bhavi → Rathifile Bus Station (2 stops)"
"Dilsukhnagar","Nampally Public Garoaden",17.36862,78.52366,17.39628,78.47082,7.1,24,0,"72D","72D: Dilsukhnagar → Nampally Public Garoaden (10 stops)"
"Dilsukhnagar","Lakdikapool",17.36862,78.52366,17.40361,78.46497,8.2,28,0,"72D","72D: Dilsukhnagar → Lakdikapool (12 stops)"
"Dilsukhnagar","Ecil Bus Terminal",17.36862,78.52366,17.47253,78.57006,16.8,57,1,"107VS → 15H/20","107VS: Dilsukhnagar → New Bridge (4 stops) | 15H/20: New Bridge → Ecil Bus Terminal (11 stops)"
"Dilsukhnagar","Secretariat",17.36862,78.52366,17.40812,78.47182,8.4,28,1,"72D → 277S","72D: Dilsukhnagar → Nampally Railway Station (9 stops) | 277S: Nampally Railway Station → Secretariat (2 stops)"
"Dilsukhnagar","Patancheruvu",17.36862,78.52366,17.52903,78.26428,36.5,122,0,"72D","72D: Dilsukhnagar → Patancheruvu (50 stops)"
"Dilsukhnagar","Darul Shifa",17.36862,78.52366,17.37327,78.48299,4.6,16,0,"100V/208","100V/208: Dilsukhnagar → Darul Shifa (6 stops)"
"Dilsukhnagar","Plaza",17.36862,78.52366,17.44330,78.49066,12.7,43,2,"107VS → 16/20 → 17H/47W","107VS: Dilsukhnagar → New Bridge (4 stops) | 16/20: New Bridge → Alugadda Bhavi (2 stops) | 17H/47W: Alugadda Bhavi → Plaza (4 stops)"
"Dilsukhnagar","Bluesea Cafe",17.36862,78.52366,17.43713,78.50515,10.9,37,2,"107VS → 16/20 → 242","107VS: Dilsukhnagar → New Bridge (4 stops) | 16/20: New Bridge → Alugadda Bhavi (2 stops) | 242: Alugadda Bhavi → Bluesea Cafe (2 stops)"
"Dilsukhnagar","Tarnaka",17.36862,78.52366,17.42571,78.53223,11.1,38,1,"100M/K → 90D","100M/K: Dilsukhnagar → Satya Nagar (4 stops) | 90D: Satya Nagar → Tarnaka (8 stops)"
"Dilsukhnagar","Lb Nagar X Road",17.36862,78.52366,17.34699,78.55013,4.4,17,0,"443","443: Dilsukhnagar → Lb Nagar (3 stops)"
"Dilsukhnagar","Lingampally Bs",17.36862,78.52366,17.49485,78.31689,29.7,99,0,"72D","72D: Dilsukhnagar → Lingampally Bs (43 stops)"
"Dilsukhnagar","Kukatpally",17.36862,78.52366,17.48385,78.41242,18.9,63,0,"72D","72D: Dilsukhnagar → Kukatpally (28 stops)"
"Dilsukhnagar","Jublee Bus Station",17.36862,78.52366,17.44761,78.49758,12.5,42,2,"107VS → 16/20 → 17H/47W","107VS: Dilsukhnagar → New Bridge (4 stops) | 16/20: New Bridge → Alugadda Bhavi (2 stops) | 17H/47W: Alugadda Bhavi → Patny (3 stops)"
"Dilsukhnagar","Ibrahimpatnam Bus Station",17.36862,78.52366,17.19144,78.64766,26.6,90,0,"443","443: Dilsukhnagar → Ibrahimpatnam Bus Station (16 stops)"
"Dilsukhnagar","Prashanth Nagar",17.36862,78.52366,17.47378,78.42698,11.2,38,2,"107VS → 10Y/F → 16HP","107VS: Dilsukhnagar → New Bridge (4 stops) | 10Y/F: New Bridge → Malkajgiri (2 stops) | 16HP: Malkajgiri → Prashanth Nagar (2 stops)"
"Dilsukhnagar","Moosapet",17.36862,78.52366,17.47081,78.42668,16.8,56,0,"72D","72D: Dilsukhnagar → Moosapet (25 stops)"
"Dilsukhnagar","Cherlapally Bus Stand",17.36862,78.52366,17.46329,78.61145,18.6,63,3,"100M/K → 90D → 300/242 → 16A/281","100M/K: Dilsukhnagar → Satya Nagar (4 stops) | 90D: Satya Nagar → Ngri (6 stops) | 300/242: Ngri → Hcl X Road (6 stops) | 16A/281: Hcl X Road → Cherlapally Bus Stand (3 stops)"
"Dilsukhnagar","Koti Medical College",17.36862,78.52366,17.38310,78.48282,4.9,17,0,"72D","72D: Dilsukhnagar → Koti Medical College (7 stops)"
"Dilsukhnagar","Chadarghat",17.36862,78.52366,17.37722,78.49302,3.4,12,0,"72D","72D: Dilsukhnagar → Chadarghat (5 stops)"
"Dilsukhnagar","Kachiguda X Road",17.36862,78.52366,17.39069,78.48938,5.7,19,1,"72D → 65K/123","72D: Dilsukhnagar → Chadarghat (5 stops) | 65K/123: Chadarghat → Kachiguda Railway Station (2 stops)"
"Dilsukhnagar","Gandimaisamma",17.36862,78.52366,17.57508,78.42319,17.9,61,1,"443 → 524","443: Dilsukhnagar → Dwaraka Nagar Ashtalakshmi Temple (2 stops) | 524: Dwaraka Nagar Ashtalakshmi Temple → Gandimaisamma (13 stops)"
"Dilsukhnagar","Mehdipatnam",17.36862,78.52366,17.39527,78.43980,9.9,34,1,"72D → 116N","72D: Dilsukhnagar → Koti Medical College (7 stops) | 116N: Koti Medical College → Mehdipatnam (8 stops)"
"Dilsukhnagar","Bata",17.36862,78.52366,17.43600,78.49370,12.6,42,1,"72D → 8N","72D: Dilsukhnagar → Nampally Railway Station (9 stops) | 8N: Nampally Railway Station → Bata (5 stops)"
"Dilsukhnagar","Jntu X Rd",17.36862,78.52366,17.49672,78.39445,21.3,72,0,"72D","72D: Dilsukhnagar → Jntu X Road (31 stops)"
"Dilsukhnagar","Super Bazar",17.36862,78.52366,17.37193,78.50992,1.5,5,0,"72","72: Dilsukhnagar → Super Bazar (3 stops)"
"Dilsukhnagar","Race Course",17.36862,78.52366,17.45076,78.48820,13.7,46,3,"107VS → 16/20 → 17H/47W → 171","107VS: Dilsukhnagar → New Bridge (4 stops) | 16/20: New Bridge → Alugadda Bhavi (2 stops) | 17H/47W: Alugadda Bhavi → Patny (3 stops) | 171: Patny → Race Course (3 stops)"
"Dilsukhnagar","Punjagutta",17.36862,78.52366,17.42645,78.45141,11.2,38,0,"72D","72D: Dilsukhnagar → Punjagutta (17 stops)"
"Dilsukhnagar","Balanagar",17.36862,78.52366,17.46697,78.44626,19.5,66,1,"72D → 9X","72D: Dilsukhnagar → Moosapet (25 stops) | 9X: Moosapet → Balanagar (3 stops)"
"Dilsukhnagar","Chintal",17.36862,78.52366,17.49540,78.45210,22.7,76,1,"72D → 9X","72D: Dilsukhnagar → Moosapet (25 stops) | 9X: Moosapet → Chintal (7 stops)"
"Dilsukhnagar","Nanal Nagar",17.36862,78.52366,17.39620,78.42700,11.3,38,1,"72D → 216","72D: Dilsukhnagar → Koti Medical College (7 stops) | 216: Koti Medical College → Nanal Nagar (9 stops)"
"Dilsukhnagar","Abids Gpo",17.36862,78.52366,17.38757,78.47617,5.8,20,0,"72D","72D: Dilsukhnagar → Abids Gpo (8 stops)"
"Dilsukhnagar","Kachiguda Railway Station",17.36862,78.52366,17.38950,78.49726,4.8,17,1,"72D → 65K/123","72D: Dilsukhnagar → Chadarghat (5 stops) | 65K/123: Chadarghat → Kachiguda Railway Station (2 stops)"
"Dilsukhnagar","Ghatkesar Bus Station",17.36862,78.52366,17.45213,78.68231,21.5,73,2,"100M/K → 90D → 549","100M/K: Dilsukhnagar → Satya Nagar (4 stops) | 90D: Satya Nagar → Uppal X Road (4 stops) | 549: Uppal X Road → Ghatkesar Bus Station (3 stops)"
"Dilsukhnagar","Chengicherla",17.36862,78.52366,17.43313,78.60845,15.1,51,3,"100M/K → 90D → 115RR → 18C/R","100M/K: Dilsukhnagar → Satya Nagar (4 stops) | 90D: Satya Nagar → Nagole Metro Station (3 stops) | 115RR: Nagole Metro Station → Boduppal Kamman (5 stops) | 18C/R: Boduppal Kamman → Chengicherla (9 stops)"
"Dilsukhnagar","Quthbullapur X Rd",17.36862,78.52366,17.49890,78.45176,23,77,1,"72D → 9X","72D: Dilsukhnagar → Moosapet (25 stops) | 9X: Moosapet → Quthbullapur X Rd (8 stops)"
"Dilsukhnagar","Shapur Nagar",17.36862,78.52366,17.51600,78.44690,25,84,1,"72D → 9M/X","72D: Dilsukhnagar → Moosapet (25 stops) | 9M/X: Moosapet → Shapur Nagar (10 stops)"
"Dilsukhnagar","Panama Godown",17.36862,78.52366,17.33840,78.56864,6.3,22,1,"443 → 524","443: Dilsukhnagar → Dwaraka Nagar Ashtalakshmi Temple (2 stops) | 524: Dwaraka Nagar Ashtalakshmi Temple → Panama Godown (5 stops)"
"Dilsukhnagar","Gachibowli X Road",17.36862,78.52366,17.43903,78.36295,19.7,66,1,"72D → 116N/220K","72D: Dilsukhnagar → Koti Medical College (7 stops) | 116N/220K: Koti Medical College → Gachibowli X Road (17 stops)"
"Dilsukhnagar","Abids Grammar School",17.36862,78.52366,17.39333,78.47625,7.9,27,1,"72D → 1M/D","72D: Dilsukhnagar → Nampally Railway Station (9 stops) | 1M/D: Nampally Railway Station → Abids Grammar School (3 stops)"
"Dilsukhnagar","Sathamrai",17.36862,78.52366,17.27452,78.40118,19.5,66,1,"100V/208 → 8R/251M/A","100V/208: Dilsukhnagar → Highcourt Madina (8 stops) | 8R/251M/A: Highcourt Madina → Sathamrai (10 stops)"
"Dilsukhnagar","Gajularam X Road",17.36862,78.52366,17.51010,78.44771,24.4,82,1,"72D → 9M/X","72D: Dilsukhnagar → Moosapet (25 stops) | 9M/X: Moosapet → Gajularam X Road (9 stops)"
"Dilsukhnagar","Rc Puram",17.36862,78.52366,17.51362,78.28780,33.5,112,0,"72D","72D: Dilsukhnagar → Rc Puram (47 stops)"
"Dilsukhnagar","Kphb",17.36862,78.52366,17.49456,78.40081,20.7,70,0,"72D","72D: Dilsukhnagar → Kphb Metro Station (30 stops)"
"Dilsukhnagar","Pisal Banda",17.36862,78.52366,17.33995,78.50379,6.7,24,1,"72D → 102/253C","72D: Dilsukhnagar → Nalgonda X Roads (4 stops) | 102/253C: Nalgonda X Roads → Pisal Banda (9 stops)"
"Dilsukhnagar","Police Lines",17.36862,78.52366,17.44365,78.47499,14.3,48,2,"107VS → 16/20 → 17H/47W","107VS: Dilsukhnagar → New Bridge (4 stops) | 16/20: New Bridge → Alugadda Bhavi (2 stops) | 17H/47W: Alugadda Bhavi → Police Lines (5 stops)"
"Dilsukhnagar","Uppal X Road",17.36862,78.52366,17.40126,78.56007,7.2,25,1,"100M/K → 90D","100M/K: Dilsukhnagar → Satya Nagar (4 stops) | 90D: Satya Nagar → Uppal X Road (4 stops)"
"Dilsukhnagar","Boats Club",17.36862,78.52366,17.42644,78.48664,11.6,39,1,"72D → 8N","72D: Dilsukhnagar → Nampally Railway Station (9 stops) | 8N: Nampally Railway Station → Boats Club (4 stops)"
"Dilsukhnagar","Womens College",17.36862,78.52366,17.38481,78.48762,4.4,15,0,"72D","72D: Dilsukhnagar → Womens College (6 stops)"
"Dilsukhnagar","Hydernagar",17.36862,78.52366,17.49919,78.38352,22.5,76,0,"72D","72D: Dilsukhnagar → Hydernagar (34 stops)"
"Dilsukhnagar","Charminar",17.36862,78.52366,17.35868,78.47403,6.5,22,1,"100V/208 → 253M","100V/208: Dilsukhnagar → Darul Shifa (6 stops) | 253M: Darul Shifa → Charminar (2 stops)"
"Dilsukhnagar","Hitech City",17.36862,78.52366,17.44995,78.38257,20.1,68,1,"72D → 222A","72D: Dilsukhnagar → Lakdikapool (12 stops) | 222A: Lakdikapool → Hitech City (16 stops)"
"Dilsukhnagar","Ameerpet",17.36862,78.52366,17.43155,78.44765,11.9,40,0,"72D","72D: Dilsukhnagar → Ameerpet (19 stops)"
"Dilsukhnagar","Gandipet X Road",17.36862,78.52366,17.38500,78.33100,23.1,78,3,"72D → 216 → 65M/123 → 505","72D: Dilsukhnagar → Koti Medical College (7 stops) | 216: Koti Medical College → Tolichowki (10 stops) | 65M/123: Tolichowki → Narsingi (9 stops) | 505: Narsingi → Gandipet X Road (4 stops)"
"Dilsukhnagar","Gachibowli",17.36862,78.52366,17.43966,78.36356,19.8,68,1,"72D → 116N/220K","72D: Dilsukhnagar → Koti Medical College (7 stops) | 116N/220K: Koti Medical College → Gachibowli X Road (17 stops)"
"Dilsukhnagar","Miyapur",17.36862,78.52366,17.49669,78.36077,25.3,85,0,"72D","72D: Dilsukhnagar → Miyapur (37 stops)"
"Dilsukhnagar","Sr Nagar",17.36862,78.52366,17.44027,78.44260,13.3,45,0,"72D","72D: Dilsukhnagar → Sr Nagar (21 stops)"
"Dilsukhnagar","Begumpet",17.36862,78.52366,17.10805,78.55358,36.2,122,3,"443 → 300/532 → 203LWX → 203A/479","443: Dilsukhnagar → Lb Nagar (3 stops) | 300/532: Lb Nagar → Gayatri Nagar X Road (3 stops) | 203LWX: Gayatri Nagar X Road → Kongara Kalan (16 stops) | 203A/479: Kongara Kalan → Begumpet (5 stops)"
"Dilsukhnagar","Tolichowki",17.36862,78.52366,17.39924,78.41552,12.6,42,1,"72D → 216","72D: Dilsukhnagar → Koti Medical College (7 stops) | 216: Koti Medical College → Tolichowki (10 stops)"
"Dilsukhnagar","Kondapur",17.36862,78.52366,17.46392,78.36725,22.6,76,1,"72D → 222A","72D: Dilsukhnagar → Lakdikapool (12 stops) | 222A: Lakdikapool → Kondapur (21 stops)"
"Dilsukhnagar","Madhapur",17.36862,78.52366,17.63017,78.77482,32.2,108,2,"443 → 277P → 486","443: Dilsukhnagar → Mangalpally X Road (13 stops) | 277P: Mangalpally X Road → Yeliminedu (7 stops) | 486: Yeliminedu → Madhapur (2 stops)"
"Dilsukhnagar","Shamshabad",17.36862,78.52366,17.26205,78.38824,21.5,72,1,"100V/208 → 8R/251M/A","100V/208: Dilsukhnagar → Highcourt Madina (8 stops) | 8R/251M/A: Highcourt Madina → Shamshabad (11 stops)"
"Sathamrai","Secunderabad Railway Station",17.27452,78.40118,17.43426,78.50158,23.5,79,1,"472 → AA","472: Sathamrai → Aramghar (4 stops) | AA: Aramghar → Secunderabad Railway Station (9 stops)"
"Sathamrai","Afzalgunj",17.27452,78.40118,17.37331,78.47693,14.5,49,0,"535S","535S: Sathamrai → Afzalgunj (15 stops)"
"Sathamrai","Alugadda Bhavi",17.27452,78.40118,17.43531,78.51438,24.9,84,2,"472 → AA → 186","472: Sathamrai → Aramghar (4 stops) | AA: Aramghar → Secunderabad Railway Station (9 stops) | 186: Secunderabad Railway Station → Alugadda Bhavi (2 stops)"
"Sathamrai","Patny",17.27452,78.40118,17.44318,78.49625,22.8,80,1,"472 → AA","472: Sathamrai → Aramghar (4 stops) | AA: Aramghar → Taj Tristar Patny (8 stops)"
"Sathamrai","Cbs",17.27452,78.40118,17.37823,78.48168,15.3,51,0,"535S","535S: Sathamrai → Afzalgunj (15 stops)"
"Sathamrai","Erragadda",17.27452,78.40118,17.45617,78.43378,22.5,76,2,"251V → AC → 19F","251V: Sathamrai → Aramghar (4 stops) | AC: Aramghar → Nims Hospital (5 stops) | 19F: Nims Hospital → Erragadda (8 stops)"
"Sathamrai","Gajularamaram X Road",17.27452,78.40118,17.50941,78.44817,31.9,108,2,"251V → AC → 217G/189M","251V: Sathamrai → Aramghar (4 stops) | AC: Aramghar → Nims Hospital (5 stops) | 217G/189M: Nims Hospital → Gajularam X Road (19 stops)"
"Sathamrai","Jbs",17.27452,78.40118,17.44757,78.49664,25.3,85,2,"472 → AA → 211T","472: Sathamrai → Aramghar (4 stops) | AA: Aramghar → Secunderabad Railway Station (9 stops) | 211T: Secunderabad Railway Station → Jbs (2 stops)"
"Sathamrai","Hayathnagar Bus Station",17.27452,78.40118,17.32732,78.60489,26.2,89,1,"251V → 216/118W","251V: Sathamrai → Aramghar (4 stops) | 216/118W: Aramghar X Roads → Hayathnagar Bus Station (4 stops)"
"Sathamrai","Rathifile Bus Station",17.27452,78.40118,17.43457,78.50488,23,78,1,"535S → 95M/1Z","535S: Sathamrai → Afzalgunj (15 stops) | 95M/1Z: Cbs → Rathifile Bus Station (13 stops)"
"Sathamrai","Nampally Public Garoaden",17.27452,78.40118,17.39628,78.47082,16.7,57,1,"472 → AA","472: Sathamrai → Aramghar (4 stops) | AA: Aramghar → Nampally Railway Station (4 stops)"
"Sathamrai","Lakdikapool",17.27452,78.40118,17.40361,78.46497,17.7,60,2,"472 → AA → 65M","472: Sathamrai → Aramghar (4 stops) | AA: Aramghar → Nampally Railway Station (4 stops) | 65M: Nampally Railway Station → Lakdikapool (3 stops)"
"Sathamrai","Ecil Bus Terminal",17.27452,78.40118,17.47253,78.57006,31.4,106,2,"535S → 2U → 86J","535S: Sathamrai → Afzalgunj (15 stops) | 2U: Cbs → Shankar Matt (7 stops) | 86J: Shankar Matt → Ecil Bus Terminal (17 stops)"
"Sathamrai","Secretariat",17.27452,78.40118,17.40812,78.47182,18.1,61,1,"472 → AA","472: Sathamrai → Aramghar (4 stops) | AA: Aramghar → Secretariat (6 stops)"
"Sathamrai","Patancheruvu",17.27452,78.40118,17.52903,78.26428,38.4,129,1,"316 → 300A/217","316: Sathamrai → Weaker Section (5 stops) | 300A/217: Weaker Section → Patancheruvu (18 stops)"
"Sathamrai","Darul Shifa",17.27452,78.40118,17.37327,78.48299,15.2,51,0,"535S","535S: Sathamrai → Afzalgunj (15 stops)"
"Sathamrai","Plaza",17.27452,78.40118,17.44330,78.49066,23.7,80,2,"251V → AC → 16A/47W","251V: Sathamrai → Aramghar (4 stops) | AC: Aramghar → Prakash Nagar (7 stops) | 16A/47W: Prakash Nagar → Plaza (3 stops)"
"Sathamrai","Bluesea Cafe",17.27452,78.40118,17.43713,78.50515,24,81,1,"472 → AA","472: Sathamrai → Aramghar (4 stops) | AA: Aramghar → Secunderabad Railway Station (9 stops)"
"Sathamrai","Tarnaka",17.27452,78.40118,17.42571,78.53223,23.4,79,2,"535S → 2U → 3","535S: Sathamrai → Afzalgunj (15 stops) | 2U: Cbs → Shankar Matt (7 stops) | 3: Shankar Matt → Tarnaka (6 stops)"
"Sathamrai","Lb Nagar X Road",17.27452,78.40118,17.34699,78.55013,20.6,70,0,"300/532","300/532: Sathamrai → Lb Nagar  X Road (13 stops)"
"Sathamrai","Lingampally Bs",17.27452,78.40118,17.49485,78.31689,31.5,106,1,"316 → 300A/217","316: Sathamrai → Weaker Section (5 stops) | 300A/217: Weaker Section → Lingampally Bs (14 stops)"
"Sathamrai","Kukatpally",17.27452,78.40118,17.48385,78.41242,26.3,89,2,"251V → AC → 223S","251V: Sathamrai → Aramghar (4 stops) | AC: Aramghar → Nims Hospital (5 stops) | 223S: Nims Hospital → Kukatpally (11 stops)"
"Sathamrai","Jublee Bus Station",17.27452,78.40118,17.44761,78.49758,25,84,2,"472 → AA → AC","472: Sathamrai → Aramghar (4 stops) | AA: Aramghar → Secunderabad Railway Station (9 stops) | AC: Secunderabad Railway Station → Jublee Bus Station (2 stops)"
"Sathamrai","Ibrahimpatnam Bus Station",17.27452,78.40118,17.19144,78.64766,35,117,3,"92A/251 → 255 → 254K → 461","92A/251: Sathamrai → Rgi Airport (3 stops) | 255: Rgi Airport → Tukkuguda (3 stops) | 254K: Tukkuguda → Kongara Kalan (3 stops) | 461: Kongara Kalan → Ibrahimpatnam Bus Station (9 stops)"
"Sathamrai","Prashanth Nagar",17.27452,78.40118,17.47378,78.42698,24.7,84,2,"251V → AC → 19S","251V: Sathamrai → Aramghar (4 stops) | AC: Aramghar → Nims Hospital (5 stops) | 19S: Nims Hospital → Kukatpally Bus Depot (11 stops)"
"Sathamrai","Moosapet",17.27452,78.40118,17.47081,78.42668,24.3,82,2,"251V → AC → 19S","251V: Sathamrai → Aramghar (4 stops) | AC: Aramghar → Nims Hospital (5 stops) | 19S: Nims Hospital → Moosapet (10 stops)"
"Sathamrai","Cherlapally Bus Stand",17.27452,78.40118,17.46329,78.61145,38.1,128,3,"300/532 → 115RR → 18C/R → 18X/U","300/532: Sathamrai → Nagole Metro Station (16 stops) | 115RR: Nagole Metro Station → Boduppal Kamman (5 stops) | 18C/R: Boduppal Kamman → Chengicherla (9 stops) | 18X/U: Chengicherla → Cherlapally Bus Stand (3 stops)"
"Sathamrai","Koti Medical College",17.27452,78.40118,17.38310,78.48282,15.8,53,1,"535S → 536","535S: Sathamrai → Afzalgunj (15 stops) | 536: Afzalgunj → Koti Medical College (3 stops)"
"Sathamrai","Chadarghat",17.27452,78.40118,17.37722,78.49302,16.7,56,1,"535S → 72H/204P","535S: Sathamrai → Afzalgunj (15 stops) | 72H/204P: Afzalgunj → Chadarghat (4 stops)"
"Sathamrai","Kachiguda X Road",17.27452,78.40118,17.39069,78.48938,18.7,63,1,"535S → 83J/A","535S: Sathamrai → Afzalgunj (15 stops) | 83J/A: Cbs → Kachiguda X Road (5 stops)"
"Sathamrai","Gandimaisamma",17.27452,78.40118,17.57508,78.42319,33.7,114,2,"251V → 216/118W → 524","251V: Sathamrai → Aramghar (4 stops) | 216/118W: Aramghar X Roads → Hayathnagar Bus Station (4 stops) | 524: Hayathnagar Bus Station → Gandimaisamma (5 stops)"
"Sathamrai","Mehdipatnam",17.27452,78.40118,17.39527,78.43980,14.8,50,2,"316 → 300A/217 → 251AK","316: Sathamrai → Weaker Section (5 stops) | 300A/217: Weaker Section → Jyothi Nagar (4 stops) | 251AK: Jyothi Nagar → Mehdipatnam (2 stops)"
"Sathamrai","Bata",17.27452,78.40118,17.43600,78.49370,21.8,74,2,"472 → AA → 8A/67L","472: Sathamrai → Aramghar (4 stops) | AA: Aramghar → Nampally Railway Station (4 stops) | 8A/67L: Nampally Railway Station → Bata (8 stops)"
"Sathamrai","Jntu X Rd",17.27452,78.40118,17.49672,78.39445,29.1,101,2,"316 → 300A/217 → 126M","316: Sathamrai → Weaker Section (5 stops) | 300A/217: Weaker Section → Khajaguda X Road (8 stops) | 126M: Khajaguda X Road → Jntu X Rd (11 stops)"
"Sathamrai","Super Bazar",17.27452,78.40118,17.37193,78.50992,18.2,61,1,"535S → 72H/204P","535S: Sathamrai → Afzalgunj (15 stops) | 72H/204P: Afzalgunj → Super Bazar (6 stops)"
"Sathamrai","Race Course",17.27452,78.40118,17.45076,78.48820,23.7,82,2,"472 → AA → 8/26S","472: Sathamrai → Aramghar (4 stops) | AA: Aramghar → Ranigunj (7 stops) | 8/26S: James Street → Race Course (4 stops)"
"Sathamrai","Punjagutta",17.27452,78.40118,17.42645,78.45141,18.8,64,1,"251V → AC","251V: Sathamrai → Aramghar (4 stops) | AC: Aramghar → Nims Hospital (5 stops)"
"Sathamrai","Balanagar",17.27452,78.40118,17.46697,78.44626,27,91,2,"251V → AC → 189MQ","251V: Sathamrai → Aramghar (4 stops) | AC: Aramghar → Nims Hospital (5 stops) | 189MQ: Nims Hospital → Balanagar (12 stops)"
"Sathamrai","Chintal",17.27452,78.40118,17.49540,78.45210,30.1,101,2,"251V → AC → 189MQ","251V: Sathamrai → Aramghar (4 stops) | AC: Aramghar → Nims Hospital (5 stops) | 189MQ: Nims Hospital → Chintal (16 stops)"
"Sathamrai","Nanal Nagar",17.27452,78.40118,17.39620,78.42700,14.6,50,1,"316 → 300A/217","316: Sathamrai → Weaker Section (5 stops) | 300A/217: Weaker Section → Nanal Nagar (5 stops)"
"Sathamrai","Abids Gpo",17.27452,78.40118,17.38757,78.47617,16.1,55,1,"535S → 116G","535S: Sathamrai → Afzalgunj (15 stops) | 116G: Afzalgunj → Abids Gpo (3 stops)"
"Sathamrai","Kachiguda Railway Station",17.27452,78.40118,17.38950,78.49726,17.9,60,1,"535S → 2U","535S: Sathamrai → Afzalgunj (15 stops) | 2U: Cbs → Kachiguda Railway Station (5 stops)"
"Sathamrai","Ghatkesar Bus Station",17.27452,78.40118,17.45213,78.68231,41.1,138,1,"300/532 → 549","300/532: Sathamrai → Uppal X Road (17 stops) | 549: Uppal X Road → Ghatkesar Bus Station (3 stops)"
"Sathamrai","Chengicherla",17.27452,78.40118,17.43313,78.60845,34.7,117,2,"300/532 → 115RR → 18C/R","300/532: Sathamrai → Nagole Metro Station (16 stops) | 115RR: Nagole Metro Station → Boduppal Kamman (5 stops) | 18C/R: Boduppal Kamman → Chengicherla (9 stops)"
"Sathamrai","Quthbullapur X Rd",17.27452,78.40118,17.49890,78.45176,30.5,103,2,"251V → AC → 189MQ","251V: Sathamrai → Aramghar (4 stops) | AC: Aramghar → Nims Hospital (5 stops) | 189MQ: Nims Hospital → Quthbullapur X Rd (17 stops)"
"Sathamrai","Shapur Nagar",17.27452,78.40118,17.51600,78.44690,32.5,109,2,"251V → AC → 217G/189M","251V: Sathamrai → Aramghar (4 stops) | AC: Aramghar → Nims Hospital (5 stops) | 217G/189M: Nims Hospital → Shapur Nagar (20 stops)"
"Sathamrai","Panama Godown",17.27452,78.40118,17.33840,78.56864,22.6,77,1,"300/532 → 555","300/532: Sathamrai → Lb Nagar  X Road (13 stops) | 555: Lb Nagar X Road → Panama Godown (2 stops)"
"Sathamrai","Gachibowli X Road",17.27452,78.40118,17.43903,78.36295,22.8,77,1,"316 → 300A/217","316: Sathamrai → Weaker Section (5 stops) | 300A/217: Weaker Section → Gachibowli X Road (9 stops)"
"Sathamrai","Abids Grammar School",17.27452,78.40118,17.39333,78.47625,17.5,59,2,"472 → AA → 1M/D","472: Sathamrai → Aramghar (4 stops) | AA: Aramghar → Nampally Railway Station (4 stops) | 1M/D: Nampally Railway Station → Abids Grammar School (3 stops)"
"Sathamrai","Dilsukhnagar",17.27452,78.40118,17.36862,78.52366,19.8,67,1,"535S → 72H/204P","535S: Sathamrai → Afzalgunj (15 stops) | 72H/204P: Afzalgunj → Dilsukhnagar (8 stops)"
"Sathamrai","Gajularam X Road",17.27452,78.40118,17.51010,78.44771,31.9,107,2,"251V → AC → 217G/189M","251V: Sathamrai → Aramghar (4 stops) | AC: Aramghar → Nims Hospital (5 stops) | 217G/189M: Nims Hospital → Gajularam X Road (19 stops)"
"Sathamrai","Rc Puram",17.27452,78.40118,17.51362,78.28780,35.4,119,1,"316 → 300A/217","316: Sathamrai → Weaker Section (5 stops) | 300A/217: Weaker Section → Rc Puram (16 stops)"
"Sathamrai","Kphb",17.27452,78.40118,17.49456,78.40081,28.1,95,3,"251V → AC → 223S → 198","251V: Sathamrai → Aramghar (4 stops) | AC: Aramghar → Nims Hospital (5 stops) | 223S: Nims Hospital → Kukatpally (11 stops) | 198: Kukatpally → Kphb Metro Station (2 stops)"
"Sathamrai","Pisal Banda",17.27452,78.40118,17.33995,78.50379,15,51,1,"300/532 → 300/253","300/532: Sathamrai → Phoolbagh (8 stops) | 300/253: Phoolbagh → Pisal Banda (2 stops)"
"Sathamrai","Police Lines",17.27452,78.40118,17.44365,78.47499,22,78,1,"251V → AC","251V: Sathamrai → Aramghar (4 stops) | AC: Aramghar → Prakash Nagar (7 stops)"
"Sathamrai","Uppal X Road",17.27452,78.40118,17.40126,78.56007,26.8,90,0,"300/532","300/532: Sathamrai → Uppal X Road (17 stops)"
"Sathamrai","Boats Club",17.27452,78.40118,17.42644,78.48664,20.8,70,2,"472 → AA → 8A/67L","472: Sathamrai → Aramghar (4 stops) | AA: Aramghar → Nampally Railway Station (4 stops) | 8A/67L: Nampally Railway Station → Boats Club (6 stops)"
"Sathamrai","Womens College",17.27452,78.40118,17.38481,78.48762,17.1,58,1,"535S → 3","535S: Sathamrai → Afzalgunj (15 stops) | 3: Cbs → Koti Maternity Hospital (3 stops)"
"Sathamrai","Hydernagar",17.27452,78.40118,17.49919,78.38352,29.9,101,3,"251V → AC → 223S → 10MN","251V: Sathamrai → Aramghar (4 stops) | AC: Aramghar → Nims Hospital (5 stops) | 223S: Nims Hospital → Kukatpally (11 stops) | 10MN: Kukatpally → Hydernagar (4 stops)"
"Sathamrai","Charminar",17.27452,78.40118,17.35868,78.47403,15.7,54,1,"300/532 → 178G","300/532: Sathamrai → Hashamabad (7 stops) | 178G: Hashamabad → Charminar (9 stops)"
"Sathamrai","Hitech City",17.27452,78.40118,17.44995,78.38257,24,84,2,"316 → 300A/217 → 126M","316: Sathamrai → Weaker Section (5 stops) | 300A/217: Weaker Section → Khajaguda X Road (8 stops) | 126M: Khajaguda X Road → Hitech City (6 stops)"
"Sathamrai","Ameerpet",17.27452,78.40118,17.43155,78.44765,16.6,56,1,"251M/A → 252NP","251M/A: Sathamrai → Kishanguda Shm (2 stops) | 252NP: Kishanguda Shm → Ameerpet (7 stops)"
"Sathamrai","Gandipet X Road",17.27452,78.40118,17.38500,78.33100,20.8,71,3,"535S → 300A → 316 → 120","535S: Sathamrai → Ag College (3 stops) | 300A: Ag College → Rajendra Nagar (2 stops) | 316: Rajendra Nagar → Narsingi (7 stops) | 120: Manchirevula X Road → Gandipet X Road (4 stops)"
"Sathamrai","Gachibowli",17.27452,78.40118,17.43966,78.36356,21.3,74,1,"251V → 216/118","251V: Sathamrai → Aramghar (4 stops) | 216/118: Aramghar X Roads → Gachibowli Orr (2 stops)"
"Sathamrai","Miyapur",17.27452,78.40118,17.49669,78.36077,30.7,104,3,"316 → 300A/217 → 10H/220 → 222M","316: Sathamrai → Weaker Section (5 stops) | 300A/217: Weaker Section → Gachibowli X Road (9 stops) | 10H/220: Gachibowli X Road → Kothaguda X Road (3 stops) | 222M: Kothaguda X Rd → Miyapur (6 stops)"
"Sathamrai","Sr Nagar",17.27452,78.40118,17.44027,78.44260,20.8,70,2,"251V → AC → 19F","251V: Sathamrai → Aramghar (4 stops) | AC: Aramghar → Nims Hospital (5 stops) | 19F: Nims Hospital → Sr Nagar (6 stops)"
"Sathamrai","Begumpet",17.27452,78.40118,17.10805,78.55358,32,107,2,"92A/251 → 255 → 478","92A/251: Sathamrai → Rgi Airport (3 stops) | 255: Rgi Airport → Tukkuguda (3 stops) | 478: Tukkuguda → Begumpet (8 stops)"
"Sathamrai","Tolichowki",17.27452,78.40118,17.39924,78.41552,15.8,54,2,"316 → 300A/217 → 217/300","316: Sathamrai → Weaker Section (5 stops) | 300A/217: Weaker Section → Jyothi Nagar (4 stops) | 217/300: Jyothi Nagar → Tolichowki (3 stops)"
"Sathamrai","Kondapur",17.27452,78.40118,17.46392,78.36725,25.7,88,2,"316 → 300A/217 → 10H/220","316: Sathamrai → Weaker Section (5 stops) | 300A/217: Weaker Section → Gachibowli X Road (9 stops) | 10H/220: Gachibowli X Road → Kothaguda X Road (3 stops)"
"Sathamrai","Madhapur",17.27452,78.40118,17.63017,78.77482,61.4,206,1,"300/532 → 546","300/532: Sathamrai → Bandlaguda (6 stops) | 546: Bandlaguda → Madhapur (13 stops)"
"Sathamrai","Shamshabad",17.27452,78.40118,17.26205,78.38824,2,7,0,"188","188: Sathamrai → Shamshabad (2 stops)"
"Gajularam X Road","Secunderabad Railway Station",17.51010,78.44771,17.43426,78.50158,12.3,42,1,"83/272 → 219P","83/272: Gajularam X Road → Balanagar (7 stops) | 219P: Balanagar → Secunderabad Railway Station (6 stops)"
"Gajularam X Road","Afzalgunj",17.51010,78.44771,17.37331,78.47693,19.8,68,1,"219/27G → 9X/230","219/27G: Gajularam X Road → Prashanth Nagar (8 stops) | 9X/230: Prashanth Nagar → Afzalganj Central Library (18 stops)"
"Gajularam X Road","Alugadda Bhavi",17.51010,78.44771,17.43531,78.51438,13.7,46,2,"83/272 → 219P → 186","83/272: Gajularam X Road → Balanagar (7 stops) | 219P: Balanagar → Secunderabad Railway Station (6 stops) | 186: Secunderabad Railway Station → Alugadda Bhavi (2 stops)"
"Gajularam X Road","Patny",17.51010,78.44771,17.44318,78.49625,11.2,38,1,"83/272 → 219P","83/272: Gajularam X Road → Balanagar (7 stops) | 219P: Balanagar → Patny (5 stops)"
"Gajularam X Road","Cbs",17.51010,78.44771,17.37823,78.48168,20.3,69,1,"219/27G → 9X/230","219/27G: Gajularam X Road → Prashanth Nagar (8 stops) | 9X/230: Prashanth Nagar → Cbs (19 stops)"
"Gajularam X Road","Erragadda",17.51010,78.44771,17.45617,78.43378,9.6,33,1,"219/27G → 9X","219/27G: Gajularam X Road → Prashanth Nagar (8 stops) | 9X: Prashanth Nagar → Erragadda (4 stops)"
"Gajularam X Road","Gajularamaram X Road",17.51010,78.44771,17.50941,78.44817,0.1,2,0,"",""
"Gajularam X Road","Jbs",17.51010,78.44771,17.44757,78.49664,11.1,38,1,"83/272 → 567G","83/272: Gajularam X Road → Balanagar (7 stops) | 567G: Balanagar → Jublee Bus Station (4 stops)"
"Gajularam X Road","Hayathnagar Bus Station",17.51010,78.44771,17.32732,78.60489,29.8,100,1,"186 → 216/118W","186: Rythubazar-Jdm → Ngos Colony Bus Stop (2 stops) | 216/118W: Ngos Colony Bus Stop → Hayathnagar Bus Station (2 stops)"
"Gajularam X Road","Rathifile Bus Station",17.51010,78.44771,17.43457,78.50488,12.7,43,1,"83/272 → 219P","83/272: Gajularam X Road → Balanagar (7 stops) | 219P: Balanagar → Secunderabad Railway Station (6 stops)"
"Gajularam X Road","Nampally Public Garoaden",17.51010,78.44771,17.39628,78.47082,17.1,58,1,"219/27G → 9X/230","219/27G: Gajularam X Road → Prashanth Nagar (8 stops) | 9X/230: Prashanth Nagar → Public Garden (15 stops)"
"Gajularam X Road","Lakdikapool",17.51010,78.44771,17.40361,78.46497,15.6,53,1,"219/27G → 9X/230","219/27G: Gajularam X Road → Prashanth Nagar (8 stops) | 9X/230: Prashanth Nagar → Lakdikapool (13 stops)"
"Gajularam X Road","Ecil Bus Terminal",17.51010,78.44771,17.47253,78.57006,15,51,0,"290/186","290/186: Rythubazar-Jdm → Kamala Nagar (2 stops)"
"Gajularam X Road","Secretariat",17.51010,78.44771,17.40812,78.47182,15.9,54,2,"83/272 → 219P → 8/26S","83/272: Gajularam X Road → Balanagar (7 stops) | 219P: Balanagar → Patny (5 stops) | 8/26S: Patny → Secretariat (6 stops)"
"Gajularam X Road","Patancheruvu",17.51010,78.44771,17.52903,78.26428,26.5,89,0,"219/27G","219/27G: Gajularam X Road → Patancheruvu (25 stops)"
"Gajularam X Road","Darul Shifa",17.51010,78.44771,17.37327,78.48299,20.3,69,2,"219/27G → 9X/230 → 9X","219/27G: Gajularam X Road → Prashanth Nagar (8 stops) | 9X/230: Prashanth Nagar → Osmangunj (17 stops) | 9X: Osmangunj → Darul Shifa (3 stops)"
"Gajularam X Road","Plaza",17.51010,78.44771,17.44330,78.49066,10.9,37,1,"83/272 → 219P","83/272: Gajularam X Road → Balanagar (7 stops) | 219P: Balanagar → Race Course (4 stops)"
"Gajularam X Road","Bluesea Cafe",17.51010,78.44771,17.43713,78.50515,12.4,42,2,"83/272 → 219P → 227G","83/272: Gajularam X Road → Balanagar (7 stops) | 219P: Balanagar → Patny (5 stops) | 227G: Patny → Bluesea Cafe (3 stops)"
"Gajularam X Road","Tarnaka",17.51010,78.44771,17.42571,78.53223,15.4,52,2,"83/272 → 567G → 500","83/272: Gajularam X Road → Balanagar (7 stops) | 567G: Balanagar → Jublee Bus Station (4 stops) | 500: Jublee Bus Station → Tarnaka (2 stops)"
"Gajularam X Road","Lb Nagar X Road",17.51010,78.44771,17.34699,78.55013,25.9,87,2,"83/272 → 219P → 186","83/272: Gajularam X Road → Balanagar (7 stops) | 219P: Balanagar → Secunderabad Railway Station (6 stops) | 186: Secunderabad Railway Station → Lb Nagar X Road (9 stops)"
"Gajularam X Road","Lingampally Bs",17.51010,78.44771,17.49485,78.31689,19.6,67,0,"219/27G","219/27G: Gajularam X Road → Lingampally (19 stops)"
"Gajularam X Road","Kukatpally",17.51010,78.44771,17.48385,78.41242,8.8,30,0,"219/27G","219/27G: Gajularam X Road → Kukatpally (9 stops)"
"Gajularam X Road","Jublee Bus Station",17.51010,78.44771,17.44761,78.49758,11,37,1,"83/272 → 567G","83/272: Gajularam X Road → Balanagar (7 stops) | 567G: Balanagar → Jublee Bus Station (4 stops)"
"Gajularam X Road","Prashanth Nagar",17.51010,78.44771,17.47378,78.42698,7,24,0,"219/27G","219/27G: Gajularam X Road → Prashanth Nagar (8 stops)"
"Gajularam X Road","Moosapet",17.51010,78.44771,17.47081,78.42668,7.2,25,0,"219/27G","219/27G: Gajularam X Road → Prashanth Nagar (8 stops)"
"Gajularam X Road","Cherlapally Bus Stand",17.51010,78.44771,17.46329,78.61145,20.5,70,1,"290/186 → 16C/250X","290/186: Rythubazar-Jdm → Kamala Nagar (2 stops) | 16C/250X: Kamla Nagar → Cherlapally Bus Stand (6 stops)"
"Gajularam X Road","Koti Medical College",17.51010,78.44771,17.38310,78.48282,18.9,64,2,"219/27G → 9X/230 → 116G","219/27G: Gajularam X Road → Prashanth Nagar (8 stops) | 9X/230: Prashanth Nagar → Assembly (14 stops) | 116G: Assembly → Koti Medical College (2 stops)"
"Gajularam X Road","Chadarghat",17.51010,78.44771,17.37722,78.49302,21.4,72,2,"219/27G → 9X/230 → 3","219/27G: Gajularam X Road → Prashanth Nagar (8 stops) | 9X/230: Prashanth Nagar → Cbs (19 stops) | 3: Cbs → Chadarghat (2 stops)"
"Gajularam X Road","Kachiguda X Road",17.51010,78.44771,17.39069,78.48938,17.9,60,3,"83/272 → 219P → 219 → 1J","83/272: Gajularam X Road → Balanagar (7 stops) | 219P: Balanagar → Secunderabad Railway Station (6 stops) | 219: Secunderabad Railway Station → Rtc X Roads (6 stops) | 1J: Rtc X Roads → Kachiguda X Road (5 stops)"
"Gajularam X Road","Gandimaisamma",17.51010,78.44771,17.57508,78.42319,7.8,26,0,"83/272","83/272: Gajularam X Road → Gandimaisamma (7 stops)"
"Gajularam X Road","Mehdipatnam",17.51010,78.44771,17.39527,78.43980,17.4,59,1,"219/27G → 189M","219/27G: Gajularam X Road → Prashanth Nagar (8 stops) | 189M: Prashanth Nagar → Mehdipatnam (17 stops)"
"Gajularam X Road","Bata",17.51010,78.44771,17.43600,78.49370,12,41,1,"83/272 → 219P","83/272: Gajularam X Road → Balanagar (7 stops) | 219P: Balanagar → Patny (5 stops)"
"Gajularam X Road","Jntu X Rd",17.51010,78.44771,17.49672,78.39445,11.3,39,0,"219/27G","219/27G: Gajularam X Road → Jntu X Road (11 stops)"
"Gajularam X Road","Super Bazar",17.51010,78.44771,17.37193,78.50992,21.2,71,3,"83/272 → 219P → 219 → 1M/D","83/272: Gajularam X Road → Balanagar (7 stops) | 219P: Balanagar → Secunderabad Railway Station (6 stops) | 219: Secunderabad Railway Station → Rtc X Roads (6 stops) | 1M/D: Rtc X Roads → Super Bazar (8 stops)"
"Gajularam X Road","Race Course",17.51010,78.44771,17.45076,78.48820,10,34,1,"83/272 → 219P","83/272: Gajularam X Road → Balanagar (7 stops) | 219P: Balanagar → Race Course (4 stops)"
"Gajularam X Road","Punjagutta",17.51010,78.44771,17.42645,78.45141,13,44,1,"219/27G → 189M","219/27G: Gajularam X Road → Prashanth Nagar (8 stops) | 189M: Prashanth Nagar → Punjagutta (10 stops)"
"Gajularam X Road","Balanagar",17.51010,78.44771,17.46697,78.44626,4.8,17,0,"219/27G","219/27G: Gajularam X Road → Balanagar (7 stops)"
"Gajularam X Road","Chintal",17.51010,78.44771,17.49540,78.45210,1.7,6,0,"83/272","83/272: Gajularam X Road → Chintal (3 stops)"
"Gajularam X Road","Nanal Nagar",17.51010,78.44771,17.39620,78.42700,18.8,64,2,"219/27G → 189M → 113M/217","219/27G: Gajularam X Road → Prashanth Nagar (8 stops) | 189M: Prashanth Nagar → Mehdipatnam (17 stops) | 113M/217: Mehdipatnam → Nanal Nagar (2 stops)"
"Gajularam X Road","Abids Gpo",17.51010,78.44771,17.38757,78.47617,19.8,67,2,"219/27G → 9X/230 → 222M","219/27G: Gajularam X Road → Prashanth Nagar (8 stops) | 9X/230: Prashanth Nagar → Lakdikapool (13 stops) | 222M: Lakdikapool → Abids Gpo (4 stops)"
"Gajularam X Road","Kachiguda Railway Station",17.51010,78.44771,17.38950,78.49726,22.5,76,1,"219/27G → 9X/230","219/27G: Gajularam X Road → Prashanth Nagar (8 stops) | 9X/230: Prashanth Nagar → Nimboliadda (21 stops)"
"Gajularam X Road","Ghatkesar Bus Station",17.51010,78.44771,17.45213,78.68231,30.6,104,1,"290/186 → 16A/281","290/186: Rythubazar-Jdm → Kamala Nagar (2 stops) | 16A/281: Kamla Nagar → Ghatkesar Bus Station (24 stops)"
"Gajularam X Road","Chengicherla",17.51010,78.44771,17.43313,78.60845,23.9,81,2,"290/186 → 16C/250X → 250C","290/186: Rythubazar-Jdm → Kamala Nagar (2 stops) | 16C/250X: Kamla Nagar → Cherlapally Bus Stand (6 stops) | 250C: Cherlapally Bus Stand → Chengicherla (3 stops)"
"Gajularam X Road","Quthbullapur X Rd",17.51010,78.44771,17.49890,78.45176,1.3,5,0,"272","272: Gajularam X Road → Quthbullapur X Rd (2 stops)"
"Gajularam X Road","Shapur Nagar",17.51010,78.44771,17.51600,78.44690,0.7,3,0,"",""
"Gajularam X Road","Panama Godown",17.51010,78.44771,17.33840,78.56864,27.6,93,1,"186 → 100V/208","186: Rythubazar-Jdm → Ngos Colony Bus Stop (2 stops) | 100V/208: Ngos Colony Bus Stop → Panama Godown (5 stops)"
"Gajularam X Road","Gachibowli X Road",17.51010,78.44771,17.43903,78.36295,17.7,60,1,"171 → 198/171K","171: Gajularam X Road → Gajularamaram (5 stops) | 198/171K: Gajularamaram → Gachibowli X Road (21 stops)"
"Gajularam X Road","Abids Grammar School",17.51010,78.44771,17.39333,78.47625,17.6,60,2,"219/27G → 9X/230 → 116G","219/27G: Gajularam X Road → Prashanth Nagar (8 stops) | 9X/230: Prashanth Nagar → Lakdikapool (13 stops) | 116G: Lakdikapool → Abids Grammar School (2 stops)"
"Gajularam X Road","Dilsukhnagar",17.51010,78.44771,17.36862,78.52366,24.2,81,2,"83/272 → 219P → 107JL","83/272: Gajularam X Road → Balanagar (7 stops) | 219P: Balanagar → Secunderabad Railway Station (6 stops) | 107JL: Secunderabad Railway Station → Dilsukhnagar (18 stops)"
"Gajularam X Road","Sathamrai",17.51010,78.44771,17.27452,78.40118,32.8,110,3,"219/27G → 189M → 300/217 → 85M","219/27G: Gajularam X Road → Prashanth Nagar (8 stops) | 189M: Prashanth Nagar → Mehdipatnam (17 stops) | 300/217: Mehdipatnam → Shivrampally (8 stops) | 85M: Shivrampally → Sathamrai (4 stops)"
"Gajularam X Road","Rc Puram",17.51010,78.44771,17.51362,78.28780,23.4,79,0,"219/27G","219/27G: Gajularam X Road → Rc Puram (23 stops)"
"Gajularam X Road","Kphb",17.51010,78.44771,17.49456,78.40081,10.6,36,0,"219/27G","219/27G: Gajularam X Road → Kphb (10 stops)"
"Gajularam X Road","Pisal Banda",17.51010,78.44771,17.33995,78.50379,26.6,90,3,"219/27G → 9X/230 → 540MA → 460","219/27G: Gajularam X Road → Prashanth Nagar (8 stops) | 9X/230: Prashanth Nagar → Chadarghat Kedia College (20 stops) | 540MA: Chadarghat Mch Quarters → Is Sadan (3 stops) | 460: Is Sadan → Pisal Banda (3 stops)"
"Gajularam X Road","Police Lines",17.51010,78.44771,17.44365,78.47499,12.5,42,2,"83/272 → 219P → 10JB","83/272: Gajularam X Road → Balanagar (7 stops) | 219P: Balanagar → Race Course (4 stops) | 10JB: Plaza → Police Lines (2 stops)"
"Gajularam X Road","Uppal X Road",17.51010,78.44771,17.40126,78.56007,19.5,66,2,"83/272 → 567G → 500","83/272: Gajularam X Road → Balanagar (7 stops) | 567G: Balanagar → Jublee Bus Station (4 stops) | 500: Jublee Bus Station → Uppal X Road (3 stops)"
"Gajularam X Road","Boats Club",17.51010,78.44771,17.42644,78.48664,13.4,45,2,"83/272 → 219P → 8/26S","83/272: Gajularam X Road → Balanagar (7 stops) | 219P: Balanagar → Patny (5 stops) | 8/26S: Patny → Boats Club (4 stops)"
"Gajularam X Road","Womens College",17.51010,78.44771,17.38481,78.48762,18.6,64,3,"83/272 → 219P → 219 → 1J","83/272: Gajularam X Road → Balanagar (7 stops) | 219P: Balanagar → Secunderabad Railway Station (6 stops) | 219: Secunderabad Railway Station → Rtc X Roads (6 stops) | 1J: Rtc X Roads → Koti Maternity Hospital (6 stops)"
"Gajularam X Road","Hydernagar",17.51010,78.44771,17.49919,78.38352,12.5,42,0,"219/27G","219/27G: Gajularam X Road → Hydernagar (12 stops)"
"Gajularam X Road","Charminar",17.51010,78.44771,17.35868,78.47403,22.2,75,2,"219/27G → 9X/230 → 8A/253M","219/27G: Gajularam X Road → Prashanth Nagar (8 stops) | 9X/230: Prashanth Nagar → Osmangunj (17 stops) | 8A/253M: Osmangunj → Charminar (4 stops)"
"Gajularam X Road","Hitech City",17.51010,78.44771,17.44995,78.38257,13.6,47,1,"171 → 198/171K","171: Gajularam X Road → Gajularamaram (5 stops) | 198/171K: Gajularamaram → Cyber Towers (15 stops)"
"Gajularam X Road","Ameerpet",17.51010,78.44771,17.43155,78.44765,12.3,42,1,"219/27G → 9X","219/27G: Gajularam X Road → Prashanth Nagar (8 stops) | 9X: Prashanth Nagar → Ameerpet (8 stops)"
"Gajularam X Road","Gandipet X Road",17.51010,78.44771,17.38500,78.33100,26.5,90,3,"171 → 198/171K → 316 → 120","171: Gajularam X Road → Gajularamaram (5 stops) | 198/171K: Gajularamaram → Gachibowli X Road (21 stops) | 316: Gachibowli Orr → Manchirevula X Road (4 stops) | 120: Manchirevula X Road → Gandipet X Road (4 stops)"
"Gajularam X Road","Gachibowli",17.51010,78.44771,17.43966,78.36356,17.8,61,1,"171 → 198/171K","171: Gajularam X Road → Gajularamaram (5 stops) | 198/171K: Gajularamaram → Gachibowli X Road (21 stops)"
"Gajularam X Road","Miyapur",17.51010,78.44771,17.49669,78.36077,15.2,51,0,"219/27G","219/27G: Gajularam X Road → Miyapur (14 stops)"
"Gajularam X Road","Sr Nagar",17.51010,78.44771,17.44027,78.44260,11.2,38,1,"219/27G → 9X","219/27G: Gajularam X Road → Prashanth Nagar (8 stops) | 9X: Prashanth Nagar → Sr Nagar (6 stops)"
"Gajularam X Road","Begumpet",17.51010,78.44771,17.10805,78.55358,56.7,190,3,"219/27G → 9X/230 → 8A/253M → 478","219/27G: Gajularam X Road → Prashanth Nagar (8 stops) | 9X/230: Prashanth Nagar → Osmangunj (17 stops) | 8A/253M: Osmangunj → Imamguda (17 stops) | 478: Imamguda → Begumpet (7 stops)"
"Gajularam X Road","Tolichowki",17.51010,78.44771,17.39924,78.41552,20.1,68,2,"219/27G → 189M → 116","219/27G: Gajularam X Road → Prashanth Nagar (8 stops) | 189M: Prashanth Nagar → Mehdipatnam (17 stops) | 116: Mehdipatnam → Tolichowki (3 stops)"
"Gajularam X Road","Kondapur",17.51010,78.44771,17.46392,78.36725,20,71,1,"219/27G → 222M","219/27G: Gajularam X Road → Allwyn X Rd (15 stops) | 222M: Allwyn X Rd → Kondapur (3 stops)"
"Gajularam X Road","Shamshabad",17.51010,78.44771,17.26205,78.38824,33.5,113,2,"219/27G → 189M → AC","219/27G: Gajularam X Road → Prashanth Nagar (8 stops) | 189M: Prashanth Nagar → Sarojini Devi Hospital (16 stops) | AC: Mehdipatnam(District Stop) → Shamshabad (3 stops)"
"Rc Puram","Secunderabad Railway Station",17.51362,78.28780,17.43426,78.50158,26.1,88,1,"218L → 219P","218L: Rc Puram Bus Stop → Kukatpally (16 stops) | 219P: Kukatpally → Secunderabad Railway Station (8 stops)"
"Rc Puram","Afzalgunj",17.51362,78.28780,17.37331,78.47693,29,98,1,"218L → AA","218L: Rc Puram Bus Stop → Assembly (29 stops) | AA: Assembly → Afzalgunj (3 stops)"
"Rc Puram","Alugadda Bhavi",17.51362,78.28780,17.43531,78.51438,27.9,95,1,"218L → 250/281","218L: Rc Puram Bus Stop → Esi Hospital (20 stops) | 250/281: Esi Hospital → Alugaddabavi (3 stops)"
"Rc Puram","Patny",17.51362,78.28780,17.44318,78.49625,24.9,84,1,"218L → 219P","218L: Rc Puram Bus Stop → Kukatpally (16 stops) | 219P: Kukatpally → Patny (7 stops)"
"Rc Puram","Cbs",17.51362,78.28780,17.37823,78.48168,28.8,97,0,"218L","218L: Rc Puram Bus Stop → Koti Medical College (31 stops)"
"Rc Puram","Erragadda",17.51362,78.28780,17.45617,78.43378,18.9,64,0,"218L","218L: Rc Puram Bus Stop → Erragadda (19 stops)"
"Rc Puram","Gajularamaram X Road",17.51362,78.28780,17.50941,78.44817,20.6,70,1,"218L → 171KJ","218L: Rc Puram Bus Stop → Kphb (14 stops) | 171KJ: Kphb → Gajularamaram X Road (14 stops)"
"Rc Puram","Jbs",17.51362,78.28780,17.44757,78.49664,24.8,85,2,"218L → 219P → 511","218L: Rc Puram Bus Stop → Kukatpally (16 stops) | 219P: Kukatpally → Tadbund (5 stops) | 511: Tadbund → Jublee Bus Station (2 stops)"
"Rc Puram","Hayathnagar Bus Station",17.51362,78.28780,17.32732,78.60489,43.3,146,2,"218L → 277MP → 524","218L: Rc Puram Bus Stop → Abids Grammar School (30 stops) | 277MP: Abids Grammar School → Ntr Nagar (12 stops) | 524: Ntr Nagar → Hayathnagar Bus Station (8 stops)"
"Rc Puram","Rathifile Bus Station",17.51362,78.28780,17.43457,78.50488,26.4,89,1,"218L → 219P","218L: Rc Puram Bus Stop → Kukatpally (16 stops) | 219P: Kukatpally → Secunderabad Railway Station (8 stops)"
"Rc Puram","Nampally Public Garoaden",17.51362,78.28780,17.39628,78.47082,26.4,90,0,"218L","218L: Rc Puram Bus Stop → Assembly (29 stops)"
"Rc Puram","Lakdikapool",17.51362,78.28780,17.40361,78.46497,24.9,84,0,"218L","218L: Rc Puram Bus Stop → Lakdikapool (28 stops)"
"Rc Puram","Ecil Bus Terminal",17.51362,78.28780,17.47253,78.57006,37.3,125,2,"218L → 250/281 → 17D","218L: Rc Puram Bus Stop → Esi Hospital (20 stops) | 250/281: Esi Hospital → Alugaddabavi (3 stops) | 17D: Alugaddabavi → Ecil Bus Terminal (7 stops)"
"Rc Puram","Secretariat",17.51362,78.28780,17.40812,78.47182,25.8,87,0,"218L","218L: Rc Puram Bus Stop → Lakdikapool (28 stops)"
"Rc Puram","Patancheruvu",17.51362,78.28780,17.52903,78.26428,3,11,0,"300A/217","300A/217: Rc Puram → Patancheruvu (3 stops)"
"Rc Puram","Darul Shifa",17.51362,78.28780,17.37327,78.48299,29.6,100,1,"218L → AA","218L: Rc Puram Bus Stop → Assembly (29 stops) | AA: Assembly → Afzalgunj (3 stops)"
"Rc Puram","Plaza",17.51362,78.28780,17.44330,78.49066,25.8,87,1,"218L → 10HW","218L: Rc Puram Bus Stop → Sr Nagar (21 stops) | 10HW: Sr Nagar → Plaza (4 stops)"
"Rc Puram","Bluesea Cafe",17.51362,78.28780,17.43713,78.50515,26.1,88,2,"218L → 219P → 227G","218L: Rc Puram Bus Stop → Kukatpally (16 stops) | 219P: Kukatpally → Patny (7 stops) | 227G: Patny → Bluesea Cafe (3 stops)"
"Rc Puram","Tarnaka",17.51362,78.28780,17.42571,78.53223,29.9,101,1,"218L → 250/281","218L: Rc Puram Bus Stop → Esi Hospital (20 stops) | 250/281: Esi Hospital → Tarnaka (4 stops)"
"Rc Puram","Lb Nagar X Road",17.51362,78.28780,17.34699,78.55013,37.4,127,1,"218L → 277MP","218L: Rc Puram Bus Stop → Abids Grammar School (30 stops) | 277MP: Abids Grammar School → Lb Nagar (14 stops)"
"Rc Puram","Lingampally Bs",17.51362,78.28780,17.49485,78.31689,3.8,13,0,"300A/217","300A/217: Rc Puram → Lingampally Bs (3 stops)"
"Rc Puram","Kukatpally",17.51362,78.28780,17.48385,78.41242,14.6,50,0,"218L","218L: Rc Puram Bus Stop → Kukatpally (16 stops)"
"Rc Puram","Jublee Bus Station",17.51362,78.28780,17.44761,78.49758,24.7,83,2,"218L → 219P → 511","218L: Rc Puram Bus Stop → Kukatpally (16 stops) | 219P: Kukatpally → Tadbund (5 stops) | 511: Tadbund → Jublee Bus Station (2 stops)"
"Rc Puram","Ibrahimpatnam Bus Station",17.51362,78.28780,17.19144,78.64766,60.2,202,1,"218L → 277MP","218L: Rc Puram Bus Stop → Abids Grammar School (30 stops) | 277MP: Abids Grammar School → Ibrahimpatnam Bus Station (30 stops)"
"Rc Puram","Prashanth Nagar",17.51362,78.28780,17.47378,78.42698,16.5,57,1,"218L → 186","218L: Rc Puram Bus Stop → Kukatpally (16 stops) | 186: Kukatpally → Prashanth Nagar (2 stops)"
"Rc Puram","Moosapet",17.51362,78.28780,17.47081,78.42668,16.5,56,0,"218L","218L: Rc Puram Bus Stop → Moosapet (17 stops)"
"Rc Puram","Cherlapally Bus Stand",17.51362,78.28780,17.46329,78.61145,40.1,137,2,"218L → 250/281 → 250C/R","218L: Rc Puram Bus Stop → Esi Hospital (20 stops) | 250/281: Esi Hospital → Tarnaka (4 stops) | 250C/R: Tarnaka → Cherlapally Bus Stand (7 stops)"
"Rc Puram","Koti Medical College",17.51362,78.28780,17.38310,78.48282,28.2,95,0,"218L","218L: Rc Puram Bus Stop → Koti Medical College (31 stops)"
"Rc Puram","Chadarghat",17.51362,78.28780,17.37722,78.49302,29.7,100,1,"218L → 277MP","218L: Rc Puram Bus Stop → Abids Grammar School (30 stops) | 277MP: Abids Grammar School → Chadarghat (3 stops)"
"Rc Puram","Kachiguda X Road",17.51362,78.28780,17.39069,78.48938,29,98,2,"224/219 → 40 → 83/272","224/219: Rc Puram Bus Stop → Ashok Nagar (2 stops) | 40: Ashok Nagar → Old M L A Quarters (5 stops) | 83/272: Old M L A Quarters → Kachiguda X Road (7 stops)"
"Rc Puram","Gandimaisamma",17.51362,78.28780,17.57508,78.42319,22.8,78,1,"218L → 219/229","218L: Rc Puram Bus Stop → Miyapur (8 stops) | 219/229: Miyapur → Gandimaisamma (12 stops)"
"Rc Puram","Mehdipatnam",17.51362,78.28780,17.39527,78.43980,22.1,74,1,"300A/217 → 217","300A/217: Rc Puram → Nanal Nagar (12 stops) | 217: Nanal Nagar → Mehdipatnam (2 stops)"
"Rc Puram","Bata",17.51362,78.28780,17.43600,78.49370,25.7,87,1,"218L → 219P","218L: Rc Puram Bus Stop → Kukatpally (16 stops) | 219P: Kukatpally → Patny (7 stops)"
"Rc Puram","Jntu X Rd",17.51362,78.28780,17.49672,78.39445,12.1,42,0,"218L","218L: Rc Puram Bus Stop → Jntu X Rd (13 stops)"
"Rc Puram","Super Bazar",17.51362,78.28780,17.37193,78.50992,31.2,105,1,"218L → 277MP","218L: Rc Puram Bus Stop → Abids Grammar School (30 stops) | 277MP: Abids Grammar School → Super Bazar (6 stops)"
"Rc Puram","Race Course",17.51362,78.28780,17.45076,78.48820,23.7,80,1,"218L → 219P","218L: Rc Puram Bus Stop → Kukatpally (16 stops) | 219P: Kukatpally → Race Course (6 stops)"
"Rc Puram","Punjagutta",17.51362,78.28780,17.42645,78.45141,22.4,76,0,"218L","218L: Rc Puram Bus Stop → Punjagutta (24 stops)"
"Rc Puram","Balanagar",17.51362,78.28780,17.46697,78.44626,18.6,63,1,"218L → 219/27G","218L: Rc Puram Bus Stop → Kukatpally (16 stops) | 219/27G: Kukatpally → Balanagar (3 stops)"
"Rc Puram","Chintal",17.51362,78.28780,17.49540,78.45210,21.7,74,1,"218L → 219/27G","218L: Rc Puram Bus Stop → Kukatpally (16 stops) | 219/27G: Kukatpally → Chintal (7 stops)"
"Rc Puram","Nanal Nagar",17.51362,78.28780,17.39620,78.42700,20.8,70,0,"300A/217","300A/217: Rc Puram → Nanal Nagar (12 stops)"
"Rc Puram","Abids Gpo",17.51362,78.28780,17.38757,78.47617,27.6,93,0,"218L","218L: Rc Puram Bus Stop → Abids Grammar School (30 stops)"
"Rc Puram","Kachiguda Railway Station",17.51362,78.28780,17.38950,78.49726,27.8,96,2,"224/219 → 40 → 83/272","224/219: Rc Puram Bus Stop → Ashok Nagar (2 stops) | 40: Ashok Nagar → Old M L A Quarters (5 stops) | 83/272: Old M L A Quarters → Tourist Hotel (5 stops)"
"Rc Puram","Ghatkesar Bus Station",17.51362,78.28780,17.45213,78.68231,48.2,163,2,"224/219 → 113Y/K → 500","224/219: Rc Puram Bus Stop → Ashok Nagar (2 stops) | 113Y/K: Ashok Nagar → Uppal X Road (18 stops) | 500: Uppal X Road → Ghatkesar Bus Station (2 stops)"
"Rc Puram","Chengicherla",17.51362,78.28780,17.43313,78.60845,40.1,135,2,"218L → 250/281 → 6X","218L: Rc Puram Bus Stop → Esi Hospital (20 stops) | 250/281: Esi Hospital → Bell Company (6 stops) | 6X: Shakti Sai Nagar X Road → Chengicherla (4 stops)"
"Rc Puram","Quthbullapur X Rd",17.51362,78.28780,17.49890,78.45176,22.1,75,1,"218L → 219/27G","218L: Rc Puram Bus Stop → Kukatpally (16 stops) | 219/27G: Kukatpally → Quthbullapur X Rd (8 stops)"
"Rc Puram","Shapur Nagar",17.51362,78.28780,17.51600,78.44690,21.2,72,1,"218L → 171KJ","218L: Rc Puram Bus Stop → Kphb (14 stops) | 171KJ: Kphb → Shapur Nagar (15 stops)"
"Rc Puram","Panama Godown",17.51362,78.28780,17.33840,78.56864,39.2,132,2,"218L → 277MP → 524","218L: Rc Puram Bus Stop → Abids Grammar School (30 stops) | 277MP: Abids Grammar School → Ntr Nagar (12 stops) | 524: Ntr Nagar → Panama Godown (4 stops)"
"Rc Puram","Gachibowli X Road",17.51362,78.28780,17.43903,78.36295,12.4,42,0,"300A/217","300A/217: Rc Puram → Gachibowli X Road (8 stops)"
"Rc Puram","Abids Grammar School",17.51362,78.28780,17.39333,78.47625,26.9,91,0,"218L","218L: Rc Puram Bus Stop → Abids Grammar School (30 stops)"
"Rc Puram","Dilsukhnagar",17.51362,78.28780,17.36862,78.52366,32.8,111,1,"218L → 277MP","218L: Rc Puram Bus Stop → Abids Grammar School (30 stops) | 277MP: Abids Grammar School → Dilsukhnagar (8 stops)"
"Rc Puram","Sathamrai",17.51362,78.28780,17.27452,78.40118,35.6,120,1,"300A/217 → 49M/251","300A/217: Rc Puram → Aramghar X Roads (17 stops) | 49M/251: Aramghar → Sathamrai (4 stops)"
"Rc Puram","Gajularam X Road",17.51362,78.28780,17.51010,78.44771,20.5,70,1,"218L → 171KJ","218L: Rc Puram Bus Stop → Kphb (14 stops) | 171KJ: Kphb → Gajularam X Road (14 stops)"
"Rc Puram","Kphb",17.51362,78.28780,17.49456,78.40081,12.9,44,0,"218L","218L: Rc Puram Bus Stop → Kphb (14 stops)"
"Rc Puram","Pisal Banda",17.51362,78.28780,17.33995,78.50379,34.2,116,3,"218L → 277MP → 277K → 460","218L: Rc Puram Bus Stop → Abids Grammar School (30 stops) | 277MP: Abids Grammar School → Chadarghat (3 stops) | 277K: Chadarghat → Is Sadan (5 stops) | 460: Is Sadan → Pisal Banda (3 stops)"
"Rc Puram","Police Lines",17.51362,78.28780,17.44365,78.47499,24.3,82,1,"218L → 10JB","218L: Rc Puram Bus Stop → Sr Nagar (21 stops) | 10JB: Sr Nagar → Police Lines (3 stops)"
"Rc Puram","Uppal X Road",17.51362,78.28780,17.40126,78.56007,33.9,115,1,"224/219 → 113Y/K","224/219: Rc Puram Bus Stop → Ashok Nagar (2 stops) | 113Y/K: Ashok Nagar → Uppal X Road (17 stops)"
"Rc Puram","Boats Club",17.51362,78.28780,17.42644,78.48664,27.1,92,2,"218L → 219P → 8/26S","218L: Rc Puram Bus Stop → Kukatpally (16 stops) | 219P: Kukatpally → Patny (7 stops) | 8/26S: Patny → Boats Club (4 stops)"
"Rc Puram","Womens College",17.51362,78.28780,17.38481,78.48762,28.6,97,1,"218L → 222","218L: Rc Puram Bus Stop → Abids Grammar School (30 stops) | 222: Abids Grammar School → Koti Maternity Hospital (3 stops)"
"Rc Puram","Hydernagar",17.51362,78.28780,17.49919,78.38352,11,38,0,"218L","218L: Rc Puram Bus Stop → Hydernagar (11 stops)"
"Rc Puram","Charminar",17.51362,78.28780,17.35868,78.47403,31.5,106,2,"218L → AA → 253M","218L: Rc Puram Bus Stop → Assembly (29 stops) | AA: Assembly → Afzalgunj (3 stops) | 253M: Afzalgunj → Charminar (3 stops)"
"Rc Puram","Hitech City",17.51362,78.28780,17.44995,78.38257,13.6,46,1,"218L → 216M/P","218L: Rc Puram Bus Stop → Madinaguda Bus Stop (6 stops) | 216M/P: Madinaguda Bus Stop → Shilparamam (6 stops)"
"Rc Puram","Ameerpet",17.51362,78.28780,17.43155,78.44765,21.6,73,0,"218L","218L: Rc Puram Bus Stop → Ameerpet (23 stops)"
"Rc Puram","Gandipet X Road",17.51362,78.28780,17.38500,78.33100,21.2,72,2,"300A/217 → 316 → 120","300A/217: Rc Puram → Gachibowli X Road (8 stops) | 316: Gachibowli Orr → Manchirevula X Road (4 stops) | 120: Manchirevula X Road → Gandipet X Road (4 stops)"
"Rc Puram","Gachibowli",17.51362,78.28780,17.43966,78.36356,12.5,43,0,"300A/217","300A/217: Rc Puram → Gachibowli X Road (8 stops)"
"Rc Puram","Miyapur",17.51362,78.28780,17.49669,78.36077,8.5,29,0,"218L","218L: Rc Puram Bus Stop → Miyapur (8 stops)"
"Rc Puram","Sr Nagar",17.51362,78.28780,17.44027,78.44260,20.5,69,0,"218L","218L: Rc Puram Bus Stop → Sr Nagar (21 stops)"
"Rc Puram","Begumpet",17.51362,78.28780,17.10805,78.55358,61,204,2,"300A/217 → 471/92C → 478","300A/217: Rc Puram → Nanal Nagar (12 stops) | 471/92C: Rethi Bowli → Imamguda (9 stops) | 478: Imamguda → Begumpet (7 stops)"
"Rc Puram","Tolichowki",17.51362,78.28780,17.39924,78.41552,19.5,66,0,"300A/217","300A/217: Rc Puram → Brindavan Colony (11 stops)"
"Rc Puram","Kondapur",17.51362,78.28780,17.46392,78.36725,11.2,38,1,"218L → 216M/P","218L: Rc Puram Bus Stop → Madinaguda Bus Stop (6 stops) | 216M/P: Madinaguda Bus Stop → Kondapur (4 stops)"
"Rc Puram","Madhapur",17.51362,78.28780,17.63017,78.77482,65.2,218,3,"218L → 277MP → 277P → 486","218L: Rc Puram Bus Stop → Abids Grammar School (30 stops) | 277MP: Abids Grammar School → Mangalpally X Road (25 stops) | 277P: Mangalpally X Road → Yeliminedu (7 stops) | 486: Yeliminedu → Madhapur (2 stops)"
"Rc Puram","Shamshabad",17.51362,78.28780,17.26205,78.38824,34.2,116,1,"300A/217 → 315","300A/217: Rc Puram → Gachibowli X Road (8 stops) | 315: Gachibowli Orr → Shamshabad (4 stops)"
"Kphb","Secunderabad Railway Station",17.49456,78.40081,17.43426,78.50158,14.5,52,0,"10MN","10MN: Kphb Main Road → Secunderabad Railway Station (9 stops)"
"Kphb","Afzalgunj",17.49456,78.40081,17.37331,78.47693,16.2,55,2,"113K → 127N → 8","113K: Kphb → Telephone Bhavan (8 stops) | 127N: Telephone Bhavan → Abids Grammar School (3 stops) | 8: Abids Grammar School → Afzalgunj (4 stops)"
"Kphb","Alugadda Bhavi",17.49456,78.40081,17.43531,78.51438,15,51,1,"113K → 250/281","113K: Kphb → Erragadda (4 stops) | 250/281: Erragadda → Alugaddabavi (4 stops)"
"Kphb","Patny",17.49456,78.40081,17.44318,78.49625,12.1,42,1,"198/224 → 219P","198/224: Kphb → Balanagar (4 stops) | 219P: Balanagar → Patny (5 stops)"
"Kphb","Cbs",17.49456,78.40081,17.37823,78.48168,15.8,53,1,"113K → 116G","113K: Kphb → Telephone Bhavan (8 stops) | 116G: Assembly → Cbs (3 stops)"
"Kphb","Erragadda",17.49456,78.40081,17.45617,78.43378,6,21,0,"113K","113K: Kphb → Erragadda (4 stops)"
"Kphb","Gajularamaram X Road",17.49456,78.40081,17.50941,78.44817,7.7,26,0,"171KJ","171KJ: Kphb → Gajularamaram X Road (14 stops)"
"Kphb","Jbs",17.49456,78.40081,17.44757,78.49664,14.1,51,1,"10MN → 49E/22","10MN: Kphb Main Road → Plaza (8 stops) | 49E/22: Plaza → Jbs (3 stops)"
"Kphb","Hayathnagar Bus Station",17.49456,78.40081,17.32732,78.60489,30.4,102,3,"113K → 127N → 277MP → 524","113K: Kphb → Telephone Bhavan (8 stops) | 127N: Telephone Bhavan → Abids Grammar School (3 stops) | 277MP: Abids Grammar School → Ntr Nagar (12 stops) | 524: Ntr Nagar → Hayathnagar Bus Station (8 stops)"
"Kphb","Rathifile Bus Station",17.49456,78.40081,17.43457,78.50488,14.9,53,0,"10MN","10MN: Kphb Main Road → Secunderabad Railway Station (9 stops)"
"Kphb","Nampally Public Garoaden",17.49456,78.40081,17.39628,78.47082,13.5,46,0,"113K","113K: Kphb → Telephone Bhavan (8 stops)"
"Kphb","Lakdikapool",17.49456,78.40081,17.40361,78.46497,12,40,0,"113K","113K: Kphb → Khairatabad (7 stops)"
"Kphb","Ecil Bus Terminal",17.49456,78.40081,17.47253,78.57006,22.6,77,1,"171KJ → 290/186","171KJ: Kphb → Rythubazar-Jdm (16 stops) | 290/186: Rythubazar-Jdm → Kamala Nagar (2 stops)"
"Kphb","Secretariat",17.49456,78.40081,17.40812,78.47182,12.7,43,0,"113K","113K: Kphb → Telephone Bhavan (8 stops)"
"Kphb","Patancheruvu",17.49456,78.40081,17.52903,78.26428,15.9,54,0,"219/27G","219/27G: Kphb → Patancheruvu (16 stops)"
"Kphb","Darul Shifa",17.49456,78.40081,17.37327,78.48299,16.9,57,2,"113K → 127N → 8A","113K: Kphb → Telephone Bhavan (8 stops) | 127N: Telephone Bhavan → Abids Grammar School (3 stops) | 8A: Abids Grammar School → Darul Shifa (5 stops)"
"Kphb","Plaza",17.49456,78.40081,17.44330,78.49066,13,47,0,"10MN","10MN: Kphb Main Road → Plaza (8 stops)"
"Kphb","Bluesea Cafe",17.49456,78.40081,17.43713,78.50515,14.9,53,1,"10MN → 29B/250C","10MN: Kphb Main Road → Plaza (8 stops) | 29B/250C: Plaza → Bluesea Cafe (4 stops)"
"Kphb","Tarnaka",17.49456,78.40081,17.42571,78.53223,17,57,1,"113K → 250/281","113K: Kphb → Erragadda (4 stops) | 250/281: Erragadda → Tarnaka (5 stops)"
"Kphb","Lb Nagar X Road",17.49456,78.40081,17.34699,78.55013,24.4,83,2,"113K → 127N → 277MP","113K: Kphb → Telephone Bhavan (8 stops) | 127N: Telephone Bhavan → Abids Grammar School (3 stops) | 277MP: Abids Grammar School → Lb Nagar (14 stops)"
"Kphb","Lingampally Bs",17.49456,78.40081,17.49485,78.31689,9.1,31,0,"219/27G","219/27G: Kphb → Lingampally (10 stops)"
"Kphb","Kukatpally",17.49456,78.40081,17.48385,78.41242,1.7,6,0,"113K/L","113K/L: Kphb → Kukatpally (2 stops)"
"Kphb","Jublee Bus Station",17.49456,78.40081,17.44761,78.49758,11.9,41,1,"198/224 → 567G","198/224: Kphb → Balanagar (4 stops) | 567G: Balanagar → Jublee Bus Station (4 stops)"
"Kphb","Ibrahimpatnam Bus Station",17.49456,78.40081,17.19144,78.64766,47.3,158,2,"113K → 127N → 277MP","113K: Kphb → Telephone Bhavan (8 stops) | 127N: Telephone Bhavan → Abids Grammar School (3 stops) | 277MP: Abids Grammar School → Ibrahimpatnam Bus Station (30 stops)"
"Kphb","Prashanth Nagar",17.49456,78.40081,17.47378,78.42698,3.6,15,0,"198/224","198/224: Kphb → Prashanth Ngr (3 stops)"
"Kphb","Moosapet",17.49456,78.40081,17.47081,78.42668,3.6,12,0,"113K","113K: Kphb → Moosapet (3 stops)"
"Kphb","Cherlapally Bus Stand",17.49456,78.40081,17.46329,78.61145,27.2,93,2,"113K → 250/281 → 250C/R","113K: Kphb → Erragadda (4 stops) | 250/281: Erragadda → Tarnaka (5 stops) | 250C/R: Tarnaka → Cherlapally Bus Stand (7 stops)"
"Kphb","Koti Medical College",17.49456,78.40081,17.38310,78.48282,15.3,51,2,"113K → 127N → 218I","113K: Kphb → Telephone Bhavan (8 stops) | 127N: Telephone Bhavan → Abids Grammar School (3 stops) | 218I: Abids Grammar School → Koti Medical College (2 stops)"
"Kphb","Chadarghat",17.49456,78.40081,17.37722,78.49302,16.7,56,2,"113K → 127N → 277MP","113K: Kphb → Telephone Bhavan (8 stops) | 127N: Telephone Bhavan → Abids Grammar School (3 stops) | 277MP: Abids Grammar School → Chadarghat (3 stops)"
"Kphb","Kachiguda X Road",17.49456,78.40081,17.39069,78.48938,17.9,61,1,"113K → 83/272","113K: Kphb → Telephone Bhavan (8 stops) | 83/272: Telephone Bhavan → Kachiguda X Road (13 stops)"
"Kphb","Gandimaisamma",17.49456,78.40081,17.57508,78.42319,15.4,52,1,"171KJ → 511","171KJ: Kphb → Shapur Nagar (15 stops) | 511: Shapur Nagar → Gandimaisamma (4 stops)"
"Kphb","Mehdipatnam",17.49456,78.40081,17.39527,78.43980,13.2,44,2,"113K → 224/47D → 19KA","113K: Kphb → Sr Nagar (5 stops) | 224/47D: Sr Nagar → Punjagutta (2 stops) | 19KA: Punjagutta → Mehdipatnam (3 stops)"
"Kphb","Bata",17.49456,78.40081,17.43600,78.49370,15.4,55,0,"10MN","10MN: Kphb Main Road → Secunderabad Railway Station (9 stops)"
"Kphb","Jntu X Rd",17.49456,78.40081,17.49672,78.39445,0.8,4,0,"",""
"Kphb","Super Bazar",17.49456,78.40081,17.37193,78.50992,18.3,61,2,"113K → 127N → 277MP","113K: Kphb → Telephone Bhavan (8 stops) | 127N: Telephone Bhavan → Abids Grammar School (3 stops) | 277MP: Abids Grammar School → Super Bazar (6 stops)"
"Kphb","Race Course",17.49456,78.40081,17.45076,78.48820,10.9,38,1,"198/224 → 219P","198/224: Kphb → Balanagar (4 stops) | 219P: Balanagar → Race Course (4 stops)"
"Kphb","Punjagutta",17.49456,78.40081,17.42645,78.45141,9.4,32,1,"113K → 224/47D","113K: Kphb → Sr Nagar (5 stops) | 224/47D: Sr Nagar → Punjagutta (2 stops)"
"Kphb","Balanagar",17.49456,78.40081,17.46697,78.44626,5.7,20,0,"198/224","198/224: Kphb → Balanagar (4 stops)"
"Kphb","Chintal",17.49456,78.40081,17.49540,78.45210,8.9,30,0,"198/224","198/224: Kphb → Chintal (8 stops)"
"Kphb","Nanal Nagar",17.49456,78.40081,17.39620,78.42700,15,51,1,"198 → 10W","198: Kphb Metro Station → Bio Diversity Complex (11 stops) | 10W: Bio Diversity Complex → Nanal Nagar (6 stops)"
"Kphb","Abids Gpo",17.49456,78.40081,17.38757,78.47617,16.2,55,1,"113K → 127N","113K: Kphb → Telephone Bhavan (8 stops) | 127N: Telephone Bhavan → Abids Gpo (6 stops)"
"Kphb","Kachiguda Railway Station",17.49456,78.40081,17.38950,78.49726,16.7,59,1,"113K → 83/272","113K: Kphb → Telephone Bhavan (8 stops) | 83/272: Telephone Bhavan → Tourist Hotel (11 stops)"
"Kphb","Ghatkesar Bus Station",17.49456,78.40081,17.45213,78.68231,34.4,116,2,"113K/L → 19BM → 22/281","113K/L: Kphb → Kukatpally (2 stops) | 19BM: Kukatpally → Balajinagar (Twd Secunderabad (2 stops) | 22/281: Balajinagar → Ghatkesar Bus Station (19 stops)"
"Kphb","Chengicherla",17.49456,78.40081,17.43313,78.60845,29.9,100,2,"113K → 284P → 18CR","113K: Kphb → Uppal Bus Station (15 stops) | 284P: Uppal Bus Station → Medipally (3 stops) | 18CR: Medipally → Chengicherla (3 stops)"
"Kphb","Quthbullapur X Rd",17.49456,78.40081,17.49890,78.45176,9.3,31,0,"198/224","198/224: Kphb → Quthbullapur X Rd (9 stops)"
"Kphb","Shapur Nagar",17.49456,78.40081,17.51600,78.44690,8.3,28,0,"171KJ","171KJ: Kphb → Shapur Nagar (15 stops)"
"Kphb","Panama Godown",17.49456,78.40081,17.33840,78.56864,26.3,88,3,"113K → 127N → 277MP → 524","113K: Kphb → Telephone Bhavan (8 stops) | 127N: Telephone Bhavan → Abids Grammar School (3 stops) | 277MP: Abids Grammar School → Ntr Nagar (12 stops) | 524: Ntr Nagar → Panama Godown (4 stops)"
"Kphb","Gachibowli X Road",17.49456,78.40081,17.43903,78.36295,10.1,35,0,"198","198: Kphb Metro Station → Gachibowli X Road (14 stops)"
"Kphb","Abids Grammar School",17.49456,78.40081,17.39333,78.47625,14,47,1,"113K → 127N","113K: Kphb → Telephone Bhavan (8 stops) | 127N: Telephone Bhavan → Abids Grammar School (3 stops)"
"Kphb","Dilsukhnagar",17.49456,78.40081,17.36862,78.52366,19.9,67,2,"113K → 127N → 277MP","113K: Kphb → Telephone Bhavan (8 stops) | 127N: Telephone Bhavan → Abids Grammar School (3 stops) | 277MP: Abids Grammar School → Dilsukhnagar (8 stops)"
"Kphb","Sathamrai",17.49456,78.40081,17.27452,78.40118,30.7,103,3,"113K → 127N → 8A/539 → 251M/A","113K: Kphb → Telephone Bhavan (8 stops) | 127N: Telephone Bhavan → Abids Grammar School (3 stops) | 8A/539: Abids Grammar School → Shivarampally (14 stops) | 251M/A: Shivarampally → Sathamrai (4 stops)"
"Kphb","Gajularam X Road",17.49456,78.40081,17.51010,78.44771,7.6,26,0,"171KJ","171KJ: Kphb → Gajularam X Road (14 stops)"
"Kphb","Rc Puram",17.49456,78.40081,17.51362,78.28780,12.8,43,0,"219/27G","219/27G: Kphb → Rc Puram (14 stops)"
"Kphb","Pisal Banda",17.49456,78.40081,17.33995,78.50379,27.9,94,3,"113K → 127N → 8A/253S → 300/253","113K: Kphb → Telephone Bhavan (8 stops) | 127N: Telephone Bhavan → Abids Grammar School (3 stops) | 8A/253S: Abids Grammar School → Barkas (17 stops) | 300/253: Barkas → Pisal Banda (3 stops)"
"Kphb","Police Lines",17.49456,78.40081,17.44365,78.47499,11.3,42,1,"10MN → 10JB","10MN: Kphb Main Road → Rj College (6 stops) | 10JB: Rj College → Police Lines (2 stops)"
"Kphb","Uppal X Road",17.49456,78.40081,17.40126,78.56007,22.4,75,0,"113K","113K: Kphb → Modern Bakery (14 stops)"
"Kphb","Boats Club",17.49456,78.40081,17.42644,78.48664,15.2,51,1,"113K → 5K","113K: Kphb → Telephone Bhavan (8 stops) | 5K: Telephone Bhavan → Boats Club (3 stops)"
"Kphb","Womens College",17.49456,78.40081,17.38481,78.48762,15.7,54,1,"113K → 127N","113K: Kphb → Telephone Bhavan (8 stops) | 127N: Telephone Bhavan → Koti Bank Strret (4 stops)"
"Kphb","Hydernagar",17.49456,78.40081,17.49919,78.38352,1.9,7,0,"219/27G","219/27G: Kphb → Hydernagar (3 stops)"
"Kphb","Charminar",17.49456,78.40081,17.35868,78.47403,19.1,64,2,"113K → 127N → 8A","113K: Kphb → Telephone Bhavan (8 stops) | 127N: Telephone Bhavan → Abids Grammar School (3 stops) | 8A: Abids Grammar School → Charminar (9 stops)"
"Kphb","Hitech City",17.49456,78.40081,17.44995,78.38257,6,23,0,"198","198: Kphb Metro Station → Cyber Towers (8 stops)"
"Kphb","Ameerpet",17.49456,78.40081,17.43155,78.44765,8.4,28,0,"113K","113K: Kphb → Sr Nagar (5 stops)"
"Kphb","Gandipet X Road",17.49456,78.40081,17.38500,78.33100,18.9,65,2,"198 → 316 → 120","198: Kphb Metro Station → Gachibowli X Road (14 stops) | 316: Gachibowli Orr → Manchirevula X Road (4 stops) | 120: Manchirevula X Road → Gandipet X Road (4 stops)"
"Kphb","Gachibowli",17.49456,78.40081,17.43966,78.36356,10.1,36,0,"198","198: Kphb Metro Station → Gachibowli X Road (14 stops)"
"Kphb","Miyapur",17.49456,78.40081,17.49669,78.36077,4.7,16,0,"219/27G","219/27G: Kphb → Miyapur (5 stops)"
"Kphb","Sr Nagar",17.49456,78.40081,17.44027,78.44260,7.6,26,0,"113K","113K: Kphb → Sr Nagar (5 stops)"
"Kphb","Tolichowki",17.49456,78.40081,17.39924,78.41552,13.8,47,1,"198 → 10W","198: Kphb Metro Station → Bio Diversity Complex (11 stops) | 10W: Bio Diversity Complex → Brindavan Colony (5 stops)"
"Kphb","Kondapur",17.49456,78.40081,17.46392,78.36725,9.4,36,1,"219/27G → 222M","219/27G: Kphb → Allwyn X Rd (6 stops) | 222M: Allwyn X Rd → Kondapur (3 stops)"
"Kphb","Madhapur",17.49456,78.40081,17.63017,78.77482,975.4,3255,3,"10MN → 49E/22 → 23BK → 546","10MN: Kphb Main Road → Plaza (8 stops) | 49E/22: Plaza → Kharkana (5 stops) | 23BK: Kharkana → Gollaguda (7 stops) | 546: Gollaguda → Madhapur (15 stops)"
"Kphb","Shamshabad",17.49456,78.40081,17.26205,78.38824,31.9,109,1,"198 → 315","198: Kphb Metro Station → Gachibowli X Road (14 stops) | 315: Gachibowli Orr → Shamshabad (4 stops)"
"Pisal Banda","Secunderabad Railway Station",17.33995,78.50379,17.43426,78.50158,12.2,41,0,"102","102: Pisal Banda → Chilkalguda (18 stops)"
"Pisal Banda","Afzalgunj",17.33995,78.50379,17.37331,78.47693,6.5,22,1,"102 → 277S","102: Pisal Banda → Malakpet Government Hospital (7 stops) | 277S: Malakpet Government Hospital → Afzalgunj (4 stops)"
"Pisal Banda","Alugadda Bhavi",17.33995,78.50379,17.43531,78.51438,12.6,43,1,"102 → 15H/20","102: Pisal Banda → Musheerabad Police Station (16 stops) | 15H/20: Musheerabad Police Station → Alugaddabavi (3 stops)"
"Pisal Banda","Patny",17.33995,78.50379,17.44318,78.49625,13.3,45,1,"102 → 1/25S","102: Pisal Banda → Chilkalguda (18 stops) | 1/25S: Chilkalguda → Patny (3 stops)"
"Pisal Banda","Cbs",17.33995,78.50379,17.37823,78.48168,6,23,0,"102","102: Pisal Banda → Chadarghat (8 stops)"
"Pisal Banda","Erragadda",17.33995,78.50379,17.45617,78.43378,17.6,59,2,"102 → 277S → 113F","102: Pisal Banda → Malakpet Government Hospital (7 stops) | 277S: Malakpet Government Hospital → Secretariat (7 stops) | 113F: Secretariat → Erragadda (12 stops)"
"Pisal Banda","Gajularamaram X Road",17.33995,78.50379,17.50941,78.44817,24.5,82,3,"102 → 2J → 567G → 171SM","102: Pisal Banda → Rathifile Bus Station (19 stops) | 2J: Rathifile Bus Station → Jublee Bus Station (3 stops) | 567G: Jublee Bus Station → Chintal (6 stops) | 171SM: Chintal → Gajularamaram X Road (3 stops)"
"Pisal Banda","Jbs",17.33995,78.50379,17.44757,78.49664,13.8,47,1,"102 → 90D","102: Pisal Banda → Chilkalguda (18 stops) | 90D: Chilkalguda → Jbs (4 stops)"
"Pisal Banda","Hayathnagar Bus Station",17.33995,78.50379,17.32732,78.60489,11.5,40,1,"300/253 → 555","300/253: Pisal Banda → Lb Nagar (5 stops) | 555: Lb Nagar X Road → Hayathnagar Bus Station (4 stops)"
"Pisal Banda","Rathifile Bus Station",17.33995,78.50379,17.43457,78.50488,11.9,40,0,"102","102: Pisal Banda → Rathifile Bus Station (19 stops)"
"Pisal Banda","Nampally Public Garoaden",17.33995,78.50379,17.39628,78.47082,9.2,31,1,"102 → 277S","102: Pisal Banda → Malakpet Government Hospital (7 stops) | 277S: Malakpet Government Hospital → Gandhi Bhavan (5 stops)"
"Pisal Banda","Lakdikapool",17.33995,78.50379,17.40361,78.46497,10.3,35,2,"102 → 277S → 116G","102: Pisal Banda → Malakpet Government Hospital (7 stops) | 277S: Malakpet Government Hospital → Afzalgunj (4 stops) | 116G: Afzalgunj → Lakdikapool (4 stops)"
"Pisal Banda","Ecil Bus Terminal",17.33995,78.50379,17.47253,78.57006,19.9,68,1,"102 → 3","102: Pisal Banda → Ramkoti (10 stops) | 3: Ramkoti → Ecil (18 stops)"
"Pisal Banda","Secretariat",17.33995,78.50379,17.40812,78.47182,10.5,35,1,"102 → 277S","102: Pisal Banda → Malakpet Government Hospital (7 stops) | 277S: Malakpet Government Hospital → Secretariat (7 stops)"
"Pisal Banda","Patancheruvu",17.33995,78.50379,17.52903,78.26428,36.3,122,2,"102 → 40V → 113M/217","102: Pisal Banda → Koti Maternity Hospital (9 stops) | 40V: Koti Maternity Hospital → Ashok Nagar (7 stops) | 113M/217: Ashok Nagar → Patancheruvu (6 stops)"
"Pisal Banda","Darul Shifa",17.33995,78.50379,17.37327,78.48299,6,20,1,"102 → 277MP","102: Pisal Banda → Malakpet Government Hospital (7 stops) | 277MP: Malakpet Government Hospital → Darul Shifa (4 stops)"
"Pisal Banda","Plaza",17.33995,78.50379,17.44330,78.49066,13.7,46,1,"102 → 10JB","102: Pisal Banda → Chilkalguda (18 stops) | 10JB: Secunderabad Railway Station → Plaza (2 stops)"
"Pisal Banda","Bluesea Cafe",17.33995,78.50379,17.43713,78.50515,12.2,41,0,"102","102: Pisal Banda → Rathifile Bus Station (19 stops)"
"Pisal Banda","Tarnaka",17.33995,78.50379,17.42571,78.53223,13.1,44,1,"102 → 3","102: Pisal Banda → Ramkoti (10 stops) | 3: Ramkoti → Tarnaka (10 stops)"
"Pisal Banda","Lb Nagar X Road",17.33995,78.50379,17.34699,78.55013,5.5,20,0,"300/253","300/253: Pisal Banda → Lb Nagar (5 stops)"
"Pisal Banda","Lingampally Bs",17.33995,78.50379,17.49485,78.31689,29.5,100,2,"102 → 40V → 224/219","102: Pisal Banda → Koti Maternity Hospital (9 stops) | 40V: Koti Maternity Hospital → Ashok Nagar (7 stops) | 224/219: Ashok Nagar → Lingampally (2 stops)"
"Pisal Banda","Kukatpally",17.33995,78.50379,17.48385,78.41242,21.5,72,3,"102 → 277S → 113F → 10MN","102: Pisal Banda → Malakpet Government Hospital (7 stops) | 277S: Malakpet Government Hospital → Secretariat (7 stops) | 113F: Secretariat → Erragadda (12 stops) | 10MN: Erragadda → Kukatpally (3 stops)"
"Pisal Banda","Jublee Bus Station",17.33995,78.50379,17.44761,78.49758,13.8,47,1,"102 → 2J","102: Pisal Banda → Rathifile Bus Station (19 stops) | 2J: Rathifile Bus Station → Jublee Bus Station (3 stops)"
"Pisal Banda","Ibrahimpatnam Bus Station",17.33995,78.50379,17.19144,78.64766,27.4,92,2,"300/253 → 300L/279K → 401","300/253: Pisal Banda → Lb Nagar (5 stops) | 300L/279K: Lb Nagar → Bongloor X Road (16 stops) | 401: Bongloor X Road → Ibrahimpatnam Bus Station (3 stops)"
"Pisal Banda","Prashanth Nagar",17.33995,78.50379,17.47378,78.42698,16,54,1,"102 → 3","102: Pisal Banda → Ramkoti (10 stops) | 3: Ramkoti → Lalapet (13 stops)"
"Pisal Banda","Moosapet",17.33995,78.50379,17.47081,78.42668,19.4,65,3,"102 → 277S → 113F → 9EM","102: Pisal Banda → Malakpet Government Hospital (7 stops) | 277S: Malakpet Government Hospital → Secretariat (7 stops) | 113F: Secretariat → Erragadda (12 stops) | 9EM: Erragadda → Moosapet (2 stops)"
"Pisal Banda","Cherlapally Bus Stand",17.33995,78.50379,17.46329,78.61145,23.4,78,2,"102 → 203A/3K → 250C/R","102: Pisal Banda → Ramkoti (10 stops) | 203A/3K: Ramkoti → Mallapur (14 stops) | 250C/R: Mallapur → Cherlapally Bus Stand (4 stops)"
"Pisal Banda","Koti Medical College",17.33995,78.50379,17.38310,78.48282,6.4,22,0,"102","102: Pisal Banda → Koti Maternity Hospital (9 stops)"
"Pisal Banda","Chadarghat",17.33995,78.50379,17.37722,78.49302,4.8,16,0,"102","102: Pisal Banda → Chadarghat (8 stops)"
"Pisal Banda","Kachiguda X Road",17.33995,78.50379,17.39069,78.48938,6.8,27,0,"102","102: Pisal Banda → Ramkoti (10 stops)"
"Pisal Banda","Gandimaisamma",17.33995,78.50379,17.57508,78.42319,19,65,2,"300/253 → 555 → 205","300/253: Pisal Banda → Lb Nagar (5 stops) | 555: Lb Nagar X Road → Orr (7 stops) | 205: Orr → Gandimaisamma (2 stops)"
"Pisal Banda","Mehdipatnam",17.33995,78.50379,17.39527,78.43980,11.4,39,1,"102 → 116N","102: Pisal Banda → Koti Maternity Hospital (9 stops) | 116N: Koti Medical College → Mehdipatnam (8 stops)"
"Pisal Banda","Bata",17.33995,78.50379,17.43600,78.49370,12.4,42,1,"102 → 40V","102: Pisal Banda → Koti Maternity Hospital (9 stops) | 40V: Koti Maternity Hospital → Bata (15 stops)"
"Pisal Banda","Jntu X Rd",17.33995,78.50379,17.49672,78.39445,23.9,81,3,"102 → 277S → 113F → 10MN","102: Pisal Banda → Malakpet Government Hospital (7 stops) | 277S: Malakpet Government Hospital → Secretariat (7 stops) | 113F: Secretariat → Erragadda (12 stops) | 10MN: Erragadda → Jntu X Road (5 stops)"
"Pisal Banda","Super Bazar",17.33995,78.50379,17.37193,78.50992,5.2,20,1,"102 → 72/208C","102: Pisal Banda → Malakpet Government Hospital (7 stops) | 72/208C: Nalgonda X Roads → Super Bazar (2 stops)"
"Pisal Banda","Race Course",17.33995,78.50379,17.45076,78.48820,14.5,49,2,"102 → 90D → 186","102: Pisal Banda → Chilkalguda (18 stops) | 90D: Chilkalguda → Patny (3 stops) | 186: Patny → Race Course (2 stops)"
"Pisal Banda","Punjagutta",17.33995,78.50379,17.42645,78.45141,13.8,46,2,"102 → 277S → 113F","102: Pisal Banda → Malakpet Government Hospital (7 stops) | 277S: Malakpet Government Hospital → Secretariat (7 stops) | 113F: Secretariat → Punjagutta (6 stops)"
"Pisal Banda","Balanagar",17.33995,78.50379,17.46697,78.44626,19.7,66,2,"102 → 90D → 186","102: Pisal Banda → Chilkalguda (18 stops) | 90D: Chilkalguda → Patny (3 stops) | 186: Patny → Balanagar (5 stops)"
"Pisal Banda","Chintal",17.33995,78.50379,17.49540,78.45210,22.9,77,2,"102 → 2J → 567G","102: Pisal Banda → Rathifile Bus Station (19 stops) | 2J: Rathifile Bus Station → Jublee Bus Station (3 stops) | 567G: Jublee Bus Station → Chintal (6 stops)"
"Pisal Banda","Nanal Nagar",17.33995,78.50379,17.39620,78.42700,12.8,43,1,"102 → 216","102: Pisal Banda → Koti Maternity Hospital (9 stops) | 216: Koti Medical College → Nanal Nagar (9 stops)"
"Pisal Banda","Abids Gpo",17.33995,78.50379,17.38757,78.47617,8.1,28,2,"102 → 277S → 116G","102: Pisal Banda → Malakpet Government Hospital (7 stops) | 277S: Malakpet Government Hospital → Afzalgunj (4 stops) | 116G: Afzalgunj → Abids Gpo (3 stops)"
"Pisal Banda","Kachiguda Railway Station",17.33995,78.50379,17.38950,78.49726,6.2,21,1,"102 → 65K/123","102: Pisal Banda → Chadarghat (8 stops) | 65K/123: Chadarghat → Kachiguda Railway Station (2 stops)"
"Pisal Banda","Ghatkesar Bus Station",17.33995,78.50379,17.45213,78.68231,25.6,87,3,"300/253 → 431 → 115RR → 500","300/253: Pisal Banda → Sagar Ring Road (4 stops) | 431: Sagar Ring Road → Nagole Metro Station (4 stops) | 115RR: Nagole Metro Station → Uppal X Road (2 stops) | 500: Uppal X Road → Ghatkesar Bus Station (2 stops)"
"Pisal Banda","Chengicherla",17.33995,78.50379,17.43313,78.60845,19.6,67,3,"300/253 → 431 → 115RR → 18C/R","300/253: Pisal Banda → Sagar Ring Road (4 stops) | 431: Sagar Ring Road → Nagole Metro Station (4 stops) | 115RR: Nagole Metro Station → Boduppal Kamman (5 stops) | 18C/R: Boduppal Kamman → Chengicherla (9 stops)"
"Pisal Banda","Quthbullapur X Rd",17.33995,78.50379,17.49890,78.45176,23.3,78,2,"102 → 2J → 567G","102: Pisal Banda → Rathifile Bus Station (19 stops) | 2J: Rathifile Bus Station → Jublee Bus Station (3 stops) | 567G: Jublee Bus Station → Chintal (6 stops)"
"Pisal Banda","Shapur Nagar",17.33995,78.50379,17.51600,78.44690,25.3,85,2,"102 → 2J → 567G","102: Pisal Banda → Rathifile Bus Station (19 stops) | 2J: Rathifile Bus Station → Jublee Bus Station (3 stops) | 567G: Jublee Bus Station → Shapur Nagar (7 stops)"
"Pisal Banda","Panama Godown",17.33995,78.50379,17.33840,78.56864,7.5,27,1,"300/253 → 555","300/253: Pisal Banda → Lb Nagar (5 stops) | 555: Lb Nagar X Road → Panama Godown (2 stops)"
"Pisal Banda","Gachibowli X Road",17.33995,78.50379,17.43903,78.36295,21.2,71,1,"102 → 116N/220K","102: Pisal Banda → Koti Maternity Hospital (9 stops) | 116N/220K: Koti Medical College → Gachibowli X Road (17 stops)"
"Pisal Banda","Abids Grammar School",17.33995,78.50379,17.39333,78.47625,10,34,2,"102 → 277S → 1M/D","102: Pisal Banda → Malakpet Government Hospital (7 stops) | 277S: Malakpet Government Hospital → Nampally Railway Station (6 stops) | 1M/D: Nampally Railway Station → Abids Grammar School (3 stops)"
"Pisal Banda","Dilsukhnagar",17.33995,78.50379,17.36862,78.52366,6.7,25,1,"102 → 72/208C","102: Pisal Banda → Malakpet Government Hospital (7 stops) | 72/208C: Nalgonda X Roads → Dilsukhnagar (4 stops)"
"Pisal Banda","Sathamrai",17.33995,78.50379,17.27452,78.40118,14.9,50,1,"300/253 → 300/532","300/253: Pisal Banda → Phoolbagh (2 stops) | 300/532: Phoolbagh → Sathamrai (8 stops)"
"Pisal Banda","Gajularam X Road",17.33995,78.50379,17.51010,78.44771,24.6,83,3,"102 → 2J → 567G → 9M/X","102: Pisal Banda → Rathifile Bus Station (19 stops) | 2J: Rathifile Bus Station → Jublee Bus Station (3 stops) | 567G: Jublee Bus Station → Chintal (6 stops) | 9M/X: Chintal → Gajularam X Road (3 stops)"
"Pisal Banda","Rc Puram",17.33995,78.50379,17.51362,78.28780,33.2,112,2,"102 → 40V → 113M/217","102: Pisal Banda → Koti Maternity Hospital (9 stops) | 40V: Koti Maternity Hospital → Ashok Nagar (7 stops) | 113M/217: Ashok Nagar → Rc Puram (3 stops)"
"Pisal Banda","Kphb",17.33995,78.50379,17.49456,78.40081,23.2,79,3,"102 → 277S → 113F → 19V/M","102: Pisal Banda → Malakpet Government Hospital (7 stops) | 277S: Malakpet Government Hospital → Secretariat (7 stops) | 113F: Secretariat → Erragadda (12 stops) | 19V/M: Erragadda → Kphb Metro Station (4 stops)"
"Pisal Banda","Police Lines",17.33995,78.50379,17.44365,78.47499,15.4,52,1,"102 → 47YN","102: Pisal Banda → Chilkalguda (18 stops) | 47YN: Secunderabad Railway Station → Police Lines (3 stops)"
"Pisal Banda","Uppal X Road",17.33995,78.50379,17.40126,78.56007,11.6,40,1,"300/253 → 431","300/253: Pisal Banda → Sagar Ring Road (4 stops) | 431: Sagar Ring Road → Uppal X Road (5 stops)"
"Pisal Banda","Boats Club",17.33995,78.50379,17.42644,78.48664,14.1,47,1,"102 → 3D","102: Pisal Banda → Chilkalguda (18 stops) | 3D: Chilkalguda → Boats Club (5 stops)"
"Pisal Banda","Womens College",17.33995,78.50379,17.38481,78.48762,5.9,21,0,"102","102: Pisal Banda → Koti Maternity Hospital (9 stops)"
"Pisal Banda","Hydernagar",17.33995,78.50379,17.49919,78.38352,25,84,3,"102 → 277S → 113F → 10MN","102: Pisal Banda → Malakpet Government Hospital (7 stops) | 277S: Malakpet Government Hospital → Secretariat (7 stops) | 113F: Secretariat → Erragadda (12 stops) | 10MN: Erragadda → Hydernagar (6 stops)"
"Pisal Banda","Charminar",17.33995,78.50379,17.35868,78.47403,7.9,27,2,"102 → 277MP → 253M","102: Pisal Banda → Malakpet Government Hospital (7 stops) | 277MP: Malakpet Government Hospital → Darul Shifa (4 stops) | 253M: Darul Shifa → Charminar (2 stops)"
"Pisal Banda","Hitech City",17.33995,78.50379,17.44995,78.38257,22.2,75,3,"102 → 277S → 116G → 222A","102: Pisal Banda → Malakpet Government Hospital (7 stops) | 277S: Malakpet Government Hospital → Afzalgunj (4 stops) | 116G: Afzalgunj → Mahavir Hospital (5 stops) | 222A: Mahavir Hospital → Hitech City (15 stops)"
"Pisal Banda","Ameerpet",17.33995,78.50379,17.43155,78.44765,14.5,49,2,"102 → 277S → 113F","102: Pisal Banda → Malakpet Government Hospital (7 stops) | 277S: Malakpet Government Hospital → Secretariat (7 stops) | 113F: Secretariat → Ameerpet (8 stops)"
"Pisal Banda","Gandipet X Road",17.33995,78.50379,17.38500,78.33100,22.9,77,3,"102 → 277S → 1JK → 94/220K","102: Pisal Banda → Malakpet Government Hospital (7 stops) | 277S: Malakpet Government Hospital → Afzalgunj (4 stops) | 1JK: Afzalgunj → Langar House (9 stops) | 94/220K: Langar House → Gandipet X Road (13 stops)"
"Pisal Banda","Gachibowli",17.33995,78.50379,17.43966,78.36356,21.3,73,1,"102 → 116N/220K","102: Pisal Banda → Koti Maternity Hospital (9 stops) | 116N/220K: Koti Medical College → Gachibowli X Road (17 stops)"
"Pisal Banda","Miyapur",17.33995,78.50379,17.49669,78.36077,27.8,93,3,"102 → 277S → 113F → 10MN","102: Pisal Banda → Malakpet Government Hospital (7 stops) | 277S: Malakpet Government Hospital → Secretariat (7 stops) | 113F: Secretariat → Erragadda (12 stops) | 10MN: Erragadda → Miyapur (7 stops)"
"Pisal Banda","Sr Nagar",17.33995,78.50379,17.44027,78.44260,15.9,54,2,"102 → 277S → 113F","102: Pisal Banda → Malakpet Government Hospital (7 stops) | 277S: Malakpet Government Hospital → Secretariat (7 stops) | 113F: Secretariat → Sr Nagar (10 stops)"
"Pisal Banda","Begumpet",17.33995,78.50379,17.10805,78.55358,29.2,98,1,"300/242 → 203A/479","300/242: Pisal Banda → Badangpet (7 stops) | 203A/479: Badangpet → Begumpet (14 stops)"
"Pisal Banda","Tolichowki",17.33995,78.50379,17.39924,78.41552,14,47,1,"102 → 216","102: Pisal Banda → Koti Maternity Hospital (9 stops) | 216: Koti Medical College → Tolichowki (10 stops)"
"Pisal Banda","Kondapur",17.33995,78.50379,17.46392,78.36725,24.7,83,3,"102 → 277S → 116G → 222A","102: Pisal Banda → Malakpet Government Hospital (7 stops) | 277S: Malakpet Government Hospital → Afzalgunj (4 stops) | 116G: Afzalgunj → Mahavir Hospital (5 stops) | 222A: Mahavir Hospital → Kondapur (20 stops)"
"Pisal Banda","Madhapur",17.33995,78.50379,17.63017,78.77482,33.3,111,3,"300/253 → 300L/279K → 277P → 486","300/253: Pisal Banda → Lb Nagar (5 stops) | 300L/279K: Lb Nagar → Bongloor X Road (16 stops) | 277P: Bongloor X Road → Yeliminedu (9 stops) | 486: Yeliminedu → Madhapur (2 stops)"
"Pisal Banda","Shamshabad",17.33995,78.50379,17.26205,78.38824,16.9,57,1,"300/253 → 300/532","300/253: Pisal Banda → Phoolbagh (2 stops) | 300/532: Phoolbagh → Shamshabad (9 stops)"
"Police Lines","Secunderabad Railway Station",17.44365,78.47499,17.43426,78.50158,3.2,11,0,"10JB","10JB: Police Lines → Secunderabad Railway Station (3 stops)"
"Police Lines","Afzalgunj",17.44365,78.47499,17.37331,78.47693,9.8,33,1,"49R → 9X","49R: Police Lines → Irrum Manzil (4 stops) | 9X: Irrum Manzil → Afzalgunj (8 stops)"
"Police Lines","Alugadda Bhavi",17.44365,78.47499,17.43531,78.51438,4.6,16,1,"10JB → 186","10JB: Police Lines → Secunderabad Railway Station (3 stops) | 186: Secunderabad Railway Station → Alugadda Bhavi (2 stops)"
"Police Lines","Patny",17.44365,78.47499,17.44318,78.49625,2.1,8,0,"10JB","10JB: Police Lines → Plaza (2 stops)"
"Police Lines","Cbs",17.44365,78.47499,17.37823,78.48168,9.6,33,1,"49R → 218I","49R: Police Lines → Irrum Manzil (4 stops) | 218I: Irrum Manzil → Cbs (7 stops)"
"Police Lines","Erragadda",17.44365,78.47499,17.45617,78.43378,5.7,20,1,"10JB → 19BM","10JB: Police Lines → Sr Nagar (3 stops) | 19BM: Sr Nagar → Erragadda (2 stops)"
"Police Lines","Gajularamaram X Road",17.44365,78.47499,17.50941,78.44817,12.6,42,1,"10JB → 250C/30","10JB: Police Lines → Plaza (2 stops) | 250C/30: Plaza → Gajularamaram X Road (15 stops)"
"Police Lines","Jbs",17.44365,78.47499,17.44757,78.49664,2.8,10,1,"10JB → 49E/22","10JB: Police Lines → Plaza (2 stops) | 49E/22: Plaza → Jbs (3 stops)"
"Police Lines","Hayathnagar Bus Station",17.44365,78.47499,17.32732,78.60489,23.6,79,2,"10JB → 186 → 72/208C","10JB: Police Lines → Secunderabad Railway Station (3 stops) | 186: Secunderabad Railway Station → Lb Nagar X Road (9 stops) | 72/208C: Lb Nagar X Road → Hayathnagar Bus Station (10 stops)"
"Police Lines","Rathifile Bus Station",17.44365,78.47499,17.43457,78.50488,3.5,12,0,"10JB","10JB: Police Lines → Secunderabad Railway Station (3 stops)"
"Police Lines","Nampally Public Garoaden",17.44365,78.47499,17.39628,78.47082,7.2,25,1,"49R → 9Q","49R: Police Lines → Irrum Manzil (4 stops) | 9Q: Irrum Manzil → Public Garden (5 stops)"
"Police Lines","Lakdikapool",17.44365,78.47499,17.40361,78.46497,5.7,19,1,"49R → 9X","49R: Police Lines → Irrum Manzil (4 stops) | 9X: Irrum Manzil → Lakdikapool (3 stops)"
"Police Lines","Ecil Bus Terminal",17.44365,78.47499,17.47253,78.57006,14.8,50,1,"10JB → 16AB/5K","10JB: Police Lines → Secunderabad Railway Station (3 stops) | 16AB/5K: Secunderabad Railway Station → Ecil Bus Terminal (8 stops)"
"Police Lines","Secretariat",17.44365,78.47499,17.40812,78.47182,6.6,23,1,"49R → 83/272","49R: Police Lines → Irrum Manzil (4 stops) | 83/272: Irrum Manzil → Secretariat (5 stops)"
"Police Lines","Patancheruvu",17.44365,78.47499,17.52903,78.26428,27.1,91,3,"10JB → 9EM → 224L → 300A/217","10JB: Police Lines → Kukatpally (6 stops) | 9EM: Kukatpally → Miyapur X Road (4 stops) | 224L: Miyapur X Road → Lingampally Bs (5 stops) | 300A/217: Lingampally Bs → Patancheruvu (5 stops)"
"Police Lines","Darul Shifa",17.44365,78.47499,17.37327,78.48299,10.4,35,1,"49R → 9X","49R: Police Lines → Irrum Manzil (4 stops) | 9X: Irrum Manzil → Darul Shifa (9 stops)"
"Police Lines","Plaza",17.44365,78.47499,17.44330,78.49066,1.7,6,0,"10JB","10JB: Police Lines → Plaza (2 stops)"
"Police Lines","Bluesea Cafe",17.44365,78.47499,17.43713,78.50515,3.4,12,1,"10JB → 227G","10JB: Police Lines → Plaza (2 stops) | 227G: Plaza → Bluesea Cafe (4 stops)"
"Police Lines","Tarnaka",17.44365,78.47499,17.42571,78.53223,6.7,23,1,"10JB → 186","10JB: Police Lines → Secunderabad Railway Station (3 stops) | 186: Secunderabad Railway Station → Tarnaka (3 stops)"
"Police Lines","Lb Nagar X Road",17.44365,78.47499,17.34699,78.55013,16.8,56,1,"10JB → 186","10JB: Police Lines → Secunderabad Railway Station (3 stops) | 186: Secunderabad Railway Station → Lb Nagar X Road (9 stops)"
"Police Lines","Lingampally Bs",17.44365,78.47499,17.49485,78.31689,20.3,68,2,"10JB → 9EM → 224L","10JB: Police Lines → Kukatpally (6 stops) | 9EM: Kukatpally → Miyapur X Road (4 stops) | 224L: Miyapur X Road → Lingampally Bs (5 stops)"
"Police Lines","Kukatpally",17.44365,78.47499,17.48385,78.41242,9.6,33,0,"10JB","10JB: Police Lines → Kukatpally (6 stops)"
"Police Lines","Jublee Bus Station",17.44365,78.47499,17.44761,78.49758,4.7,16,1,"10JB → AC","10JB: Police Lines → Secunderabad Railway Station (3 stops) | AC: Secunderabad Railway Station → Jublee Bus Station (2 stops)"
"Police Lines","Prashanth Nagar",17.44365,78.47499,17.47378,78.42698,7.8,30,0,"10JB","10JB: Police Lines → Moosapet (5 stops)"
"Police Lines","Moosapet",17.44365,78.47499,17.47081,78.42668,7.5,26,0,"10JB","10JB: Police Lines → Moosapet (5 stops)"
"Police Lines","Cherlapally Bus Stand",17.44365,78.47499,17.46329,78.61145,16.7,56,2,"10JB → 186 → 250C/R","10JB: Police Lines → Secunderabad Railway Station (3 stops) | 186: Secunderabad Railway Station → Tarnaka (3 stops) | 250C/R: Tarnaka → Cherlapally Bus Stand (7 stops)"
"Police Lines","Koti Medical College",17.44365,78.47499,17.38310,78.48282,9.1,31,1,"49R → 218I","49R: Police Lines → Irrum Manzil (4 stops) | 218I: Irrum Manzil → Koti Medical College (6 stops)"
"Police Lines","Chadarghat",17.44365,78.47499,17.37722,78.49302,10.7,36,1,"49R → 218I","49R: Police Lines → Irrum Manzil (4 stops) | 218I: Irrum Manzil → Chadarghat (8 stops)"
"Police Lines","Kachiguda X Road",17.44365,78.47499,17.39069,78.48938,8.8,30,2,"10JB → 219 → 1J","10JB: Police Lines → Secunderabad Railway Station (3 stops) | 219: Secunderabad Railway Station → Rtc X Roads (6 stops) | 1J: Rtc X Roads → Kachiguda X Road (5 stops)"
"Police Lines","Gandimaisamma",17.44365,78.47499,17.57508,78.42319,20.5,69,2,"10JB → 250C/30 → 83/272","10JB: Police Lines → Plaza (2 stops) | 250C/30: Plaza → Jeedimetla Substation (17 stops) | 83/272: Jeedimetla Substation → Gandimaisamma (5 stops)"
"Police Lines","Mehdipatnam",17.44365,78.47499,17.39527,78.43980,7.1,24,2,"10JB → 19MB → 19KA","10JB: Police Lines → Rj College (2 stops) | 19MB: Rj College → Banjara Hills Road No 7 Taj Krishna (2 stops) | 19KA: Banjara Hills Road No 7 Taj Krishna → Mehdipatnam (2 stops)"
"Police Lines","Bata",17.44365,78.47499,17.43600,78.49370,3.1,11,1,"10JB → 8/26S","10JB: Police Lines → Plaza (2 stops) | 8/26S: Plaza → Bata (3 stops)"
"Police Lines","Jntu X Rd",17.44365,78.47499,17.49672,78.39445,12.1,41,1,"10JB → 10KH","10JB: Police Lines → Kukatpally (6 stops) | 10KH: Kukatpally → Jntu X Road (3 stops)"
"Police Lines","Super Bazar",17.44365,78.47499,17.37193,78.50992,12,41,2,"49R → 218I → 277MP","49R: Police Lines → Irrum Manzil (4 stops) | 218I: Irrum Manzil → Abids Grammar School (5 stops) | 277MP: Abids Grammar School → Super Bazar (6 stops)"
"Police Lines","Race Course",17.44365,78.47499,17.45076,78.48820,2.5,9,0,"10JB","10JB: Police Lines → Plaza (2 stops)"
"Police Lines","Punjagutta",17.44365,78.47499,17.42645,78.45141,3.2,12,0,"49R","49R: Police Lines → Panjaguta (3 stops)"
"Police Lines","Balanagar",17.44365,78.47499,17.46697,78.44626,7.8,26,1,"10JB → 171Y","10JB: Police Lines → Plaza (2 stops) | 171Y: Plaza → Balanagar (9 stops)"
"Police Lines","Chintal",17.44365,78.47499,17.49540,78.45210,11,37,1,"10JB → 171Y","10JB: Police Lines → Plaza (2 stops) | 171Y: Plaza → Chintal (13 stops)"
"Police Lines","Nanal Nagar",17.44365,78.47499,17.39620,78.42700,9.1,31,2,"49R → 19MV → 471/92C","49R: Police Lines → Panjaguta (3 stops) | 19MV: Panjaguta → Mehdipatnam Bus Depot (4 stops) | 471/92C: Mehdipatnam Bus Depot → Nanal Nagar (2 stops)"
"Police Lines","Abids Gpo",17.44365,78.47499,17.38757,78.47617,9.9,34,1,"49R → 218I","49R: Police Lines → Irrum Manzil (4 stops) | 218I: Irrum Manzil → Abids Gpo (7 stops)"
"Police Lines","Kachiguda Railway Station",17.44365,78.47499,17.38950,78.49726,10.6,39,1,"49R → 83/272","49R: Police Lines → Irrum Manzil (4 stops) | 83/272: Irrum Manzil → Tourist Hotel (14 stops)"
"Police Lines","Ghatkesar Bus Station",17.44365,78.47499,17.45213,78.68231,24.8,83,2,"10JB → 290/186 → 500","10JB: Police Lines → Secunderabad Railway Station (3 stops) | 290/186: Secunderabad Railway Station → Uppal X Road (6 stops) | 500: Uppal X Road → Ghatkesar Bus Station (2 stops)"
"Police Lines","Chengicherla",17.44365,78.47499,17.43313,78.60845,18.8,63,3,"10JB → 290/186 → 115RR → 18C/R","10JB: Police Lines → Secunderabad Railway Station (3 stops) | 290/186: Secunderabad Railway Station → Uppal X Road (6 stops) | 115RR: Uppal X Road → Boduppal Kamman (4 stops) | 18C/R: Boduppal Kamman → Chengicherla (9 stops)"
"Police Lines","Quthbullapur X Rd",17.44365,78.47499,17.49890,78.45176,11.4,38,1,"10JB → 250C/30","10JB: Police Lines → Plaza (2 stops) | 250C/30: Plaza → Quthbullapur X Rd (14 stops)"
"Police Lines","Shapur Nagar",17.44365,78.47499,17.51600,78.44690,13.4,45,1,"10JB → 250C/30","10JB: Police Lines → Plaza (2 stops) | 250C/30: Plaza → Gajularamaram X Road (15 stops)"
"Police Lines","Panama Godown",17.44365,78.47499,17.33840,78.56864,19,64,1,"10JB → 186","10JB: Police Lines → Secunderabad Railway Station (3 stops) | 186: Secunderabad Railway Station → Panama Godown (10 stops)"
"Police Lines","Gachibowli X Road",17.44365,78.47499,17.43903,78.36295,14.1,47,1,"47YM → 10HW","47YM: Police Lines → Venkatagiri X Roads (6 stops) | 10HW: Venkatagiri X Roads → Telecom Nagar (6 stops)"
"Police Lines","Abids Grammar School",17.44365,78.47499,17.39333,78.47625,7.7,26,1,"49R → 218I","49R: Police Lines → Irrum Manzil (4 stops) | 218I: Irrum Manzil → Abids Grammar School (5 stops)"
"Police Lines","Dilsukhnagar",17.44365,78.47499,17.36862,78.52366,15,51,1,"10JB → 107JL","10JB: Police Lines → Secunderabad Railway Station (3 stops) | 107JL: Secunderabad Railway Station → Dilsukhnagar (18 stops)"
"Police Lines","Sathamrai",17.44365,78.47499,17.27452,78.40118,21.9,73,2,"49R → AC → 188","49R: Police Lines → Paryatak Bhavan (2 stops) | AC: Paryatak Bhavan → Aramghar (6 stops) | 188: Aramghar → Sathamrai (4 stops)"
"Police Lines","Gajularam X Road",17.44365,78.47499,17.51010,78.44771,12.7,44,1,"10JB → 250C/30","10JB: Police Lines → Plaza (2 stops) | 250C/30: Plaza → Gajularamaram X Road (15 stops)"
"Police Lines","Rc Puram",17.44365,78.47499,17.51362,78.28780,24.1,81,3,"10JB → 9EM → 224L → 300A/217","10JB: Police Lines → Kukatpally (6 stops) | 9EM: Kukatpally → Miyapur X Road (4 stops) | 224L: Miyapur X Road → Lingampally Bs (5 stops) | 300A/217: Lingampally Bs → Rc Puram (3 stops)"
"Police Lines","Kphb",17.44365,78.47499,17.49456,78.40081,12.4,42,1,"10JB → 186","10JB: Police Lines → Kukatpally (6 stops) | 186: Kukatpally → Kphb (3 stops)"
"Police Lines","Pisal Banda",17.44365,78.47499,17.33995,78.50379,21.3,71,3,"49R → 9X → 8A/253M → 300/253","49R: Police Lines → Irrum Manzil (4 stops) | 9X: Irrum Manzil → Charminar (13 stops) | 8A/253M: Charminar → Barkas (6 stops) | 300/253: Barkas → Pisal Banda (3 stops)"
"Police Lines","Uppal X Road",17.44365,78.47499,17.40126,78.56007,10.9,37,1,"10JB → 290/186","10JB: Police Lines → Secunderabad Railway Station (3 stops) | 290/186: Secunderabad Railway Station → Uppal X Road (6 stops)"
"Police Lines","Boats Club",17.44365,78.47499,17.42644,78.48664,4.5,15,1,"10JB → 8/26S","10JB: Police Lines → Plaza (2 stops) | 8/26S: Plaza → Boats Club (5 stops)"
"Police Lines","Womens College",17.44365,78.47499,17.38481,78.48762,9.4,33,2,"49R → 218I → 222","49R: Police Lines → Irrum Manzil (4 stops) | 218I: Irrum Manzil → Abids Grammar School (5 stops) | 222: Abids Grammar School → Koti Maternity Hospital (3 stops)"
"Police Lines","Hydernagar",17.44365,78.47499,17.49919,78.38352,13.2,44,1,"10JB → 431","10JB: Police Lines → Kukatpally (6 stops) | 431: Kukatpally → Hydernagar (3 stops)"
"Police Lines","Charminar",17.44365,78.47499,17.35868,78.47403,12.7,43,1,"49R → 9X","49R: Police Lines → Irrum Manzil (4 stops) | 9X: Irrum Manzil → Charminar (13 stops)"
"Police Lines","Hitech City",17.44365,78.47499,17.44995,78.38257,11.1,38,1,"47YM → 10HW","47YM: Police Lines → Venkatagiri X Roads (6 stops) | 10HW: Venkatagiri X Roads → Hitech City (4 stops)"
"Police Lines","Ameerpet",17.44365,78.47499,17.43155,78.44765,3.3,14,0,"47YM","47YM: Police Lines → Kanaka Durga Temple (4 stops)"
"Police Lines","Gandipet X Road",17.44365,78.47499,17.38500,78.33100,18.7,63,3,"47YM → 47L → 47YN → 505","47YM: Police Lines → Panchavati Colony (12 stops) | 47L: Panchavati Colony → Manikonda (2 stops) | 47YN: Manikonda → Narsingi (4 stops) | 505: Narsingi → Gandipet X Road (4 stops)"
"Police Lines","Gachibowli",17.44365,78.47499,17.43966,78.36356,14.1,47,1,"47YM → 10HW","47YM: Police Lines → Venkatagiri X Roads (6 stops) | 10HW: Venkatagiri X Roads → Telecom Nagar (6 stops)"
"Police Lines","Miyapur",17.44365,78.47499,17.49669,78.36077,15.6,53,1,"10JB → 9EM","10JB: Police Lines → Kukatpally (6 stops) | 9EM: Kukatpally → Miyapur X Road (4 stops)"
"Police Lines","Sr Nagar",17.44365,78.47499,17.44027,78.44260,4.1,14,0,"10JB","10JB: Police Lines → Sr Nagar (3 stops)"
"Police Lines","Begumpet",17.44365,78.47499,17.10805,78.55358,47.2,158,3,"49R → 9X → 8A/253M → 478","49R: Police Lines → Irrum Manzil (4 stops) | 9X: Irrum Manzil → Charminar (13 stops) | 8A/253M: Charminar → Imamguda (14 stops) | 478: Imamguda → Begumpet (7 stops)"
"Police Lines","Tolichowki",17.44365,78.47499,17.39924,78.41552,11,37,1,"47YM → 113M/217","47YM: Police Lines → Shaikpet Nala (10 stops) | 113M/217: Shaikpet Nala → Tolichowki (3 stops)"
"Police Lines","Kondapur",17.44365,78.47499,17.46392,78.36725,13.6,46,2,"47YM → 10HW → 113Y/K","47YM: Police Lines → Venkatagiri X Roads (6 stops) | 10HW: Venkatagiri X Roads → Hitech City (4 stops) | 113Y/K: Hitech City → Kothaguda X Rd (3 stops)"
"Police Lines","Madhapur",17.44365,78.47499,17.63017,78.77482,46,154,2,"10JB → 16AB/5K → 546","10JB: Police Lines → Secunderabad Railway Station (3 stops) | 16AB/5K: Secunderabad Railway Station → Rampally X Road (11 stops) | 546: Rampally X Road → Madhapur (12 stops)"
"Police Lines","Shamshabad",17.44365,78.47499,17.26205,78.38824,23.7,79,1,"49R → AC","49R: Police Lines → Paryatak Bhavan (2 stops) | AC: Paryatak Bhavan → Shamshabad (7 stops)"
"Uppal X Road","Secunderabad Railway Station",17.40126,78.56007,17.43426,78.50158,7.6,26,0,"90D","90D: Uppal X Road → Secunderabad Railway Station (9 stops)"
"Uppal X Road","Afzalgunj",17.40126,78.56007,17.37331,78.47693,10,35,0,"71A","71A: Uppal X Road → Afzalgunj (14 stops)"
"Uppal X Road","Alugadda Bhavi",17.40126,78.56007,17.43531,78.51438,6.2,22,0,"90D","90D: Uppal X Road → Alugadda Bhavi (7 stops)"
"Uppal X Road","Patny",17.40126,78.56007,17.44318,78.49625,8.8,31,0,"90D","90D: Uppal X Road → Patny (10 stops)"
"Uppal X Road","Cbs",17.40126,78.56007,17.37823,78.48168,9.2,32,0,"71A","71A: Uppal X Road → Cbs (13 stops)"
"Uppal X Road","Erragadda",17.40126,78.56007,17.45617,78.43378,17.4,60,1,"71A → 113K","71A: Uppal X Road → Amberpet Gandhi Statue (7 stops) | 113K: Amberpet Gandhi Statue → Erragadda (9 stops)"
"Uppal X Road","Gajularamaram X Road",17.40126,78.56007,17.50941,78.44817,21.2,72,2,"90D → 186 → 30S","90D: Uppal X Road → Patny (10 stops) | 186: Patny → Balanagar (5 stops) | 30S: Balanagar → Gajularamaram X Road (7 stops)"
"Uppal X Road","Jbs",17.40126,78.56007,17.44757,78.49664,8.4,29,0,"279","279: Uppal X Road → Jbs (2 stops)"
"Uppal X Road","Hayathnagar Bus Station",17.40126,78.56007,17.32732,78.60489,13.4,48,1,"290/186 → 72/208C","290/186: Uppal X Road → Ganesh Temple (7 stops) | 72/208C: Ganesh Temple → Hayathnagar Bus Station (4 stops)"
"Uppal X Road","Rathifile Bus Station",17.40126,78.56007,17.43457,78.50488,7.2,25,1,"90D → 431","90D: Uppal X Road → Alugadda Bhavi (7 stops) | 431: Alugadda Bhavi → Rathifile Bus Station (2 stops)"
"Uppal X Road","Nampally Public Garoaden",17.40126,78.56007,17.39628,78.47082,12.7,44,1,"71A → 277MP","71A: Uppal X Road → Afzalgunj (14 stops) | 277MP: Afzalgunj → Nampally Public Garoaden (4 stops)"
"Uppal X Road","Lakdikapool",17.40126,78.56007,17.40361,78.46497,10.6,37,1,"71A → 113K","71A: Uppal X Road → Amberpet Gandhi Statue (7 stops) | 113K: Amberpet Gandhi Statue → Lakdikapool (5 stops)"
"Uppal X Road","Ecil Bus Terminal",17.40126,78.56007,17.47253,78.57006,10.6,39,0,"117","117: Uppal X Road → Ecil Bus Terminal (16 stops)"
"Uppal X Road","Secretariat",17.40126,78.56007,17.40812,78.47182,10,35,1,"71A → 113K","71A: Uppal X Road → Amberpet Gandhi Statue (7 stops) | 113K: Amberpet Gandhi Statue → Inbar (4 stops)"
"Uppal X Road","Patancheruvu",17.40126,78.56007,17.52903,78.26428,37.4,126,2,"71A → 113I/M → 113M/217","71A: Uppal X Road → Amberpet (8 stops) | 113I/M: Amberpet → Ashok Nagar (9 stops) | 113M/217: Ashok Nagar → Patancheruvu (6 stops)"
"Uppal X Road","Darul Shifa",17.40126,78.56007,17.37327,78.48299,10.6,37,0,"71A","71A: Uppal X Road → Afzalgunj (14 stops)"
"Uppal X Road","Plaza",17.40126,78.56007,17.44330,78.49066,9.1,32,1,"90D → 10JB","90D: Uppal X Road → Secunderabad Railway Station (9 stops) | 10JB: Secunderabad Railway Station → Plaza (2 stops)"
"Uppal X Road","Bluesea Cafe",17.40126,78.56007,17.43713,78.50515,7.2,25,1,"90D → 242","90D: Uppal X Road → Alugadda Bhavi (7 stops) | 242: Alugadda Bhavi → Bluesea Cafe (2 stops)"
"Uppal X Road","Tarnaka",17.40126,78.56007,17.42571,78.53223,4,14,0,"90D","90D: Uppal X Road → Tarnaka (5 stops)"
"Uppal X Road","Lb Nagar X Road",17.40126,78.56007,17.34699,78.55013,6.5,25,0,"290/186","290/186: Uppal X Road → Lb Nagar X Road (5 stops)"
"Uppal X Road","Lingampally Bs",17.40126,78.56007,17.49485,78.31689,29.7,100,3,"90D → 186 → 9EM → 224L","90D: Uppal X Road → Patny (10 stops) | 186: Patny → Kukatpally (7 stops) | 9EM: Kukatpally → Miyapur X Road (4 stops) | 224L: Miyapur X Road → Lingampally Bs (5 stops)"
"Uppal X Road","Kukatpally",17.40126,78.56007,17.48385,78.41242,19.1,65,1,"90D → 186","90D: Uppal X Road → Patny (10 stops) | 186: Patny → Kukatpally (7 stops)"
"Uppal X Road","Jublee Bus Station",17.40126,78.56007,17.44761,78.49758,8.5,31,0,"279","279: Uppal X Road → Jbs (2 stops)"
"Uppal X Road","Ibrahimpatnam Bus Station",17.40126,78.56007,17.19144,78.64766,28.7,99,2,"290/186 → 300L/279K → 401","290/186: Uppal X Road → Lb Nagar X Road (5 stops) | 300L/279K: Lb Nagar → Bongloor X Road (16 stops) | 401: Bongloor X Road → Ibrahimpatnam Bus Station (3 stops)"
"Uppal X Road","Prashanth Nagar",17.40126,78.56007,17.47378,78.42698,6.8,24,1,"90D → 3K/90L","90D: Uppal X Road → Tarnaka (5 stops) | 3K/90L: Tarnaka → Lalapet (4 stops)"
"Uppal X Road","Moosapet",17.40126,78.56007,17.47081,78.42668,19.2,65,1,"71A → 113K","71A: Uppal X Road → Amberpet Gandhi Statue (7 stops) | 113K: Amberpet Gandhi Statue → Moosapet (10 stops)"
"Uppal X Road","Cherlapally Bus Stand",17.40126,78.56007,17.46329,78.61145,11.7,42,1,"117 → 16A/281","117: Uppal X Road → Hcl X Road (14 stops) | 16A/281: Hcl X Road → Cherlapally Bus Stand (3 stops)"
"Uppal X Road","Koti Medical College",17.40126,78.56007,17.38310,78.48282,9.1,32,1,"71A → 115R","71A: Uppal X Road → Chadarghat Mch Quarters (12 stops) | 115R: Chadarghat Mch Quarters → Koti Medical College (2 stops)"
"Uppal X Road","Chadarghat",17.40126,78.56007,17.37722,78.49302,8.1,30,0,"71A","71A: Uppal X Road → Chadarghat Mch Quarters (12 stops)"
"Uppal X Road","Kachiguda X Road",17.40126,78.56007,17.39069,78.48938,8.3,29,2,"71A → 113F → 3","71A: Uppal X Road → Amberpet (8 stops) | 113F: Amberpet → Fever Hospital (4 stops) | 3: Kachiguda Station → Kachiguda X Road (2 stops)"
"Uppal X Road","Gandimaisamma",17.40126,78.56007,17.57508,78.42319,20.9,73,2,"290/186 → 72/208C → 524","290/186: Uppal X Road → Ganesh Temple (7 stops) | 72/208C: Ganesh Temple → Hayathnagar Bus Station (4 stops) | 524: Hayathnagar Bus Station → Gandimaisamma (5 stops)"
"Uppal X Road","Mehdipatnam",17.40126,78.56007,17.39527,78.43980,13.6,47,2,"71A → 113K → 6L","71A: Uppal X Road → Amberpet Gandhi Statue (7 stops) | 113K: Amberpet Gandhi Statue → Lakdikapool (5 stops) | 6L: Lakdikapool → Mehdipatnam (3 stops)"
"Uppal X Road","Bata",17.40126,78.56007,17.43600,78.49370,8.4,29,0,"90D","90D: Uppal X Road → Secunderabad Railway Station (9 stops)"
"Uppal X Road","Jntu X Rd",17.40126,78.56007,17.49672,78.39445,22.2,75,2,"90D → 186 → 10JP","90D: Uppal X Road → Patny (10 stops) | 186: Patny → Kphb Temple Bus Stop (8 stops) | 10JP: Kphb Temple Bus Stop → Jntu X Rd (3 stops)"
"Uppal X Road","Super Bazar",17.40126,78.56007,17.37193,78.50992,8.2,31,1,"71A/B → 219","71A/B: Uppal X Road → Alicafe (10 stops) | 219: Alicafe → Musarambagh (3 stops)"
"Uppal X Road","Race Course",17.40126,78.56007,17.45076,78.48820,9.9,34,1,"90D → 186","90D: Uppal X Road → Patny (10 stops) | 186: Patny → Race Course (2 stops)"
"Uppal X Road","Punjagutta",17.40126,78.56007,17.42645,78.45141,13.5,47,1,"71A → 113K","71A: Uppal X Road → Amberpet Gandhi Statue (7 stops) | 113K: Amberpet Gandhi Statue → Nims Hospital (7 stops)"
"Uppal X Road","Balanagar",17.40126,78.56007,17.46697,78.44626,15.1,51,1,"90D → 186","90D: Uppal X Road → Patny (10 stops) | 186: Patny → Balanagar (5 stops)"
"Uppal X Road","Chintal",17.40126,78.56007,17.49540,78.45210,18.3,62,2,"90D → 186 → 30S","90D: Uppal X Road → Patny (10 stops) | 186: Patny → Balanagar (5 stops) | 30S: Balanagar → Chintal (5 stops)"
"Uppal X Road","Nanal Nagar",17.40126,78.56007,17.39620,78.42700,14.9,51,2,"71A → 113K → 116G","71A: Uppal X Road → Amberpet Gandhi Statue (7 stops) | 113K: Amberpet Gandhi Statue → Lakdikapool (5 stops) | 116G: Lakdikapool → Nanal Nagar (4 stops)"
"Uppal X Road","Abids Gpo",17.40126,78.56007,17.38757,78.47617,11.6,40,1,"71A → 116G","71A: Uppal X Road → Afzalgunj (14 stops) | 116G: Afzalgunj → Abids Gpo (3 stops)"
"Uppal X Road","Kachiguda Railway Station",17.40126,78.56007,17.38950,78.49726,7.4,27,1,"71A → 113F","71A: Uppal X Road → Amberpet (8 stops) | 113F: Amberpet → Fever Hospital (4 stops)"
"Uppal X Road","Ghatkesar Bus Station",17.40126,78.56007,17.45213,78.68231,14.2,51,0,"500","500: Uppal X Road → Ghatkesar Bus Station (2 stops)"
"Uppal X Road","Chengicherla",17.40126,78.56007,17.43313,78.60845,8.2,31,1,"115RR → 18C/R","115RR: Uppal X Road → Boduppal Kamman (4 stops) | 18C/R: Boduppal Kamman → Chengicherla (9 stops)"
"Uppal X Road","Quthbullapur X Rd",17.40126,78.56007,17.49890,78.45176,18.7,64,2,"90D → 186 → 30S","90D: Uppal X Road → Patny (10 stops) | 186: Patny → Balanagar (5 stops) | 30S: Balanagar → Chintal (5 stops)"
"Uppal X Road","Shapur Nagar",17.40126,78.56007,17.51600,78.44690,21.9,74,2,"90D → 186 → 30S","90D: Uppal X Road → Patny (10 stops) | 186: Patny → Balanagar (5 stops) | 30S: Balanagar → Shapur Nagar (8 stops)"
"Uppal X Road","Panama Godown",17.40126,78.56007,17.33840,78.56864,8.8,32,0,"290/186","290/186: Uppal X Road → Panama Godown (6 stops)"
"Uppal X Road","Gachibowli X Road",17.40126,78.56007,17.43903,78.36295,23.3,79,2,"71A → 113K → 6L","71A: Uppal X Road → Amberpet Gandhi Statue (7 stops) | 113K: Amberpet Gandhi Statue → Lakdikapool (5 stops) | 6L: Lakdikapool → Gachibowli X Road (8 stops)"
"Uppal X Road","Abids Grammar School",17.40126,78.56007,17.39333,78.47625,10.3,36,2,"71A → 113K → 137","71A: Uppal X Road → Amberpet Gandhi Statue (7 stops) | 113K: Amberpet Gandhi Statue → Narayanguda (3 stops) | 137: Narayanguda → Abids Grammar School (6 stops)"
"Uppal X Road","Dilsukhnagar",17.40126,78.56007,17.36862,78.52366,6.8,26,1,"AL → 90U","AL: Uppal X Roads → Nagole X Road (2 stops) | 90U: Nagole X Road → Dilsukhnagar (8 stops)"
"Uppal X Road","Sathamrai",17.40126,78.56007,17.27452,78.40118,23.8,81,2,"71A → AA → 188","71A: Uppal X Road → Afzalgunj (14 stops) | AA: Afzalgunj → Aramghar (3 stops) | 188: Aramghar → Sathamrai (4 stops)"
"Uppal X Road","Gajularam X Road",17.40126,78.56007,17.51010,78.44771,20,68,3,"90D → 186 → 30S → 9M/X","90D: Uppal X Road → Patny (10 stops) | 186: Patny → Balanagar (5 stops) | 30S: Balanagar → Chintal (5 stops) | 9M/X: Chintal → Gajularam X Road (3 stops)"
"Uppal X Road","Rc Puram",17.40126,78.56007,17.51362,78.28780,34.3,116,2,"71A → 113I/M → 113M/217","71A: Uppal X Road → Amberpet (8 stops) | 113I/M: Amberpet → Ashok Nagar (9 stops) | 113M/217: Ashok Nagar → Rc Puram (3 stops)"
"Uppal X Road","Kphb",17.40126,78.56007,17.49456,78.40081,21.8,74,1,"90D → 186","90D: Uppal X Road → Patny (10 stops) | 186: Patny → Kphb (9 stops)"
"Uppal X Road","Pisal Banda",17.40126,78.56007,17.33995,78.50379,12,44,1,"290/186 → 300/253","290/186: Uppal X Road → Lb Nagar X Road (5 stops) | 300/253: Lb Nagar → Pisal Banda (5 stops)"
"Uppal X Road","Police Lines",17.40126,78.56007,17.44365,78.47499,10.8,37,1,"90D → 47YN","90D: Uppal X Road → Secunderabad Railway Station (9 stops) | 47YN: Secunderabad Railway Station → Police Lines (3 stops)"
"Uppal X Road","Boats Club",17.40126,78.56007,17.42644,78.48664,9.4,33,1,"90D → 251M/A","90D: Uppal X Road → Secunderabad Railway Station (9 stops) | 251M/A: Secunderabad Railway Station → Boats Club (3 stops)"
"Uppal X Road","Womens College",17.40126,78.56007,17.38481,78.48762,8.8,31,1,"71A → 71A/D","71A: Uppal X Road → Kachiguda Kamelatwd Mgbs (11 stops) | 71A/D: Kachiguda Kamelatwd Mgbs → Chadarghat (2 stops)"
"Uppal X Road","Hydernagar",17.40126,78.56007,17.49919,78.38352,22.6,77,2,"90D → 186 → 431","90D: Uppal X Road → Patny (10 stops) | 186: Patny → Kukatpally (7 stops) | 431: Kukatpally → Hydernagar (3 stops)"
"Uppal X Road","Charminar",17.40126,78.56007,17.35868,78.47403,12.5,43,1,"71A → 253M","71A: Uppal X Road → Afzalgunj (14 stops) | 253M: Afzalgunj → Charminar (3 stops)"
"Uppal X Road","Hitech City",17.40126,78.56007,17.44995,78.38257,21.9,74,2,"90D → 47YM → 10HW","90D: Uppal X Road → Secunderabad Railway Station (9 stops) | 47YM: Secunderabad Railway Station → Venkatagiri X Roads (8 stops) | 10HW: Venkatagiri X Roads → Hitech City (4 stops)"
"Uppal X Road","Ameerpet",17.40126,78.56007,17.43155,78.44765,14.1,50,1,"90D → 47YM","90D: Uppal X Road → Secunderabad Railway Station (9 stops) | 47YM: Secunderabad Railway Station → Kanaka Durga Temple (6 stops)"
"Uppal X Road","Gandipet X Road",17.40126,78.56007,17.38500,78.33100,26.4,90,2,"71A → 1JK → 120","71A: Uppal X Road → Afzalgunj (14 stops) | 1JK: Afzalgunj → Langar House (9 stops) | 120: Langar House → Gandipet X Road (13 stops)"
"Uppal X Road","Gachibowli",17.40126,78.56007,17.43966,78.36356,23.4,80,2,"71A → 113K → 6L","71A: Uppal X Road → Amberpet Gandhi Statue (7 stops) | 113K: Amberpet Gandhi Statue → Lakdikapool (5 stops) | 6L: Lakdikapool → Gachibowli X Road (8 stops)"
"Uppal X Road","Miyapur",17.40126,78.56007,17.49669,78.36077,25.1,85,2,"90D → 186 → 9EM","90D: Uppal X Road → Patny (10 stops) | 186: Patny → Kukatpally (7 stops) | 9EM: Kukatpally → Miyapur X Road (4 stops)"
"Uppal X Road","Sr Nagar",17.40126,78.56007,17.44027,78.44260,15.7,54,1,"71A → 113K","71A: Uppal X Road → Amberpet Gandhi Statue (7 stops) | 113K: Amberpet Gandhi Statue → Sr Nagar (8 stops)"
"Uppal X Road","Begumpet",17.40126,78.56007,17.10805,78.55358,38.3,133,1,"AL → 203A/479","AL: Uppal X Roads → Balapur X Road (5 stops) | 203A/479: Balapur X Road → Begumpet (17 stops)"
"Uppal X Road","Tolichowki",17.40126,78.56007,17.39924,78.41552,16.2,55,2,"71A → 113K → 116G","71A: Uppal X Road → Amberpet Gandhi Statue (7 stops) | 113K: Amberpet Gandhi Statue → Lakdikapool (5 stops) | 116G: Lakdikapool → Tolichowki (5 stops)"
"Uppal X Road","Kondapur",17.40126,78.56007,17.46392,78.36725,15.7,55,1,"500 → 280B","500: Uppal X Road → Ghatkesar Bus Station (2 stops) | 280B: Ghatkesar Bus Station → Kondapur (3 stops)"
"Uppal X Road","Madhapur",17.40126,78.56007,17.63017,78.77482,41.9,143,1,"117M → 546","117M: Uppal X Road → Kushaiguda (17 stops) | 546: Kushaiguda → Madhapur (14 stops)"
"Uppal X Road","Shamshabad",17.40126,78.56007,17.26205,78.38824,25.6,87,1,"71A → AA","71A: Uppal X Road → Afzalgunj (14 stops) | AA: Afzalgunj → Shamshabad (4 stops)"
"Boats Club","Secunderabad Railway Station",17.42644,78.48664,17.43426,78.50158,3,10,0,"8","8: Boats Club → Secunderabad Railway Station (5 stops)"
"Boats Club","Afzalgunj",17.42644,78.48664,17.37331,78.47693,6.2,21,0,"85M","85M: Boats Club → Afzalgunj (5 stops)"
"Boats Club","Alugadda Bhavi",17.42644,78.48664,17.43531,78.51438,4.3,15,1,"8 → 186","8: Boats Club → Secunderabad Railway Station (5 stops) | 186: Secunderabad Railway Station → Alugadda Bhavi (2 stops)"
"Boats Club","Patny",17.42644,78.48664,17.44318,78.49625,2.1,8,0,"8","8: Boats Club → Bata (3 stops)"
"Boats Club","Cbs",17.42644,78.48664,17.37823,78.48168,5.9,20,0,"7Z/452","7Z/452: Boats Club → Cbs (7 stops)"
"Boats Club","Erragadda",17.42644,78.48664,17.45617,78.43378,9.5,32,1,"100M → 104R/218","100M: Boats Club → Secretariat (3 stops) | 104R/218: Secretariat → Erragadda (10 stops)"
"Boats Club","Gajularamaram X Road",17.42644,78.48664,17.50941,78.44817,12.7,43,3,"8/26S → 227 → 567G → 171SM","8/26S: Boats Club → Race Course (5 stops) | 227: Race Course → Bowenpally X Road (3 stops) | 567G: Bowenpally X Road → Chintal (4 stops) | 171SM: Chintal → Gajularamaram X Road (3 stops)"
"Boats Club","Jbs",17.42644,78.48664,17.44757,78.49664,2.8,10,1,"8 → 24B","8: Boats Club → Bata (3 stops) | 24B: Bata → Jbs (2 stops)"
"Boats Club","Hayathnagar Bus Station",17.42644,78.48664,17.32732,78.60489,20.3,68,2,"7Z/449 → 277MP → 524","7Z/449: Boats Club → Abids Grammar School (5 stops) | 277MP: Abids Grammar School → Ntr Nagar (12 stops) | 524: Ntr Nagar → Hayathnagar Bus Station (8 stops)"
"Boats Club","Rathifile Bus Station",17.42644,78.48664,17.43457,78.50488,3.3,12,0,"8","8: Boats Club → Secunderabad Railway Station (5 stops)"
"Boats Club","Nampally Public Garoaden",17.42644,78.48664,17.39628,78.47082,4.3,16,0,"8M","8M: Boats Club → Public Garden (5 stops)"
"Boats Club","Lakdikapool",17.42644,78.48664,17.40361,78.46497,3.5,12,0,"5R","5R: Boats Club → Lakdikapool (4 stops)"
"Boats Club","Ecil Bus Terminal",17.42644,78.48664,17.47253,78.57006,12.4,42,1,"8 → 37/8A","8: Boats Club → Bata (3 stops) | 37/8A: Bata → Ecil Bus Terminal (8 stops)"
"Boats Club","Secretariat",17.42644,78.48664,17.40812,78.47182,2.5,9,0,"5R","5R: Boats Club → Secretariat (3 stops)"
"Boats Club","Patancheruvu",17.42644,78.48664,17.52903,78.26428,29.6,99,2,"8/26S → 431 → 219/272G","8/26S: Boats Club → Race Course (5 stops) | 431: Race Course → Hydernagar (8 stops) | 219/272G: Hydernagar → Patancheruvu (14 stops)"
"Boats Club","Darul Shifa",17.42644,78.48664,17.37327,78.48299,6.8,23,0,"85M","85M: Boats Club → Afzalgunj (5 stops)"
"Boats Club","Plaza",17.42644,78.48664,17.44330,78.49066,2.1,7,0,"8/26S","8/26S: Boats Club → Plaza (4 stops)"
"Boats Club","Bluesea Cafe",17.42644,78.48664,17.43713,78.50515,3,11,0,"5K","5K: Boats Club → Ig Statue (5 stops)"
"Boats Club","Tarnaka",17.42644,78.48664,17.42571,78.53223,6.5,22,1,"8 → 186","8: Boats Club → Secunderabad Railway Station (5 stops) | 186: Secunderabad Railway Station → Tarnaka (3 stops)"
"Boats Club","Lb Nagar X Road",17.42644,78.48664,17.34699,78.55013,16.5,56,1,"8 → 186","8: Boats Club → Secunderabad Railway Station (5 stops) | 186: Secunderabad Railway Station → Lb Nagar X Road (9 stops)"
"Boats Club","Lingampally Bs",17.42644,78.48664,17.49485,78.31689,22.7,76,2,"8/26S → 431 → 219/272G","8/26S: Boats Club → Race Course (5 stops) | 431: Race Course → Hydernagar (8 stops) | 219/272G: Hydernagar → Lingampally Bs (8 stops)"
"Boats Club","Kukatpally",17.42644,78.48664,17.48385,78.41242,12,41,1,"8/26S → 431","8/26S: Boats Club → Race Course (5 stops) | 431: Race Course → Kukatpally (6 stops)"
"Boats Club","Jublee Bus Station",17.42644,78.48664,17.44761,78.49758,4.5,16,1,"8 → AC","8: Boats Club → Secunderabad Railway Station (5 stops) | AC: Secunderabad Railway Station → Jublee Bus Station (2 stops)"
"Boats Club","Ibrahimpatnam Bus Station",17.42644,78.48664,17.19144,78.64766,37.3,125,1,"7Z/449 → 277MP","7Z/449: Boats Club → Abids Grammar School (5 stops) | 277MP: Abids Grammar School → Ibrahimpatnam Bus Station (30 stops)"
"Boats Club","Prashanth Nagar",17.42644,78.48664,17.47378,78.42698,8.2,32,1,"16R/20P → 16HP","16R/20P: Kavadiguda → Malkajgiri (13 stops) | 16HP: Malkajgiri → Prashanth Nagar (2 stops)"
"Boats Club","Moosapet",17.42644,78.48664,17.47081,78.42668,11.3,38,1,"100M → 104R/218","100M: Boats Club → Secretariat (3 stops) | 104R/218: Secretariat → Moosapet (12 stops)"
"Boats Club","Cherlapally Bus Stand",17.42644,78.48664,17.46329,78.61145,16.5,56,2,"8 → 186 → 250C/R","8: Boats Club → Secunderabad Railway Station (5 stops) | 186: Secunderabad Railway Station → Tarnaka (3 stops) | 250C/R: Tarnaka → Cherlapally Bus Stand (7 stops)"
"Boats Club","Koti Medical College",17.42644,78.48664,17.38310,78.48282,5.3,18,0,"7Z/452","7Z/452: Boats Club → Koti Medical College (6 stops)"
"Boats Club","Chadarghat",17.42644,78.48664,17.37722,78.49302,6.7,23,1,"7Z/449 → 277MP","7Z/449: Boats Club → Abids Grammar School (5 stops) | 277MP: Abids Grammar School → Chadarghat (3 stops)"
"Boats Club","Kachiguda X Road",17.42644,78.48664,17.39069,78.48938,5.2,24,1,"16R/20P → 203K","16R/20P: Kavadiguda → Musheerabad Police Station (3 stops) | 203K: Musheerbad Metro → Kachiguda X Road (7 stops)"
"Boats Club","Gandimaisamma",17.42644,78.48664,17.57508,78.42319,20.6,69,2,"8/26S → 227 → 567G","8/26S: Boats Club → Race Course (5 stops) | 227: Race Course → Bowenpally X Road (3 stops) | 567G: Bowenpally X Road → Gandimaisamma (8 stops)"
"Boats Club","Mehdipatnam",17.42644,78.48664,17.39527,78.43980,6.4,22,0,"5R","5R: Boats Club → Mehdipatnam (8 stops)"
"Boats Club","Bata",17.42644,78.48664,17.43600,78.49370,1.3,5,0,"8","8: Boats Club → Bata (3 stops)"
"Boats Club","Jntu X Rd",17.42644,78.48664,17.49672,78.39445,14.5,49,1,"8/26S → 431","8/26S: Boats Club → Race Course (5 stops) | 431: Race Course → Kphb Metro Station (7 stops)"
"Boats Club","Super Bazar",17.42644,78.48664,17.37193,78.50992,8.2,28,1,"7Z/449 → 277MP","7Z/449: Boats Club → Abids Grammar School (5 stops) | 277MP: Abids Grammar School → Super Bazar (6 stops)"
"Boats Club","Race Course",17.42644,78.48664,17.45076,78.48820,3.1,11,0,"8/26S","8/26S: Boats Club → Race Course (5 stops)"
"Boats Club","Punjagutta",17.42644,78.48664,17.42645,78.45141,5.6,19,1,"100M → 104R/218","100M: Boats Club → Secretariat (3 stops) | 104R/218: Secretariat → Punjagutta (5 stops)"
"Boats Club","Balanagar",17.42644,78.48664,17.46697,78.44626,8.1,27,1,"8/26S → 431","8/26S: Boats Club → Race Course (5 stops) | 431: Race Course → Balanagar (4 stops)"
"Boats Club","Chintal",17.42644,78.48664,17.49540,78.45210,11.1,37,2,"8/26S → 227 → 567G","8/26S: Boats Club → Race Course (5 stops) | 227: Race Course → Bowenpally X Road (3 stops) | 567G: Bowenpally X Road → Chintal (4 stops)"
"Boats Club","Nanal Nagar",17.42644,78.48664,17.39620,78.42700,7.8,27,1,"5R → 113M/217","5R: Boats Club → Mehdipatnam (8 stops) | 113M/217: Mehdipatnam → Nanal Nagar (2 stops)"
"Boats Club","Abids Gpo",17.42644,78.48664,17.38757,78.47617,4.6,16,0,"85M","85M: Boats Club → Abids Gpo (4 stops)"
"Boats Club","Kachiguda Railway Station",17.42644,78.48664,17.38950,78.49726,8.1,27,1,"7Z/452 → 65K/123","7Z/452: Boats Club → Cbs (7 stops) | 65K/123: Cbs → Kachiguda Railway Station (3 stops)"
"Boats Club","Ghatkesar Bus Station",17.42644,78.48664,17.45213,78.68231,24.6,83,2,"8 → 290/186 → 500","8: Boats Club → Secunderabad Railway Station (5 stops) | 290/186: Secunderabad Railway Station → Uppal X Road (6 stops) | 500: Uppal X Road → Ghatkesar Bus Station (2 stops)"
"Boats Club","Chengicherla",17.42644,78.48664,17.43313,78.60845,18.6,63,3,"8 → 290/186 → 115RR → 18C/R","8: Boats Club → Secunderabad Railway Station (5 stops) | 290/186: Secunderabad Railway Station → Uppal X Road (6 stops) | 115RR: Uppal X Road → Boduppal Kamman (4 stops) | 18C/R: Boduppal Kamman → Chengicherla (9 stops)"
"Boats Club","Quthbullapur X Rd",17.42644,78.48664,17.49890,78.45176,11.5,39,2,"8/26S → 227 → 567G","8/26S: Boats Club → Race Course (5 stops) | 227: Race Course → Bowenpally X Road (3 stops) | 567G: Bowenpally X Road → Chintal (4 stops)"
"Boats Club","Shapur Nagar",17.42644,78.48664,17.51600,78.44690,13.5,45,2,"8/26S → 227 → 567G","8/26S: Boats Club → Race Course (5 stops) | 227: Race Course → Bowenpally X Road (3 stops) | 567G: Bowenpally X Road → Shapur Nagar (5 stops)"
"Boats Club","Panama Godown",17.42644,78.48664,17.33840,78.56864,16.3,55,2,"7Z/449 → 277MP → 524","7Z/449: Boats Club → Abids Grammar School (5 stops) | 277MP: Abids Grammar School → Ntr Nagar (12 stops) | 524: Ntr Nagar → Panama Godown (4 stops)"
"Boats Club","Gachibowli X Road",17.42644,78.48664,17.43903,78.36295,16.2,55,1,"5R → 10W","5R: Boats Club → Mehdipatnam (8 stops) | 10W: Mehdipatnam → Gachibowli X Road (10 stops)"
"Boats Club","Abids Grammar School",17.42644,78.48664,17.39333,78.47625,3.9,14,0,"7Z/449","7Z/449: Boats Club → Abids Grammar School (5 stops)"
"Boats Club","Dilsukhnagar",17.42644,78.48664,17.36862,78.52366,9.8,33,1,"7Z/449 → 277MP","7Z/449: Boats Club → Abids Grammar School (5 stops) | 277MP: Abids Grammar School → Dilsukhnagar (8 stops)"
"Boats Club","Sathamrai",17.42644,78.48664,17.27452,78.40118,20.7,70,0,"85M","85M: Boats Club → Sathamrai (12 stops)"
"Boats Club","Gajularam X Road",17.42644,78.48664,17.51010,78.44771,12.8,43,3,"8/26S → 227 → 567G → 9M/X","8/26S: Boats Club → Race Course (5 stops) | 227: Race Course → Bowenpally X Road (3 stops) | 567G: Bowenpally X Road → Chintal (4 stops) | 9M/X: Chintal → Gajularam X Road (3 stops)"
"Boats Club","Rc Puram",17.42644,78.48664,17.51362,78.28780,26.6,89,2,"8/26S → 431 → 219/272G","8/26S: Boats Club → Race Course (5 stops) | 431: Race Course → Hydernagar (8 stops) | 219/272G: Hydernagar → Rc Puram (12 stops)"
"Boats Club","Kphb",17.42644,78.48664,17.49456,78.40081,13.8,47,1,"8/26S → 431","8/26S: Boats Club → Race Course (5 stops) | 431: Race Course → Kphb Metro Station (7 stops)"
"Boats Club","Pisal Banda",17.42644,78.48664,17.33995,78.50379,11.2,38,3,"7Z/449 → 277MP → 277K → 460","7Z/449: Boats Club → Abids Grammar School (5 stops) | 277MP: Abids Grammar School → Chadarghat (3 stops) | 277K: Chadarghat → Is Sadan (5 stops) | 460: Is Sadan → Pisal Banda (3 stops)"
"Boats Club","Police Lines",17.42644,78.48664,17.44365,78.47499,3.1,13,1,"8C → 147","8C: Boats Club → Paradise (3 stops) | 147: Paradise Metro Station → Police Lines (2 stops)"
"Boats Club","Uppal X Road",17.42644,78.48664,17.40126,78.56007,10.7,36,1,"8 → 290/186","8: Boats Club → Secunderabad Railway Station (5 stops) | 290/186: Secunderabad Railway Station → Uppal X Road (6 stops)"
"Boats Club","Womens College",17.42644,78.48664,17.38481,78.48762,5.6,20,0,"7Z/449","7Z/449: Boats Club → Koti Bank Strret (6 stops)"
"Boats Club","Hydernagar",17.42644,78.48664,17.49919,78.38352,15.6,53,1,"8/26S → 431","8/26S: Boats Club → Race Course (5 stops) | 431: Race Course → Hydernagar (8 stops)"
"Boats Club","Charminar",17.42644,78.48664,17.35868,78.47403,8.7,30,1,"85M → 253M","85M: Boats Club → Afzalgunj (5 stops) | 253M: Darul Shifa → Charminar (2 stops)"
"Boats Club","Hitech City",17.42644,78.48664,17.44995,78.38257,15.4,52,1,"5R → 222A","5R: Boats Club → Mahavir Hospital (5 stops) | 222A: Mahavir Hospital → Hitech City (15 stops)"
"Boats Club","Ameerpet",17.42644,78.48664,17.43155,78.44765,6.4,22,1,"100M → 104R/218","100M: Boats Club → Secretariat (3 stops) | 104R/218: Secretariat → Ameerpet (6 stops)"
"Boats Club","Gandipet X Road",17.42644,78.48664,17.38500,78.33100,19.6,67,2,"5R → 65M/123 → 505","5R: Boats Club → Mehdipatnam (8 stops) | 65M/123: Mehdipatnam → Narsingi (11 stops) | 505: Narsingi → Gandipet X Road (4 stops)"
"Boats Club","Gachibowli",17.42644,78.48664,17.43966,78.36356,16.3,56,1,"5R → 10W","5R: Boats Club → Mehdipatnam (8 stops) | 10W: Mehdipatnam → Gachibowli X Road (10 stops)"
"Boats Club","Miyapur",17.42644,78.48664,17.49669,78.36077,18.3,62,2,"8/26S → 431 → 10MN","8/26S: Boats Club → Race Course (5 stops) | 431: Race Course → Hydernagar (8 stops) | 10MN: Hydernagar → Miyapur (2 stops)"
"Boats Club","Sr Nagar",17.42644,78.48664,17.44027,78.44260,7.9,27,1,"100M → 104R/218","100M: Boats Club → Secretariat (3 stops) | 104R/218: Secretariat → Sr Nagar (8 stops)"
"Boats Club","Begumpet",17.42644,78.48664,17.10805,78.55358,43.2,145,2,"85M → 8A/253M → 478","85M: Boats Club → Afzalgunj (5 stops) | 8A/253M: Darul Shifa → Imamguda (15 stops) | 478: Imamguda → Begumpet (7 stops)"
"Boats Club","Tolichowki",17.42644,78.48664,17.39924,78.41552,9,31,1,"5R → 116","5R: Boats Club → Mehdipatnam (8 stops) | 116: Mehdipatnam → Tolichowki (3 stops)"
"Boats Club","Kondapur",17.42644,78.48664,17.46392,78.36725,17.9,61,1,"5R → 222A","5R: Boats Club → Mahavir Hospital (5 stops) | 222A: Mahavir Hospital → Kondapur (20 stops)"
"Boats Club","Madhapur",17.42644,78.48664,17.63017,78.77482,43.7,146,2,"8 → 37/8A → 546","8: Boats Club → Bata (3 stops) | 37/8A: Bata → Kushaiguda (9 stops) | 546: Kushaiguda → Madhapur (14 stops)"
"Boats Club","Shamshabad",17.42644,78.48664,17.26205,78.38824,22.7,76,0,"85M","85M: Boats Club → Shamshabad (13 stops)"
"Womens College","Secunderabad Railway Station",17.38481,78.48762,17.43426,78.50158,6.4,23,0,"1/25S","1/25S: Koti Maternity Hospital → Secunderabad Railway Station (11 stops)"
"Womens College","Afzalgunj",17.38481,78.48762,17.37331,78.47693,2,10,0,"3","3: Koti Maternity Hospital → Afzalganj Central Library (4 stops)"
"Womens College","Alugadda Bhavi",17.38481,78.48762,17.43531,78.51438,7.8,27,1,"1/25S → 186","1/25S: Koti Maternity Hospital → Secunderabad Railway Station (11 stops) | 186: Secunderabad Railway Station → Alugadda Bhavi (2 stops)"
"Womens College","Patny",17.38481,78.48762,17.44318,78.49625,7.5,26,0,"1/25S","1/25S: Koti Maternity Hospital → Patny (12 stops)"
"Womens College","Cbs",17.38481,78.48762,17.37823,78.48168,1.2,6,0,"3","3: Koti Maternity Hospital → Cbs (3 stops)"
"Womens College","Erragadda",17.38481,78.48762,17.45617,78.43378,10.4,35,1,"104R/127K → 113K","104R/127K: Womens College → Lakdikapool (7 stops) | 113K: Lakdikapool → Erragadda (5 stops)"
"Womens College","Gajularamaram X Road",17.38481,78.48762,17.50941,78.44817,18.7,64,2,"1/25S → 567G → 171SM","1/25S: Koti Maternity Hospital → Secunderabad Railway Station (11 stops) | 567G: Secunderabad Railway Station → Chintal (7 stops) | 171SM: Chintal → Gajularamaram X Road (3 stops)"
"Womens College","Jbs",17.38481,78.48762,17.44757,78.49664,8.2,29,0,"1/25S","1/25S: Koti Maternity Hospital → Jbs (13 stops)"
"Womens College","Hayathnagar Bus Station",17.38481,78.48762,17.32732,78.60489,14.9,50,0,"205J","205J: Womens College → Hayathnagar Bus Station (23 stops)"
"Womens College","Rathifile Bus Station",17.38481,78.48762,17.43457,78.50488,6.1,22,0,"102","102: Koti Maternity Hospital → Rathifile Bus Station (11 stops)"
"Womens College","Nampally Public Garoaden",17.38481,78.48762,17.39628,78.47082,2.6,9,0,"104R/127K","104R/127K: Womens College → Nampally Public Garoaden (5 stops)"
"Womens College","Lakdikapool",17.38481,78.48762,17.40361,78.46497,3.7,13,0,"104R/127K","104R/127K: Womens College → Lakdikapool (7 stops)"
"Womens College","Ecil Bus Terminal",17.38481,78.48762,17.47253,78.57006,14.1,49,0,"3","3: Koti Maternity Hospital → Ecil (19 stops)"
"Womens College","Secretariat",17.38481,78.48762,17.40812,78.47182,3.8,13,1,"104R/127K → 277S","104R/127K: Womens College → Nampally Railway Station (4 stops) | 277S: Nampally Railway Station → Secretariat (2 stops)"
"Womens College","Patancheruvu",17.38481,78.48762,17.52903,78.26428,30.8,104,0,"116N/220K","116N/220K: Koti Medical College → Patancheruvu (35 stops)"
"Womens College","Darul Shifa",17.38481,78.48762,17.37327,78.48299,2.6,10,1,"3 → 2U","3: Koti Maternity Hospital → Cbs (3 stops) | 2U: Cbs → Darul Shifa (3 stops)"
"Womens College","Plaza",17.38481,78.48762,17.44330,78.49066,7.9,28,1,"1/25S → 10JB","1/25S: Koti Maternity Hospital → Secunderabad Railway Station (11 stops) | 10JB: Secunderabad Railway Station → Plaza (2 stops)"
"Womens College","Bluesea Cafe",17.38481,78.48762,17.43713,78.50515,6.4,23,0,"102","102: Koti Maternity Hospital → Rathifile Bus Station (11 stops)"
"Womens College","Tarnaka",17.38481,78.48762,17.42571,78.53223,7.3,26,0,"3","3: Koti Maternity Hospital → Tarnaka (11 stops)"
"Womens College","Lb Nagar X Road",17.38481,78.48762,17.34699,78.55013,8.8,30,0,"205J","205J: Womens College → Lb Nagar X Road (13 stops)"
"Womens College","Lingampally Bs",17.38481,78.48762,17.49485,78.31689,24.1,83,0,"116N/220K","116N/220K: Koti Medical College → Bhel-Lingampally (28 stops)"
"Womens College","Kukatpally",17.38481,78.48762,17.48385,78.41242,14.3,48,1,"104R/127K → 113K","104R/127K: Womens College → Lakdikapool (7 stops) | 113K: Lakdikapool → Kukatpally (7 stops)"
"Womens College","Jublee Bus Station",17.38481,78.48762,17.44761,78.49758,7.9,28,1,"1/25S → AC","1/25S: Koti Maternity Hospital → Secunderabad Railway Station (11 stops) | AC: Secunderabad Railway Station → Jublee Bus Station (2 stops)"
"Womens College","Ibrahimpatnam Bus Station",17.38481,78.48762,17.19144,78.64766,30.1,101,2,"205J → 277Y → 401","205J: Womens College → Chadarghat (2 stops) | 277Y: Chadarghat → Turkyamjal (10 stops) | 401: Turkyamjal → Ibrahimpatnam Bus Station (4 stops)"
"Womens College","Prashanth Nagar",17.38481,78.48762,17.47378,78.42698,10.2,36,0,"3","3: Koti Maternity Hospital → Lalapet (14 stops)"
"Womens College","Moosapet",17.38481,78.48762,17.47081,78.42668,12.2,41,1,"104R/127K → 113K","104R/127K: Womens College → Lakdikapool (7 stops) | 113K: Lakdikapool → Moosapet (6 stops)"
"Womens College","Cherlapally Bus Stand",17.38481,78.48762,17.46329,78.61145,17.6,60,1,"203A/3K → 250C/R","203A/3K: Koti Maternity Hospital → Mallapur (15 stops) | 250C/R: Mallapur → Cherlapally Bus Stand (4 stops)"
"Womens College","Koti Medical College",17.38481,78.48762,17.38310,78.48282,0.5,2,0,"",""
"Womens College","Chadarghat",17.38481,78.48762,17.37722,78.49302,1.2,5,0,"205J","205J: Womens College → Chadarghat (2 stops)"
"Womens College","Kachiguda X Road",17.38481,78.48762,17.39069,78.48938,3.1,12,0,"3","3: Koti Maternity Hospital → Kachiguda X Road (5 stops)"
"Womens College","Gandimaisamma",17.38481,78.48762,17.57508,78.42319,22.5,76,0,"205J","205J: Womens College → Gandimaisamma (28 stops)"
"Womens College","Mehdipatnam",17.38481,78.48762,17.39527,78.43980,5.5,19,0,"116N","116N: Koti Medical College → Mehdipatnam (8 stops)"
"Womens College","Bata",17.38481,78.48762,17.43600,78.49370,6.6,24,0,"40V","40V: Koti Maternity Hospital → Bata (15 stops)"
"Womens College","Jntu X Rd",17.38481,78.48762,17.49672,78.39445,16.7,57,1,"104R/127K → 113K","104R/127K: Womens College → Lakdikapool (7 stops) | 113K: Lakdikapool → Kphb Main Road (8 stops)"
"Womens College","Super Bazar",17.38481,78.48762,17.37193,78.50992,2.7,10,0,"205J","205J: Womens College → Super Bazar (4 stops)"
"Womens College","Race Course",17.38481,78.48762,17.45076,78.48820,9.2,32,1,"1/25S → 171","1/25S: Koti Maternity Hospital → Patny (12 stops) | 171: Patny → Race Course (3 stops)"
"Womens College","Punjagutta",17.38481,78.48762,17.42645,78.45141,6.5,22,1,"104R/127K → 113K","104R/127K: Womens College → Lakdikapool (7 stops) | 113K: Lakdikapool → Nims Hospital (3 stops)"
"Womens College","Balanagar",17.38481,78.48762,17.46697,78.44626,14,48,1,"1/25S → 567G","1/25S: Koti Maternity Hospital → Secunderabad Railway Station (11 stops) | 567G: Secunderabad Railway Station → Balanagar (5 stops)"
"Womens College","Chintal",17.38481,78.48762,17.49540,78.45210,17.1,58,1,"1/25S → 567G","1/25S: Koti Maternity Hospital → Secunderabad Railway Station (11 stops) | 567G: Secunderabad Railway Station → Chintal (7 stops)"
"Womens College","Nanal Nagar",17.38481,78.48762,17.39620,78.42700,6.9,24,0,"216","216: Koti Medical College → Nanal Nagar (9 stops)"
"Womens College","Abids Gpo",17.38481,78.48762,17.38757,78.47617,1.3,5,0,"104R/127K","104R/127K: Womens College → Abids Gpo (3 stops)"
"Womens College","Kachiguda Railway Station",17.38481,78.48762,17.38950,78.49726,1.8,9,0,"3","3: Koti Maternity Hospital → Tourist Hotel (3 stops)"
"Womens College","Ghatkesar Bus Station",17.38481,78.48762,17.45213,78.68231,23.2,79,2,"3 → 113Z/M → 500","3: Koti Maternity Hospital → Fever Hospital (5 stops) | 113Z/M: Fever Hospital → Uppal X Road (10 stops) | 500: Uppal X Road → Ghatkesar Bus Station (2 stops)"
"Womens College","Chengicherla",17.38481,78.48762,17.43313,78.60845,16.5,56,3,"3 → 113Z/M → 284P → 18CR","3: Koti Maternity Hospital → Fever Hospital (5 stops) | 113Z/M: Fever Hospital → Uppal Bus Station (12 stops) | 284P: Uppal Bus Station → Medipally (3 stops) | 18CR: Medipally → Chengicherla (3 stops)"
"Womens College","Quthbullapur X Rd",17.38481,78.48762,17.49890,78.45176,17.5,60,1,"1/25S → 567G","1/25S: Koti Maternity Hospital → Secunderabad Railway Station (11 stops) | 567G: Secunderabad Railway Station → Chintal (7 stops)"
"Womens College","Shapur Nagar",17.38481,78.48762,17.51600,78.44690,19.4,66,1,"1/25S → 567G","1/25S: Koti Maternity Hospital → Secunderabad Railway Station (11 stops) | 567G: Secunderabad Railway Station → Shapur Nagar (8 stops)"
"Womens College","Panama Godown",17.38481,78.48762,17.33840,78.56864,10.8,37,0,"205J","205J: Womens College → Panama Godown (16 stops)"
"Womens College","Gachibowli X Road",17.38481,78.48762,17.43903,78.36295,15.3,52,0,"116N/220K","116N/220K: Koti Medical College → Gachibowli X Road (17 stops)"
"Womens College","Abids Grammar School",17.38481,78.48762,17.39333,78.47625,3.4,12,1,"104R/127K → 1M/D","104R/127K: Womens College → Nampally Railway Station (4 stops) | 1M/D: Nampally Railway Station → Abids Grammar School (3 stops)"
"Womens College","Dilsukhnagar",17.38481,78.48762,17.36862,78.52366,4.3,15,0,"205J","205J: Womens College → Dilsukhnagar (6 stops)"
"Womens College","Sathamrai",17.38481,78.48762,17.27452,78.40118,17.9,61,1,"3KN/95 → 188","3KN/95: Koti Maternity Hospital → Ag College (16 stops) | 188: Ag College → Sathamrai (3 stops)"
"Womens College","Gajularam X Road",17.38481,78.48762,17.51010,78.44771,18.8,64,2,"1/25S → 567G → 9M/X","1/25S: Koti Maternity Hospital → Secunderabad Railway Station (11 stops) | 567G: Secunderabad Railway Station → Chintal (7 stops) | 9M/X: Chintal → Gajularam X Road (3 stops)"
"Womens College","Rc Puram",17.38481,78.48762,17.51362,78.28780,27.7,93,0,"116N/220K","116N/220K: Koti Medical College → Rc Puram (32 stops)"
"Womens College","Kphb",17.38481,78.48762,17.49456,78.40081,16,57,1,"104R/127K → 113K","104R/127K: Womens College → Lakdikapool (7 stops) | 113K: Lakdikapool → Kphb Main Road (8 stops)"
"Womens College","Pisal Banda",17.38481,78.48762,17.33995,78.50379,5.7,20,2,"205J → 277K → 460","205J: Womens College → Chadarghat (2 stops) | 277K: Chadarghat → Is Sadan (5 stops) | 460: Is Sadan → Pisal Banda (3 stops)"
"Womens College","Police Lines",17.38481,78.48762,17.44365,78.47499,9.6,33,1,"1/25S → 47YN","1/25S: Koti Maternity Hospital → Secunderabad Railway Station (11 stops) | 47YN: Secunderabad Railway Station → Police Lines (3 stops)"
"Womens College","Uppal X Road",17.38481,78.48762,17.40126,78.56007,9.3,32,1,"3 → 113Z/M","3: Koti Maternity Hospital → Fever Hospital (5 stops) | 113Z/M: Fever Hospital → Uppal X Road (10 stops)"
"Womens College","Boats Club",17.38481,78.48762,17.42644,78.48664,5.6,24,0,"40V","40V: Koti Maternity Hospital → Kavadiguda Tws Secunderabad (13 stops)"
"Womens College","Hydernagar",17.38481,78.48762,17.49919,78.38352,17.8,60,2,"104R/127K → 113K → 10MN","104R/127K: Womens College → Lakdikapool (7 stops) | 113K: Lakdikapool → Kphb Main Road (8 stops) | 10MN: Kphb Main Road → Hydernagar (3 stops)"
"Womens College","Charminar",17.38481,78.48762,17.35868,78.47403,4.8,18,1,"3 → 2U","3: Koti Maternity Hospital → Cbs (3 stops) | 2U: Cbs → Charminar (7 stops)"
"Womens College","Hitech City",17.38481,78.48762,17.44995,78.38257,15,51,1,"104R/127K → 127K","104R/127K: Womens College → Dr Br Ambedkar University (15 stops) | 127K: Dr Br Ambedkar University → Hitech City (6 stops)"
"Womens College","Ameerpet",17.38481,78.48762,17.43155,78.44765,7.3,25,2,"104R/127K → 113K → 83J/A","104R/127K: Womens College → Lakdikapool (7 stops) | 113K: Lakdikapool → Nims Hospital (3 stops) | 83J/A: Nims Hospital → Ameerpet (3 stops)"
"Womens College","Gandipet X Road",17.38481,78.48762,17.38500,78.33100,18.4,63,2,"3 → 1JK → 94/220K","3: Koti Maternity Hospital → Cbs (3 stops) | 1JK: Cbs → Langar House (10 stops) | 94/220K: Langar House → Gandipet X Road (13 stops)"
"Womens College","Gachibowli",17.38481,78.48762,17.43966,78.36356,15.4,53,0,"116N/220K","116N/220K: Koti Medical College → Gachibowli X Road (17 stops)"
"Womens College","Miyapur",17.38481,78.48762,17.49669,78.36077,20.6,69,2,"104R/127K → 113K → 10MN","104R/127K: Womens College → Lakdikapool (7 stops) | 113K: Lakdikapool → Kphb Main Road (8 stops) | 10MN: Kphb Main Road → Miyapur (4 stops)"
"Womens College","Sr Nagar",17.38481,78.48762,17.44027,78.44260,8.8,30,1,"104R/127K → 113K","104R/127K: Womens College → Lakdikapool (7 stops) | 113K: Lakdikapool → Sr Nagar (4 stops)"
"Womens College","Begumpet",17.38481,78.48762,17.10805,78.55358,38.9,131,3,"205J → 277K → 540MA → 478","205J: Womens College → Chadarghat (2 stops) | 277K: Chadarghat → Is Sadan (5 stops) | 540MA: Is Sadan → Imamguda (10 stops) | 478: Imamguda → Begumpet (7 stops)"
"Womens College","Tolichowki",17.38481,78.48762,17.39924,78.41552,8.2,28,0,"216","216: Koti Medical College → Tolichowki (10 stops)"
"Womens College","Kondapur",17.38481,78.48762,17.46392,78.36725,17.5,59,1,"104R/127K → 127R/K","104R/127K: Womens College → Dr Br Ambedkar University (15 stops) | 127R/K: Dr Br Ambedkar University → Kondapur (11 stops)"
"Womens College","Madhapur",17.38481,78.48762,17.63017,78.77482,45.4,153,1,"3 → 546","3: Koti Maternity Hospital → Kushaiguda (20 stops) | 546: Kushaiguda → Madhapur (14 stops)"
"Womens College","Shamshabad",17.38481,78.48762,17.26205,78.38824,19.7,67,1,"3KN/95 → AA","3KN/95: Koti Maternity Hospital → Aramghar (15 stops) | AA: Aramghar → Shamshabad (2 stops)"
"Hydernagar","Secunderabad Railway Station",17.49919,78.38352,17.43426,78.50158,15.6,53,0,"219","219: Hydernagar → Secunderabad Railway Station (16 stops)"
"Hydernagar","Afzalgunj",17.49919,78.38352,17.37331,78.47693,18.2,62,3,"224/47D → 113K → 127N → 8","224/47D: Hydernagar → Sr Nagar (8 stops) | 113K: Sr Nagar → Telephone Bhavan (4 stops) | 127N: Telephone Bhavan → Abids Grammar School (3 stops) | 8: Abids Grammar School → Afzalgunj (4 stops)"
"Hydernagar","Alugadda Bhavi",17.49919,78.38352,17.43531,78.51438,16.9,57,1,"219 → 186","219: Hydernagar → Secunderabad Railway Station (16 stops) | 186: Secunderabad Railway Station → Alugadda Bhavi (2 stops)"
"Hydernagar","Patny",17.49919,78.38352,17.44318,78.49625,14.4,49,0,"219","219: Hydernagar → Patny (15 stops)"
"Hydernagar","Cbs",17.49919,78.38352,17.37823,78.48168,17.8,60,2,"224/47D → 113K → 116G","224/47D: Hydernagar → Sr Nagar (8 stops) | 113K: Sr Nagar → Telephone Bhavan (4 stops) | 116G: Assembly → Cbs (3 stops)"
"Hydernagar","Erragadda",17.49919,78.38352,17.45617,78.43378,7.5,25,0,"10MN","10MN: Hydernagar → Erragadda (6 stops)"
"Hydernagar","Gajularamaram X Road",17.49919,78.38352,17.50941,78.44817,9.7,33,1,"219 → 171KJ","219: Hydernagar → Kphb (3 stops) | 171KJ: Kphb → Gajularamaram X Road (14 stops)"
"Hydernagar","Jbs",17.49919,78.38352,17.44757,78.49664,14,49,1,"219 → 511","219: Hydernagar → Tadbund (12 stops) | 511: Tadbund → Jublee Bus Station (2 stops)"
"Hydernagar","Hayathnagar Bus Station",17.49919,78.38352,17.32732,78.60489,35.9,121,2,"219 → 186 → 72/208C","219: Hydernagar → Secunderabad Railway Station (16 stops) | 186: Secunderabad Railway Station → Lb Nagar X Road (9 stops) | 72/208C: Lb Nagar X Road → Hayathnagar Bus Station (10 stops)"
"Hydernagar","Rathifile Bus Station",17.49919,78.38352,17.43457,78.50488,15.9,54,0,"219","219: Hydernagar → Rathifile Bus Station (17 stops)"
"Hydernagar","Nampally Public Garoaden",17.49919,78.38352,17.39628,78.47082,15.4,53,1,"224/47D → 113K","224/47D: Hydernagar → Sr Nagar (8 stops) | 113K: Sr Nagar → Telephone Bhavan (4 stops)"
"Hydernagar","Lakdikapool",17.49919,78.38352,17.40361,78.46497,13.9,47,1,"224/47D → 113K","224/47D: Hydernagar → Sr Nagar (8 stops) | 113K: Sr Nagar → Khairatabad (3 stops)"
"Hydernagar","Ecil Bus Terminal",17.49919,78.38352,17.47253,78.57006,24.8,86,1,"219 → 37/8A","219: Hydernagar → Patny (15 stops) | 37/8A: Clock Tower → Ecil Bus Terminal (7 stops)"
"Hydernagar","Secretariat",17.49919,78.38352,17.40812,78.47182,14.6,50,1,"224/47D → 113K","224/47D: Hydernagar → Sr Nagar (8 stops) | 113K: Sr Nagar → Telephone Bhavan (4 stops)"
"Hydernagar","Patancheruvu",17.49919,78.38352,17.52903,78.26428,14,47,0,"219/272G","219/272G: Hydernagar → Patancheruvu (14 stops)"
"Hydernagar","Darul Shifa",17.49919,78.38352,17.37327,78.48299,18.8,64,3,"224/47D → 113K → 127N → 8A","224/47D: Hydernagar → Sr Nagar (8 stops) | 113K: Sr Nagar → Telephone Bhavan (4 stops) | 127N: Telephone Bhavan → Abids Grammar School (3 stops) | 8A: Abids Grammar School → Darul Shifa (5 stops)"
"Hydernagar","Plaza",17.49919,78.38352,17.44330,78.49066,13.8,47,0,"219","219: Hydernagar → Plaza (14 stops)"
"Hydernagar","Bluesea Cafe",17.49919,78.38352,17.43713,78.50515,15.6,53,1,"219 → 227G","219: Hydernagar → Patny (15 stops) | 227G: Patny → Bluesea Cafe (3 stops)"
"Hydernagar","Tarnaka",17.49919,78.38352,17.42571,78.53223,19.1,65,1,"219 → 186","219: Hydernagar → Secunderabad Railway Station (16 stops) | 186: Secunderabad Railway Station → Tarnaka (3 stops)"
"Hydernagar","Lb Nagar X Road",17.49919,78.38352,17.34699,78.55013,29.1,98,1,"219 → 186","219: Hydernagar → Secunderabad Railway Station (16 stops) | 186: Secunderabad Railway Station → Lb Nagar X Road (9 stops)"
"Hydernagar","Lingampally Bs",17.49919,78.38352,17.49485,78.31689,7.1,24,0,"219/272G","219/272G: Hydernagar → Lingampally Bs (8 stops)"
"Hydernagar","Kukatpally",17.49919,78.38352,17.48385,78.41242,3.6,12,0,"10MN","10MN: Hydernagar → Kukatpally (4 stops)"
"Hydernagar","Jublee Bus Station",17.49919,78.38352,17.44761,78.49758,13.9,47,1,"219 → 511","219: Hydernagar → Tadbund (12 stops) | 511: Tadbund → Jublee Bus Station (2 stops)"
"Hydernagar","Ibrahimpatnam Bus Station",17.49919,78.38352,17.19144,78.64766,49.2,165,3,"224/47D → 113K → 127N → 277MP","224/47D: Hydernagar → Sr Nagar (8 stops) | 113K: Sr Nagar → Telephone Bhavan (4 stops) | 127N: Telephone Bhavan → Abids Grammar School (3 stops) | 277MP: Abids Grammar School → Ibrahimpatnam Bus Station (30 stops)"
"Hydernagar","Prashanth Nagar",17.49919,78.38352,17.47378,78.42698,5.6,22,0,"219","219: Hydernagar → Prashanth Ngr (5 stops)"
"Hydernagar","Moosapet",17.49919,78.38352,17.47081,78.42668,5.5,19,0,"224/47D","224/47D: Hydernagar → Moosapet (5 stops)"
"Hydernagar","Cherlapally Bus Stand",17.49919,78.38352,17.46329,78.61145,29.1,98,2,"219 → 186 → 250C/R","219: Hydernagar → Secunderabad Railway Station (16 stops) | 186: Secunderabad Railway Station → Tarnaka (3 stops) | 250C/R: Tarnaka → Cherlapally Bus Stand (7 stops)"
"Hydernagar","Koti Medical College",17.49919,78.38352,17.38310,78.48282,17.2,59,3,"224/47D → 113K → 127N → 218I","224/47D: Hydernagar → Sr Nagar (8 stops) | 113K: Sr Nagar → Telephone Bhavan (4 stops) | 127N: Telephone Bhavan → Abids Grammar School (3 stops) | 218I: Abids Grammar School → Koti Medical College (2 stops)"
"Hydernagar","Chadarghat",17.49919,78.38352,17.37722,78.49302,18.7,63,3,"224/47D → 113K → 127N → 277MP","224/47D: Hydernagar → Sr Nagar (8 stops) | 113K: Sr Nagar → Telephone Bhavan (4 stops) | 127N: Telephone Bhavan → Abids Grammar School (3 stops) | 277MP: Abids Grammar School → Chadarghat (3 stops)"
"Hydernagar","Kachiguda X Road",17.49919,78.38352,17.39069,78.48938,19.8,68,2,"224/47D → 113K → 83/272","224/47D: Hydernagar → Sr Nagar (8 stops) | 113K: Sr Nagar → Telephone Bhavan (4 stops) | 83/272: Telephone Bhavan → Kachiguda X Road (13 stops)"
"Hydernagar","Gandimaisamma",17.49919,78.38352,17.57508,78.42319,16.5,55,1,"10KH → 219/229","10KH: Hydernagar → Makta (4 stops) | 219/229: Makta → Gandimaisamma (10 stops)"
"Hydernagar","Mehdipatnam",17.49919,78.38352,17.39527,78.43980,15.1,51,1,"224/47D → 19KA","224/47D: Hydernagar → Punjagutta (9 stops) | 19KA: Punjagutta → Mehdipatnam (3 stops)"
"Hydernagar","Bata",17.49919,78.38352,17.43600,78.49370,15.2,52,0,"219","219: Hydernagar → Patny (15 stops)"
"Hydernagar","Jntu X Rd",17.49919,78.38352,17.49672,78.39445,1.2,5,0,"219","219: Hydernagar → Jntu X Rd (2 stops)"
"Hydernagar","Super Bazar",17.49919,78.38352,17.37193,78.50992,20.2,68,3,"224/47D → 113K → 127N → 277MP","224/47D: Hydernagar → Sr Nagar (8 stops) | 113K: Sr Nagar → Telephone Bhavan (4 stops) | 127N: Telephone Bhavan → Abids Grammar School (3 stops) | 277MP: Abids Grammar School → Super Bazar (6 stops)"
"Hydernagar","Race Course",17.49919,78.38352,17.45076,78.48820,13,44,0,"219","219: Hydernagar → Race Course (13 stops)"
"Hydernagar","Punjagutta",17.49919,78.38352,17.42645,78.45141,11.4,39,0,"224/47D","224/47D: Hydernagar → Punjagutta (9 stops)"
"Hydernagar","Balanagar",17.49919,78.38352,17.46697,78.44626,7.7,27,0,"219/27G","219/27G: Hydernagar → Balanagar (6 stops)"
"Hydernagar","Chintal",17.49919,78.38352,17.49540,78.45210,10.8,37,0,"219/27G","219/27G: Hydernagar → Chintal (10 stops)"
"Hydernagar","Nanal Nagar",17.49919,78.38352,17.39620,78.42700,15.8,54,1,"195W → 49MG","195W: Nizampet X Road → Biodiversity (7 stops) | 49MG: Biodiversity → Nanal Nagar (7 stops)"
"Hydernagar","Abids Gpo",17.49919,78.38352,17.38757,78.47617,18.2,62,2,"224/47D → 113K → 127N","224/47D: Hydernagar → Sr Nagar (8 stops) | 113K: Sr Nagar → Telephone Bhavan (4 stops) | 127N: Telephone Bhavan → Abids Gpo (6 stops)"
"Hydernagar","Kachiguda Railway Station",17.49919,78.38352,17.38950,78.49726,18.6,66,2,"224/47D → 113K → 83/272","224/47D: Hydernagar → Sr Nagar (8 stops) | 113K: Sr Nagar → Telephone Bhavan (4 stops) | 83/272: Telephone Bhavan → Tourist Hotel (11 stops)"
"Hydernagar","Ghatkesar Bus Station",17.49919,78.38352,17.45213,78.68231,37.2,125,2,"219 → 290/186 → 500","219: Hydernagar → Secunderabad Railway Station (16 stops) | 290/186: Secunderabad Railway Station → Uppal X Road (6 stops) | 500: Uppal X Road → Ghatkesar Bus Station (2 stops)"
"Hydernagar","Chengicherla",17.49919,78.38352,17.43313,78.60845,31.8,107,3,"224/47D → 113K → 284P → 18CR","224/47D: Hydernagar → Sr Nagar (8 stops) | 113K: Sr Nagar → Uppal Bus Station (11 stops) | 284P: Uppal Bus Station → Medipally (3 stops) | 18CR: Medipally → Chengicherla (3 stops)"
"Hydernagar","Quthbullapur X Rd",17.49919,78.38352,17.49890,78.45176,11.2,38,0,"219/27G","219/27G: Hydernagar → Quthbullapur X Rd (11 stops)"
"Hydernagar","Shapur Nagar",17.49919,78.38352,17.51600,78.44690,10.2,35,1,"219 → 171KJ","219: Hydernagar → Kphb (3 stops) | 171KJ: Kphb → Shapur Nagar (15 stops)"
"Hydernagar","Panama Godown",17.49919,78.38352,17.33840,78.56864,31.4,106,1,"219 → 186","219: Hydernagar → Secunderabad Railway Station (16 stops) | 186: Secunderabad Railway Station → Panama Godown (10 stops)"
"Hydernagar","Gachibowli X Road",17.49919,78.38352,17.43903,78.36295,8.8,31,1,"219 → AJ","219: Hydernagar → Jntu X Rd (2 stops) | AJ: Jntu X Rd → Gachibowli Orr (3 stops)"
"Hydernagar","Abids Grammar School",17.49919,78.38352,17.39333,78.47625,15.9,54,2,"224/47D → 113K → 127N","224/47D: Hydernagar → Sr Nagar (8 stops) | 113K: Sr Nagar → Telephone Bhavan (4 stops) | 127N: Telephone Bhavan → Abids Grammar School (3 stops)"
"Hydernagar","Dilsukhnagar",17.49919,78.38352,17.36862,78.52366,21.8,74,3,"224/47D → 113K → 127N → 277MP","224/47D: Hydernagar → Sr Nagar (8 stops) | 113K: Sr Nagar → Telephone Bhavan (4 stops) | 127N: Telephone Bhavan → Abids Grammar School (3 stops) | 277MP: Abids Grammar School → Dilsukhnagar (8 stops)"
"Hydernagar","Sathamrai",17.49919,78.38352,17.27452,78.40118,31.4,106,2,"224/47D → 19KA → 92A/251S","224/47D: Hydernagar → Punjagutta (9 stops) | 19KA: Punjagutta → Mehdipatnam (3 stops) | 92A/251S: Mehdipatnam → Sathamrai (13 stops)"
"Hydernagar","Gajularam X Road",17.49919,78.38352,17.51010,78.44771,9.6,33,1,"219 → 171KJ","219: Hydernagar → Kphb (3 stops) | 171KJ: Kphb → Gajularam X Road (14 stops)"
"Hydernagar","Rc Puram",17.49919,78.38352,17.51362,78.28780,11,37,0,"219/272G","219/272G: Hydernagar → Rc Puram (12 stops)"
"Hydernagar","Kphb",17.49919,78.38352,17.49456,78.40081,1.9,7,0,"219","219: Hydernagar → Kphb (3 stops)"
"Hydernagar","Pisal Banda",17.49919,78.38352,17.33995,78.50379,34.9,123,3,"219 → 186 → AL → 300","219: Hydernagar → Secunderabad Railway Station (16 stops) | 186: Secunderabad Railway Station → Lb Nagar X Road (9 stops) | AL: Lb Nagar Pushpak → Manda Mallamma X Road (2 stops) | 300: Manda Mallamma → Pisal Banda (4 stops)"
"Hydernagar","Police Lines",17.49919,78.38352,17.44365,78.47499,13.1,45,1,"10MN → 10JB","10MN: Hydernagar → Rj College (8 stops) | 10JB: Rj College → Police Lines (2 stops)"
"Hydernagar","Uppal X Road",17.49919,78.38352,17.40126,78.56007,23.2,79,1,"219 → 290/186","219: Hydernagar → Secunderabad Railway Station (16 stops) | 290/186: Secunderabad Railway Station → Uppal X Road (6 stops)"
"Hydernagar","Boats Club",17.49919,78.38352,17.42644,78.48664,16.6,56,1,"219 → 8/26S","219: Hydernagar → Patny (15 stops) | 8/26S: Patny → Boats Club (4 stops)"
"Hydernagar","Womens College",17.49919,78.38352,17.38481,78.48762,17.6,61,2,"224/47D → 113K → 127N","224/47D: Hydernagar → Sr Nagar (8 stops) | 113K: Sr Nagar → Telephone Bhavan (4 stops) | 127N: Telephone Bhavan → Koti Bank Strret (4 stops)"
"Hydernagar","Charminar",17.49919,78.38352,17.35868,78.47403,21,71,3,"224/47D → 113K → 127N → 8A","224/47D: Hydernagar → Sr Nagar (8 stops) | 113K: Sr Nagar → Telephone Bhavan (4 stops) | 127N: Telephone Bhavan → Abids Grammar School (3 stops) | 8A: Abids Grammar School → Charminar (9 stops)"
"Hydernagar","Hitech City",17.49919,78.38352,17.44995,78.38257,6.6,25,0,"195W","195W: Nizampet X Road → Cyber Towers (6 stops)"
"Hydernagar","Ameerpet",17.49919,78.38352,17.43155,78.44765,10.3,35,0,"224/47D","224/47D: Hydernagar → Sr Nagar (8 stops)"
"Hydernagar","Gandipet X Road",17.49919,78.38352,17.38500,78.33100,17.4,59,3,"219 → AJ → 316 → 120","219: Hydernagar → Jntu X Rd (2 stops) | AJ: Jntu X Rd → Gachibowli Orr (3 stops) | 316: Gachibowli Orr → Manchirevula X Road (4 stops) | 120: Manchirevula X Road → Gandipet X Road (4 stops)"
"Hydernagar","Gachibowli",17.49919,78.38352,17.43966,78.36356,8.8,32,1,"219 → AJ","219: Hydernagar → Jntu X Rd (2 stops) | AJ: Jntu X Rd → Gachibowli Orr (3 stops)"
"Hydernagar","Miyapur",17.49919,78.38352,17.49669,78.36077,2.7,10,0,"10MN","10MN: Hydernagar → Miyapur (2 stops)"
"Hydernagar","Sr Nagar",17.49919,78.38352,17.44027,78.44260,9.1,31,0,"10MN","10MN: Hydernagar → Sr Nagar (7 stops)"
"Hydernagar","Begumpet",17.49919,78.38352,17.10805,78.55358,57.5,196,3,"219 → AJ → 255 → 478","219: Hydernagar → Jntu X Rd (2 stops) | AJ: Jntu X Rd → Rgi Airport (4 stops) | 255: Rgi Airport → Tukkuguda (3 stops) | 478: Tukkuguda → Begumpet (8 stops)"
"Hydernagar","Tolichowki",17.49919,78.38352,17.39924,78.41552,14.5,49,1,"195W → 49MG","195W: Nizampet X Road → Biodiversity (7 stops) | 49MG: Biodiversity → Tolichowki (6 stops)"
"Hydernagar","Kondapur",17.49919,78.38352,17.46392,78.36725,6.9,23,1,"9EM → 222M","9EM: Hydernagar → Miyapur X Road (2 stops) | 222M: Miyapur X Road → Kondapur (4 stops)"
"Hydernagar","Shamshabad",17.49919,78.38352,17.26205,78.38824,30.4,102,2,"219 → AJ → 315","219: Hydernagar → Jntu X Rd (2 stops) | AJ: Jntu X Rd → Gachibowli Orr (3 stops) | 315: Gachibowli Orr → Shamshabad (4 stops)"
"Charminar","Secunderabad Railway Station",17.35868,78.47403,17.43426,78.50158,12.8,43,1,"9M/X → AA","9M/X: Charminar → Nampally Railway Station (10 stops) | AA: Nampally Railway Station → Secunderabad Railway Station (6 stops)"
"Charminar","Afzalgunj",17.35868,78.47403,17.37331,78.47693,3.3,12,0,"70","70: Charminar → Afzalgunj (7 stops)"
"Charminar","Alugadda Bhavi",17.35868,78.47403,17.43531,78.51438,13.7,47,1,"2C → 15H/20","2C: Charminar → Musheerabad Police Station (20 stops) | 15H/20: Musheerabad Police Station → Alugaddabavi (3 stops)"
"Charminar","Patny",17.35868,78.47403,17.44318,78.49625,12,40,1,"9M/X → 8A/67L","9M/X: Charminar → Nampally Railway Station (10 stops) | 8A/67L: Nampally Railway Station → Bata (8 stops)"
"Charminar","Cbs",17.35868,78.47403,17.37823,78.48168,4.1,14,0,"2C","2C: Charminar → Cbs (8 stops)"
"Charminar","Erragadda",17.35868,78.47403,17.45617,78.43378,13.9,47,0,"9M/X","9M/X: Charminar → Erragadda (25 stops)"
"Charminar","Gajularamaram X Road",17.35868,78.47403,17.50941,78.44817,21.8,75,0,"9M/X","9M/X: Charminar → Gajularam X Road (35 stops)"
"Charminar","Jbs",17.35868,78.47403,17.44757,78.49664,12.6,43,2,"9M/X → 8A/67L → 24B","9M/X: Charminar → Nampally Railway Station (10 stops) | 8A/67L: Nampally Railway Station → Bata (8 stops) | 24B: Bata → Jbs (2 stops)"
"Charminar","Hayathnagar Bus Station",17.35868,78.47403,17.32732,78.60489,19.3,66,1,"70 → 525","70: Charminar → Afzalgunj (7 stops) | 525: Afzalgunj → Hayathnagar Bus Station (25 stops)"
"Charminar","Rathifile Bus Station",17.35868,78.47403,17.43457,78.50488,13,45,0,"2C","2C: Charminar → Rathifile Bus Station (24 stops)"
"Charminar","Nampally Public Garoaden",17.35868,78.47403,17.39628,78.47082,6,20,0,"9M/X","9M/X: Charminar → Nampally Public Garoaden (11 stops)"
"Charminar","Lakdikapool",17.35868,78.47403,17.40361,78.46497,7.1,24,0,"9M/X","9M/X: Charminar → Lakdikapool (13 stops)"
"Charminar","Ecil Bus Terminal",17.35868,78.47403,17.47253,78.57006,20.2,69,1,"2C → 3K/251","2C: Charminar → Shankar Matt (14 stops) | 3K/251: Shankar Matt → Ecil Bus Terminal (18 stops)"
"Charminar","Secretariat",17.35868,78.47403,17.40812,78.47182,7.2,25,1,"9M/X → 277S","9M/X: Charminar → Nampally Railway Station (10 stops) | 277S: Nampally Railway Station → Secretariat (2 stops)"
"Charminar","Patancheruvu",17.35868,78.47403,17.52903,78.26428,35.7,120,1,"9M/X → 222A","9M/X: Charminar → Lakdikapool (13 stops) | 222A: Lakdikapool → Patancheruvu (36 stops)"
"Charminar","Darul Shifa",17.35868,78.47403,17.37327,78.48299,4.2,15,0,"70","70: Charminar → Afzalgunj (7 stops)"
"Charminar","Plaza",17.35868,78.47403,17.44330,78.49066,11.9,40,2,"9M/X → 8A/67L → 8/26S","9M/X: Charminar → Nampally Railway Station (10 stops) | 8A/67L: Nampally Railway Station → Middle Tank Bund (5 stops) | 8/26S: Middle Tank Bund → Plaza (5 stops)"
"Charminar","Bluesea Cafe",17.35868,78.47403,17.43713,78.50515,13.3,46,0,"2C","2C: Charminar → Rathifile Bus Station (24 stops)"
"Charminar","Tarnaka",17.35868,78.47403,17.42571,78.53223,12.2,41,1,"2C → 3K/251","2C: Charminar → Shankar Matt (14 stops) | 3K/251: Shankar Matt → Tarnaka (6 stops)"
"Charminar","Lb Nagar X Road",17.35868,78.47403,17.34699,78.55013,13.2,45,1,"70 → 525","70: Charminar → Afzalgunj (7 stops) | 525: Afzalgunj → Lb Nagar X Road (15 stops)"
"Charminar","Lingampally Bs",17.35868,78.47403,17.49485,78.31689,28.8,97,1,"9M/X → 222A","9M/X: Charminar → Lakdikapool (13 stops) | 222A: Lakdikapool → Lingampally Bs (29 stops)"
"Charminar","Kukatpally",17.35868,78.47403,17.48385,78.41242,17.8,60,1,"9M/X → 218I","9M/X: Charminar → Moosapet (27 stops) | 218I: Moosapet → Kukatpally (2 stops)"
"Charminar","Jublee Bus Station",17.35868,78.47403,17.44761,78.49758,14.9,51,1,"2C → 2J","2C: Charminar → Rathifile Bus Station (24 stops) | 2J: Rathifile Bus Station → Jublee Bus Station (3 stops)"
"Charminar","Ibrahimpatnam Bus Station",17.35868,78.47403,17.19144,78.64766,37.5,126,2,"8A/253M → 254K → 461","8A/253M: Charminar → Tukkuguda (13 stops) | 254K: Tukkuguda → Kongara Kalan (3 stops) | 461: Kongara Kalan → Ibrahimpatnam Bus Station (9 stops)"
"Charminar","Prashanth Nagar",17.35868,78.47403,17.47378,78.42698,16.3,57,0,"9M/X","9M/X: Charminar → Prashanth Ngr (28 stops)"
"Charminar","Moosapet",17.35868,78.47403,17.47081,78.42668,15.7,53,0,"9M/X","9M/X: Charminar → Moosapet (27 stops)"
"Charminar","Cherlapally Bus Stand",17.35868,78.47403,17.46329,78.61145,27,91,1,"2C → 3K/251","2C: Charminar → Shankar Matt (14 stops) | 3K/251: Shankar Matt → Cherlapally Bus Stand (23 stops)"
"Charminar","Koti Medical College",17.35868,78.47403,17.38310,78.48282,4.6,16,0,"2C","2C: Charminar → Cbs (8 stops)"
"Charminar","Chadarghat",17.35868,78.47403,17.37722,78.49302,5.1,18,1,"2C → 3","2C: Charminar → Cbs (8 stops) | 3: Cbs → Chadarghat (2 stops)"
"Charminar","Kachiguda X Road",17.35868,78.47403,17.39069,78.48938,7.5,26,1,"2C → 3","2C: Charminar → Kachiguda Station (11 stops) | 3: Kachiguda Station → Kachiguda X Road (2 stops)"
"Charminar","Gandimaisamma",17.35868,78.47403,17.57508,78.42319,29.5,100,0,"9M/X","9M/X: Charminar → Gandimaisamma (42 stops)"
"Charminar","Mehdipatnam",17.35868,78.47403,17.39527,78.43980,9.3,32,1,"70 → 116","70: Charminar → Abids Gpo (9 stops) | 116: Abids Gpo → Mehdipatnam (8 stops)"
"Charminar","Bata",17.35868,78.47403,17.43600,78.49370,11.1,38,1,"9M/X → 8A/67L","9M/X: Charminar → Nampally Railway Station (10 stops) | 8A/67L: Nampally Railway Station → Bata (8 stops)"
"Charminar","Jntu X Rd",17.35868,78.47403,17.49672,78.39445,20.2,69,1,"9M/X → 113K","9M/X: Charminar → Moosapet (27 stops) | 113K: Moosapet → Kphb Main Road (3 stops)"
"Charminar","Super Bazar",17.35868,78.47403,17.37193,78.50992,7.1,25,1,"70 → 525","70: Charminar → Afzalgunj (7 stops) | 525: Afzalgunj → Super Bazar (6 stops)"
"Charminar","Race Course",17.35868,78.47403,17.45076,78.48820,12.8,43,2,"9M/X → 8A/67L → 8/26S","9M/X: Charminar → Nampally Railway Station (10 stops) | 8A/67L: Nampally Railway Station → Middle Tank Bund (5 stops) | 8/26S: Middle Tank Bund → Race Course (6 stops)"
"Charminar","Punjagutta",17.35868,78.47403,17.42645,78.45141,10,34,0,"9M/X","9M/X: Charminar → Punjagutta (19 stops)"
"Charminar","Balanagar",17.35868,78.47403,17.46697,78.44626,16.9,58,0,"9M/X","9M/X: Charminar → Balanagar (29 stops)"
"Charminar","Chintal",17.35868,78.47403,17.49540,78.45210,20,68,0,"9M/X","9M/X: Charminar → Chintal (33 stops)"
"Charminar","Nanal Nagar",17.35868,78.47403,17.39620,78.42700,10.8,36,1,"70 → 116","70: Charminar → Abids Gpo (9 stops) | 116: Abids Gpo → Nanal Nagar (9 stops)"
"Charminar","Abids Gpo",17.35868,78.47403,17.38757,78.47617,4.9,17,0,"70","70: Charminar → Abids Gpo (9 stops)"
"Charminar","Kachiguda Railway Station",17.35868,78.47403,17.38950,78.49726,6.7,23,0,"2C","2C: Charminar → Kachiguda Railway Station (12 stops)"
"Charminar","Ghatkesar Bus Station",17.35868,78.47403,17.45213,78.68231,28,94,2,"2C → 113Z/M → 500","2C: Charminar → Fever Hospital (13 stops) | 113Z/M: Fever Hospital → Uppal X Road (10 stops) | 500: Uppal X Road → Ghatkesar Bus Station (2 stops)"
"Charminar","Chengicherla",17.35868,78.47403,17.43313,78.60845,21.3,72,3,"2C → 113Z/M → 284P → 18CR","2C: Charminar → Fever Hospital (13 stops) | 113Z/M: Fever Hospital → Uppal Bus Station (12 stops) | 284P: Uppal Bus Station → Medipally (3 stops) | 18CR: Medipally → Chengicherla (3 stops)"
"Charminar","Quthbullapur X Rd",17.35868,78.47403,17.49890,78.45176,21.3,73,0,"9M/X","9M/X: Charminar → Quthbullapur X Rd (35 stops)"
"Charminar","Shapur Nagar",17.35868,78.47403,17.51600,78.44690,22.4,76,0,"9M/X","9M/X: Charminar → Shapur Nagar (36 stops)"
"Charminar","Panama Godown",17.35868,78.47403,17.33840,78.56864,15.2,52,1,"70 → 525","70: Charminar → Afzalgunj (7 stops) | 525: Afzalgunj → Panama Godown (18 stops)"
"Charminar","Gachibowli X Road",17.35868,78.47403,17.43903,78.36295,19.1,64,2,"70 → 116 → 6L","70: Charminar → Abids Gpo (9 stops) | 116: Abids Gpo → Nanal Nagar (9 stops) | 6L: Nanal Nagar → Gachibowli X Road (5 stops)"
"Charminar","Abids Grammar School",17.35868,78.47403,17.39333,78.47625,6.8,23,1,"9M/X → 1M/D","9M/X: Charminar → Nampally Railway Station (10 stops) | 1M/D: Nampally Railway Station → Abids Grammar School (3 stops)"
"Charminar","Dilsukhnagar",17.35868,78.47403,17.36862,78.52366,8.7,31,1,"70 → 525","70: Charminar → Afzalgunj (7 stops) | 525: Afzalgunj → Dilsukhnagar (8 stops)"
"Charminar","Sathamrai",17.35868,78.47403,17.27452,78.40118,13.3,45,2,"8A/253M → 70A → 251M/A","8A/253M: Charminar → Aliabad (3 stops) | 70A: Aliabad → Shivarampally (7 stops) | 251M/A: Shivarampally → Sathamrai (4 stops)"
"Charminar","Gajularam X Road",17.35868,78.47403,17.51010,78.44771,21.7,74,0,"9M/X","9M/X: Charminar → Gajularam X Road (35 stops)"
"Charminar","Rc Puram",17.35868,78.47403,17.51362,78.28780,32.6,110,1,"9M/X → 222A","9M/X: Charminar → Lakdikapool (13 stops) | 222A: Lakdikapool → Rc Puram (33 stops)"
"Charminar","Kphb",17.35868,78.47403,17.49456,78.40081,19.5,67,1,"9M/X → 9EM","9M/X: Charminar → Moosapet (27 stops) | 9EM: Moosapet → Kphb Metro Station (3 stops)"
"Charminar","Pisal Banda",17.35868,78.47403,17.33995,78.50379,8.6,29,1,"8A/253M → 300/253","8A/253M: Charminar → Barkas (6 stops) | 300/253: Barkas → Pisal Banda (3 stops)"
"Charminar","Police Lines",17.35868,78.47403,17.44365,78.47499,13.8,51,1,"9M/X → 49E/22","9M/X: Charminar → Punjagutta (19 stops) | 49E/22: Punjagutta → Prakash Nagar (7 stops)"
"Charminar","Uppal X Road",17.35868,78.47403,17.40126,78.56007,14.1,48,1,"2C → 113Z/M","2C: Charminar → Fever Hospital (13 stops) | 113Z/M: Fever Hospital → Uppal X Road (10 stops)"
"Charminar","Boats Club",17.35868,78.47403,17.42644,78.48664,10.1,34,1,"9M/X → 8A/67L","9M/X: Charminar → Nampally Railway Station (10 stops) | 8A/67L: Nampally Railway Station → Boats Club (6 stops)"
"Charminar","Womens College",17.35868,78.47403,17.38481,78.48762,5.9,21,1,"2C → 3","2C: Charminar → Cbs (8 stops) | 3: Cbs → Koti Maternity Hospital (3 stops)"
"Charminar","Hydernagar",17.35868,78.47403,17.49919,78.38352,21.3,72,1,"9M/X → 9EM","9M/X: Charminar → Moosapet (27 stops) | 9EM: Moosapet → Hydernagar (4 stops)"
"Charminar","Hitech City",17.35868,78.47403,17.44995,78.38257,19,64,1,"9M/X → 222A","9M/X: Charminar → Lakdikapool (13 stops) | 222A: Lakdikapool → Hitech City (16 stops)"
"Charminar","Ameerpet",17.35868,78.47403,17.43155,78.44765,10.8,37,0,"9M/X","9M/X: Charminar → Ameerpet (21 stops)"
"Charminar","Gandipet X Road",17.35868,78.47403,17.38500,78.33100,19,64,2,"8A/253M → 70A → 94/220K","8A/253M: Charminar → Aliabad (3 stops) | 70A: Aliabad → Boystown (3 stops) | 94/220K: Boystown → Gandipet X Road (20 stops)"
"Charminar","Gachibowli",17.35868,78.47403,17.43966,78.36356,19.7,66,2,"9M/X → 116G → 300C/216","9M/X: Charminar → Lakdikapool (13 stops) | 116G: Lakdikapool → Khajaguda X Road (8 stops) | 300C/216: Khajaguda X Road → Gachibowli (2 stops)"
"Charminar","Miyapur",17.35868,78.47403,17.49669,78.36077,23.8,80,1,"9M/X → 9EM","9M/X: Charminar → Moosapet (27 stops) | 9EM: Moosapet → Miyapur X Road (5 stops)"
"Charminar","Sr Nagar",17.35868,78.47403,17.44027,78.44260,12.2,42,0,"9M/X","9M/X: Charminar → Sr Nagar (23 stops)"
"Charminar","Begumpet",17.35868,78.47403,17.10805,78.55358,34.5,116,1,"8A/253M → 478","8A/253M: Charminar → Imamguda (14 stops) | 478: Imamguda → Begumpet (7 stops)"
"Charminar","Tolichowki",17.35868,78.47403,17.39924,78.41552,12,40,1,"70 → 116","70: Charminar → Abids Gpo (9 stops) | 116: Abids Gpo → Tolichowki (10 stops)"
"Charminar","Kondapur",17.35868,78.47403,17.46392,78.36725,21.5,72,1,"9M/X → 222A","9M/X: Charminar → Lakdikapool (13 stops) | 222A: Lakdikapool → Kondapur (21 stops)"
"Charminar","Madhapur",17.35868,78.47403,17.63017,78.77482,36.9,124,3,"8A/253M → 478 → 486 → 443","8A/253M: Charminar → Imamguda (14 stops) | 478: Imamguda → Lemoor (4 stops) | 486: Lemoor → Thimmapur Bus Stop (2 stops) | 443: Thimmapur Bus Stop → Madhapur (3 stops)"
"Charminar","Shamshabad",17.35868,78.47403,17.26205,78.38824,15.1,51,2,"8A/253M → 70A → AA","8A/253M: Charminar → Aliabad (3 stops) | 70A: Aliabad → Aramghar (8 stops) | AA: Aramghar → Shamshabad (2 stops)"
"Hitech City","Secunderabad Railway Station",17.44995,78.38257,17.43426,78.50158,14.9,52,0,"10HW","10HW: Hitech City → Secunderabad Railway Station (11 stops)"
"Hitech City","Afzalgunj",17.44995,78.38257,17.37331,78.47693,15.3,53,1,"222M → 9X","222M: Hitech City → Lakdikapool (8 stops) | 9X: Lakdikapool → Afzalgunj (6 stops)"
"Hitech City","Alugadda Bhavi",17.44995,78.38257,17.43531,78.51438,16.3,56,1,"10HW → 186","10HW: Hitech City → Secunderabad Railway Station (11 stops) | 186: Secunderabad Railway Station → Alugadda Bhavi (2 stops)"
"Hitech City","Patny",17.44995,78.38257,17.44318,78.49625,13.9,48,0,"10HW","10HW: Hitech City → Plaza (10 stops)"
"Hitech City","Cbs",17.44995,78.38257,17.37823,78.48168,15.1,52,1,"222M → 218I","222M: Hitech City → Abids Grammar School (9 stops) | 218I: Abids Grammar School → Cbs (3 stops)"
"Hitech City","Erragadda",17.44995,78.38257,17.45617,78.43378,7.1,26,0,"9F","9F: Hitech City → Erragadda (9 stops)"
"Hitech City","Gajularamaram X Road",17.44995,78.38257,17.50941,78.44817,13.8,49,1,"198/224 → 171KJ","198/224: Hitech City → Jntu X Road (5 stops) | 171KJ: Kphb → Gajularamaram X Road (14 stops)"
"Hitech City","Jbs",17.44995,78.38257,17.44757,78.49664,14.5,50,1,"10HW → 49E/22","10HW: Hitech City → Plaza (10 stops) | 49E/22: Plaza → Jbs (3 stops)"
"Hitech City","Hayathnagar Bus Station",17.44995,78.38257,17.32732,78.60489,29.6,100,2,"222M → 277MP → 524","222M: Hitech City → Abids Grammar School (9 stops) | 277MP: Abids Grammar School → Ntr Nagar (12 stops) | 524: Ntr Nagar → Hayathnagar Bus Station (8 stops)"
"Hitech City","Rathifile Bus Station",17.44995,78.38257,17.43457,78.50488,15.3,53,0,"10HW","10HW: Hitech City → Secunderabad Railway Station (11 stops)"
"Hitech City","Nampally Public Garoaden",17.44995,78.38257,17.39628,78.47082,12.7,45,1,"222M → 49","222M: Hitech City → Lakdikapool (8 stops) | 49: Lakdikapool → Public Garden (3 stops)"
"Hitech City","Lakdikapool",17.44995,78.38257,17.40361,78.46497,11.1,39,0,"222M","222M: Hitech City → Lakdikapool (8 stops)"
"Hitech City","Ecil Bus Terminal",17.44995,78.38257,17.47253,78.57006,24.6,84,2,"10HW → 49E/22 → 16ES","10HW: Hitech City → Plaza (10 stops) | 49E/22: Plaza → Jbs (3 stops) | 16ES: Jbs → Ecil Bus Terminal (14 stops)"
"Hitech City","Secretariat",17.44995,78.38257,17.40812,78.47182,12.1,42,0,"222M","222M: Hitech City → Lakdikapool (8 stops)"
"Hitech City","Patancheruvu",17.44995,78.38257,17.52903,78.26428,16,54,1,"113Y/K → 127R/K","113Y/K: Hitech City → Kothaguda X Rd (3 stops) | 127R/K: Kothaguda X Rd → Allwyn (5 stops)"
"Hitech City","Darul Shifa",17.44995,78.38257,17.37327,78.48299,15.9,55,1,"222M → 9X","222M: Hitech City → Lakdikapool (8 stops) | 9X: Lakdikapool → Darul Shifa (7 stops)"
"Hitech City","Plaza",17.44995,78.38257,17.44330,78.49066,13.4,47,0,"10HW","10HW: Hitech City → Plaza (10 stops)"
"Hitech City","Bluesea Cafe",17.44995,78.38257,17.43713,78.50515,15.2,52,1,"10HW → 227G","10HW: Hitech City → Plaza (10 stops) | 227G: Plaza → Bluesea Cafe (4 stops)"
"Hitech City","Tarnaka",17.44995,78.38257,17.42571,78.53223,18,62,1,"9F → 250/281","9F: Hitech City → Esi Hospital (10 stops) | 250/281: Esi Hospital → Tarnaka (4 stops)"
"Hitech City","Lb Nagar X Road",17.44995,78.38257,17.34699,78.55013,23.6,82,1,"222M → 277MP","222M: Hitech City → Abids Grammar School (9 stops) | 277MP: Abids Grammar School → Lb Nagar (14 stops)"
"Hitech City","Lingampally Bs",17.44995,78.38257,17.49485,78.31689,9.8,33,1,"113Y/K → 104R/127K","113Y/K: Hitech City → Kothaguda X Rd (3 stops) | 104R/127K: Kothaguda X Rd → Lingampally Bs (9 stops)"
"Hitech City","Kukatpally",17.44995,78.38257,17.48385,78.41242,7.7,28,1,"198/224 → 198/224","198/224: Hitech City → Jntu X Road (5 stops) | 198/224: Jntu X Rd → Kukatpally (3 stops)"
"Hitech City","Jublee Bus Station",17.44995,78.38257,17.44761,78.49758,16.5,57,1,"10HW → AC","10HW: Hitech City → Secunderabad Railway Station (11 stops) | AC: Secunderabad Railway Station → Jublee Bus Station (2 stops)"
"Hitech City","Ibrahimpatnam Bus Station",17.44995,78.38257,17.19144,78.64766,46.5,157,1,"222M → 277MP","222M: Hitech City → Abids Grammar School (9 stops) | 277MP: Abids Grammar School → Ibrahimpatnam Bus Station (30 stops)"
"Hitech City","Prashanth Nagar",17.44995,78.38257,17.47378,78.42698,7.8,29,1,"9F → 10Y/F","9F: Hitech City → Pr Nagar (7 stops) | 10Y/F: Pr Nagar → Kukatpally Bus Depot (5 stops)"
"Hitech City","Moosapet",17.44995,78.38257,17.47081,78.42668,7.3,27,1,"9F → 10Y/F","9F: Hitech City → Pr Nagar (7 stops) | 10Y/F: Pr Nagar → Moosapet (4 stops)"
"Hitech City","Cherlapally Bus Stand",17.44995,78.38257,17.46329,78.61145,28.5,97,2,"10HW → 186 → 250C/R","10HW: Hitech City → Secunderabad Railway Station (11 stops) | 186: Secunderabad Railway Station → Tarnaka (3 stops) | 250C/R: Tarnaka → Cherlapally Bus Stand (7 stops)"
"Hitech City","Koti Medical College",17.44995,78.38257,17.38310,78.48282,14.5,50,1,"222M → 218I","222M: Hitech City → Abids Grammar School (9 stops) | 218I: Abids Grammar School → Koti Medical College (2 stops)"
"Hitech City","Chadarghat",17.44995,78.38257,17.37722,78.49302,15.9,55,1,"222M → 277MP","222M: Hitech City → Abids Grammar School (9 stops) | 277MP: Abids Grammar School → Chadarghat (3 stops)"
"Hitech City","Kachiguda X Road",17.44995,78.38257,17.39069,78.48938,15.5,57,0,"222M","222M: Hitech City → Koti Bus Terminal (10 stops)"
"Hitech City","Gandimaisamma",17.44995,78.38257,17.57508,78.42319,22.7,78,0,"198/224","198/224: Hitech City → Gandimaisamma (28 stops)"
"Hitech City","Mehdipatnam",17.44995,78.38257,17.39527,78.43980,10.8,36,1,"17H/47W → 49MG","17H/47W: Hitech City → Biodiversity (4 stops) | 49MG: Biodiversity → Mehdipatnam (8 stops)"
"Hitech City","Bata",17.44995,78.38257,17.43600,78.49370,14.8,51,1,"10HW → 8/26S","10HW: Hitech City → Plaza (10 stops) | 8/26S: Plaza → Bata (3 stops)"
"Hitech City","Jntu X Rd",17.44995,78.38257,17.49672,78.39445,5.3,20,0,"198/224","198/224: Hitech City → Jntu X Road (5 stops)"
"Hitech City","Super Bazar",17.44995,78.38257,17.37193,78.50992,17.5,60,1,"222M → 277MP","222M: Hitech City → Abids Grammar School (9 stops) | 277MP: Abids Grammar School → Super Bazar (6 stops)"
"Hitech City","Race Course",17.44995,78.38257,17.45076,78.48820,14.3,49,0,"10HW","10HW: Hitech City → Plaza (10 stops)"
"Hitech City","Punjagutta",17.44995,78.38257,17.42645,78.45141,9.8,35,1,"10HW → 224/47D","10HW: Hitech City → Sr Nagar (7 stops) | 224/47D: Sr Nagar → Punjagutta (2 stops)"
"Hitech City","Balanagar",17.44995,78.38257,17.46697,78.44626,11.7,42,1,"198/224 → 198/224","198/224: Hitech City → Jntu X Road (5 stops) | 198/224: Jntu X Rd → Balanagar (5 stops)"
"Hitech City","Chintal",17.44995,78.38257,17.49540,78.45210,14.8,52,1,"198/224 → 198/224","198/224: Hitech City → Jntu X Road (5 stops) | 198/224: Jntu X Rd → Chintal (9 stops)"
"Hitech City","Nanal Nagar",17.44995,78.38257,17.39620,78.42700,9.4,32,1,"17H/47W → 49MG","17H/47W: Hitech City → Biodiversity (4 stops) | 49MG: Biodiversity → Nanal Nagar (7 stops)"
"Hitech City","Abids Gpo",17.44995,78.38257,17.38757,78.47617,15.4,53,0,"222M","222M: Hitech City → Abids Gpo (11 stops)"
"Hitech City","Kachiguda Railway Station",17.44995,78.38257,17.38950,78.49726,17.3,59,2,"222M → 116/220K → 65K/123","222M: Hitech City → Abids Grammar School (9 stops) | 116/220K: Abids Grammar School → Cbs (3 stops) | 65K/123: Cbs → Kachiguda Railway Station (3 stops)"
"Hitech City","Ghatkesar Bus Station",17.44995,78.38257,17.45213,78.68231,36.6,124,2,"10HW → 290/186 → 500","10HW: Hitech City → Secunderabad Railway Station (11 stops) | 290/186: Secunderabad Railway Station → Uppal X Road (6 stops) | 500: Uppal X Road → Ghatkesar Bus Station (2 stops)"
"Hitech City","Chengicherla",17.44995,78.38257,17.43313,78.60845,28.3,97,2,"9F → 250/281 → 6X","9F: Hitech City → Esi Hospital (10 stops) | 250/281: Esi Hospital → Bell Company (6 stops) | 6X: Shakti Sai Nagar X Road → Chengicherla (4 stops)"
"Hitech City","Quthbullapur X Rd",17.44995,78.38257,17.49890,78.45176,15.2,54,1,"198/224 → 198/224","198/224: Hitech City → Jntu X Road (5 stops) | 198/224: Jntu X Rd → Quthbullapur X Rd (10 stops)"
"Hitech City","Shapur Nagar",17.44995,78.38257,17.51600,78.44690,14.3,50,1,"198/224 → 171KJ","198/224: Hitech City → Jntu X Road (5 stops) | 171KJ: Kphb → Shapur Nagar (15 stops)"
"Hitech City","Panama Godown",17.44995,78.38257,17.33840,78.56864,25.5,87,2,"222M → 277MP → 524","222M: Hitech City → Abids Grammar School (9 stops) | 277MP: Abids Grammar School → Ntr Nagar (12 stops) | 524: Ntr Nagar → Panama Godown (4 stops)"
"Hitech City","Gachibowli X Road",17.44995,78.38257,17.43903,78.36295,2.5,11,0,"22/10W","22/10W: Cyber Towers → Gachibowli X Road (2 stops)"
"Hitech City","Abids Grammar School",17.44995,78.38257,17.39333,78.47625,13.2,46,0,"222M","222M: Hitech City → Abids Grammar School (9 stops)"
"Hitech City","Dilsukhnagar",17.44995,78.38257,17.36862,78.52366,19.1,65,1,"222M → 277MP","222M: Hitech City → Abids Grammar School (9 stops) | 277MP: Abids Grammar School → Dilsukhnagar (8 stops)"
"Hitech City","Sathamrai",17.44995,78.38257,17.27452,78.40118,26.1,89,2,"222M → AC → 188","222M: Hitech City → Care Hospital (6 stops) | AC: Care Hospital → Aramghar (4 stops) | 188: Aramghar → Sathamrai (4 stops)"
"Hitech City","Gajularam X Road",17.44995,78.38257,17.51010,78.44771,13.7,48,1,"198/224 → 171KJ","198/224: Hitech City → Jntu X Road (5 stops) | 171KJ: Kphb → Gajularam X Road (14 stops)"
"Hitech City","Rc Puram",17.44995,78.38257,17.51362,78.28780,15.4,52,1,"10HW → 300/217","10HW: Hitech City → Indira Nagar (4 stops) | 300/217: Indira Nagar → Rc Puram (14 stops)"
"Hitech City","Kphb",17.44995,78.38257,17.49456,78.40081,6,23,0,"198/224","198/224: Hitech City → Jntu X Road (5 stops)"
"Hitech City","Pisal Banda",17.44995,78.38257,17.33995,78.50379,20.4,70,3,"222M → 277MP → 277K → 460","222M: Hitech City → Abids Grammar School (9 stops) | 277MP: Abids Grammar School → Chadarghat (3 stops) | 277K: Chadarghat → Is Sadan (5 stops) | 460: Is Sadan → Pisal Banda (3 stops)"
"Hitech City","Police Lines",17.44995,78.38257,17.44365,78.47499,11.8,43,1,"10HW → 10JB","10HW: Hitech City → Greenland/ Rj College (8 stops) | 10JB: Rj College → Police Lines (2 stops)"
"Hitech City","Uppal X Road",17.44995,78.38257,17.40126,78.56007,22.6,77,1,"10HW → 290/186","10HW: Hitech City → Secunderabad Railway Station (11 stops) | 290/186: Secunderabad Railway Station → Uppal X Road (6 stops)"
"Hitech City","Boats Club",17.44995,78.38257,17.42644,78.48664,14.6,51,1,"222M → 5K","222M: Hitech City → Lakdikapool (8 stops) | 5K: Lakdikapool → Boats Club (4 stops)"
"Hitech City","Womens College",17.44995,78.38257,17.38481,78.48762,14.8,52,0,"222M","222M: Hitech City → Koti Bus Terminal (10 stops)"
"Hitech City","Hydernagar",17.44995,78.38257,17.49919,78.38352,6.5,24,0,"198/224","198/224: Hitech City → Hydernagar (8 stops)"
"Hitech City","Charminar",17.44995,78.38257,17.35868,78.47403,18.1,62,1,"222M → 9X","222M: Hitech City → Lakdikapool (8 stops) | 9X: Lakdikapool → Charminar (11 stops)"
"Hitech City","Ameerpet",17.44995,78.38257,17.43155,78.44765,8.8,31,0,"10HW","10HW: Hitech City → Sr Nagar (7 stops)"
"Hitech City","Gandipet X Road",17.44995,78.38257,17.38500,78.33100,11.4,41,2,"22/10W → 316 → 120","22/10W: Cyber Towers → Gachibowli X Road (2 stops) | 316: Gachibowli Orr → Manchirevula X Road (4 stops) | 120: Manchirevula X Road → Gandipet X Road (4 stops)"
"Hitech City","Gachibowli",17.44995,78.38257,17.43966,78.36356,2.6,12,0,"22/10W","22/10W: Cyber Towers → Gachibowli X Road (2 stops)"
"Hitech City","Miyapur",17.44995,78.38257,17.49669,78.36077,8.9,32,0,"198/224","198/224: Hitech City → Miyapur (11 stops)"
"Hitech City","Sr Nagar",17.44995,78.38257,17.44027,78.44260,8,29,0,"10HW","10HW: Hitech City → Sr Nagar (7 stops)"
"Hitech City","Tolichowki",17.44995,78.38257,17.39924,78.41552,8.1,28,1,"17H/47W → 49MG","17H/47W: Hitech City → Biodiversity (4 stops) | 49MG: Biodiversity → Tolichowki (6 stops)"
"Hitech City","Kondapur",17.44995,78.38257,17.46392,78.36725,2.4,9,0,"113Y/K","113Y/K: Hitech City → Kothaguda X Rd (3 stops)"
"Hitech City","Madhapur",17.44995,78.38257,17.63017,78.77482,51.4,173,3,"222M → 277MP → 277P → 486","222M: Hitech City → Abids Grammar School (9 stops) | 277MP: Abids Grammar School → Mangalpally X Road (25 stops) | 277P: Mangalpally X Road → Yeliminedu (7 stops) | 486: Yeliminedu → Madhapur (2 stops)"
"Hitech City","Shamshabad",17.44995,78.38257,17.26205,78.38824,24.3,85,1,"22/10W → 315","22/10W: Cyber Towers → Gachibowli X Road (2 stops) | 315: Gachibowli Orr → Shamshabad (4 stops)"
"Ameerpet","Secunderabad Railway Station",17.43155,78.44765,17.43426,78.50158,7.4,29,0,"9F","9F: Ameerpet → Secunderabad Railway Station (13 stops)"
"Ameerpet","Afzalgunj",17.43155,78.44765,17.37331,78.47693,7.6,28,0,"9X/230","9X/230: Ameerpet → Afzalganj Central Library (11 stops)"
"Ameerpet","Alugadda Bhavi",17.43155,78.44765,17.43531,78.51438,8.7,33,1,"9F → 186","9F: Ameerpet → Secunderabad Railway Station (13 stops) | 186: Secunderabad Railway Station → Alugadda Bhavi (2 stops)"
"Ameerpet","Patny",17.43155,78.44765,17.44318,78.49625,6.2,25,0,"9F","9F: Ameerpet → Patny (12 stops)"
"Ameerpet","Cbs",17.43155,78.44765,17.37823,78.48168,7.2,25,0,"218I","218I: Ameerpet → Cbs (10 stops)"
"Ameerpet","Erragadda",17.43155,78.44765,17.45617,78.43378,3.1,11,0,"19M/218","19M/218: Ameerpet → Erragadda (4 stops)"
"Ameerpet","Gajularamaram X Road",17.43155,78.44765,17.50941,78.44817,12.4,42,1,"19M/218 → 171SM","19M/218: Ameerpet → Moosapet (6 stops) | 171SM: Moosapet → Gajularamaram X Road (9 stops)"
"Ameerpet","Jbs",17.43155,78.44765,17.44757,78.49664,6.8,27,0,"9F","9F: Ameerpet → Patny (12 stops)"
"Ameerpet","Hayathnagar Bus Station",17.43155,78.44765,17.32732,78.60489,21.7,73,2,"218I → 277MP → 524","218I: Ameerpet → Abids Grammar School (8 stops) | 277MP: Abids Grammar School → Ntr Nagar (12 stops) | 524: Ntr Nagar → Hayathnagar Bus Station (8 stops)"
"Ameerpet","Rathifile Bus Station",17.43155,78.44765,17.43457,78.50488,7.7,30,0,"9F","9F: Ameerpet → Secunderabad Railway Station (13 stops)"
"Ameerpet","Nampally Public Garoaden",17.43155,78.44765,17.39628,78.47082,4.8,18,0,"9X/230","9X/230: Ameerpet → Public Garden (8 stops)"
"Ameerpet","Lakdikapool",17.43155,78.44765,17.40361,78.46497,3.3,12,0,"218I","218I: Ameerpet → Lakdikapool (6 stops)"
"Ameerpet","Ecil Bus Terminal",17.43155,78.44765,17.47253,78.57006,16.6,62,1,"9F → 37/8A","9F: Ameerpet → Patny (12 stops) | 37/8A: Clock Tower → Ecil Bus Terminal (7 stops)"
"Ameerpet","Secretariat",17.43155,78.44765,17.40812,78.47182,4.3,15,0,"83/272","83/272: Ameerpet → Secretariat (8 stops)"
"Ameerpet","Patancheruvu",17.43155,78.44765,17.52903,78.26428,24.7,83,0,"19M/218","19M/218: Ameerpet → Patancheruvu (30 stops)"
"Ameerpet","Darul Shifa",17.43155,78.44765,17.37327,78.48299,8.1,28,1,"9X/230 → 9X","9X/230: Ameerpet → Osmangunj (10 stops) | 9X: Osmangunj → Darul Shifa (3 stops)"
"Ameerpet","Plaza",17.43155,78.44765,17.44330,78.49066,5.6,23,0,"9F","9F: Ameerpet → Plaza (11 stops)"
"Ameerpet","Bluesea Cafe",17.43155,78.44765,17.43713,78.50515,7.4,29,1,"9F → 227G","9F: Ameerpet → Patny (12 stops) | 227G: Patny → Bluesea Cafe (3 stops)"
"Ameerpet","Tarnaka",17.43155,78.44765,17.42571,78.53223,10.9,41,1,"9F → 186","9F: Ameerpet → Secunderabad Railway Station (13 stops) | 186: Secunderabad Railway Station → Tarnaka (3 stops)"
"Ameerpet","Lb Nagar X Road",17.43155,78.44765,17.34699,78.55013,15.8,55,1,"218I → 277MP","218I: Ameerpet → Abids Grammar School (8 stops) | 277MP: Abids Grammar School → Lb Nagar (14 stops)"
"Ameerpet","Lingampally Bs",17.43155,78.44765,17.49485,78.31689,17.8,60,0,"19M/218","19M/218: Ameerpet → Lingampally Bs (24 stops)"
"Ameerpet","Kukatpally",17.43155,78.44765,17.48385,78.41242,7,24,0,"19M/218","19M/218: Ameerpet → Kukatpally (9 stops)"
"Ameerpet","Jublee Bus Station",17.43155,78.44765,17.44761,78.49758,6.8,28,0,"9F","9F: Ameerpet → Patny (12 stops)"
"Ameerpet","Ibrahimpatnam Bus Station",17.43155,78.44765,17.19144,78.64766,38.7,130,1,"218I → 277MP","218I: Ameerpet → Abids Grammar School (8 stops) | 277MP: Abids Grammar School → Ibrahimpatnam Bus Station (30 stops)"
"Ameerpet","Prashanth Nagar",17.43155,78.44765,17.47378,78.42698,5.2,21,0,"19M/218","19M/218: Ameerpet → Moosapet (6 stops)"
"Ameerpet","Moosapet",17.43155,78.44765,17.47081,78.42668,4.9,17,0,"19M/218","19M/218: Ameerpet → Moosapet (6 stops)"
"Ameerpet","Cherlapally Bus Stand",17.43155,78.44765,17.46329,78.61145,20.9,74,2,"9F → 186 → 250C/R","9F: Ameerpet → Secunderabad Railway Station (13 stops) | 186: Secunderabad Railway Station → Tarnaka (3 stops) | 250C/R: Tarnaka → Cherlapally Bus Stand (7 stops)"
"Ameerpet","Koti Medical College",17.43155,78.44765,17.38310,78.48282,6.7,23,0,"218I","218I: Ameerpet → Koti Medical College (9 stops)"
"Ameerpet","Chadarghat",17.43155,78.44765,17.37722,78.49302,8.3,29,0,"218I","218I: Ameerpet → Chadarghat (11 stops)"
"Ameerpet","Kachiguda X Road",17.43155,78.44765,17.39069,78.48938,9.5,34,0,"83/272","83/272: Ameerpet → Kachiguda X Road (19 stops)"
"Ameerpet","Gandimaisamma",17.43155,78.44765,17.57508,78.42319,20.3,68,1,"19M/218 → 83/272","19M/218: Ameerpet → Moosapet (6 stops) | 83/272: Moosapet → Gandimaisamma (15 stops)"
"Ameerpet","Mehdipatnam",17.43155,78.44765,17.39527,78.43980,5.2,18,0,"218/19M","218/19M: Ameerpet → Mehdipatnam (10 stops)"
"Ameerpet","Bata",17.43155,78.44765,17.43600,78.49370,7,28,0,"9F","9F: Ameerpet → Patny (12 stops)"
"Ameerpet","Jntu X Rd",17.43155,78.44765,17.49672,78.39445,9.5,33,0,"19M/218","19M/218: Ameerpet → Jntu X Road (12 stops)"
"Ameerpet","Super Bazar",17.43155,78.44765,17.37193,78.50992,9.6,33,1,"218I → 277MP","218I: Ameerpet → Abids Grammar School (8 stops) | 277MP: Abids Grammar School → Super Bazar (6 stops)"
"Ameerpet","Race Course",17.43155,78.44765,17.45076,78.48820,6.5,26,0,"9F","9F: Ameerpet → Plaza (11 stops)"
"Ameerpet","Punjagutta",17.43155,78.44765,17.42645,78.45141,0.7,3,0,"",""
"Ameerpet","Balanagar",17.43155,78.44765,17.46697,78.44626,7.7,26,1,"19M/218 → 9X","19M/218: Ameerpet → Moosapet (6 stops) | 9X: Moosapet → Balanagar (3 stops)"
"Ameerpet","Chintal",17.43155,78.44765,17.49540,78.45210,10.8,36,1,"19M/218 → 9X","19M/218: Ameerpet → Moosapet (6 stops) | 9X: Moosapet → Chintal (7 stops)"
"Ameerpet","Nanal Nagar",17.43155,78.44765,17.39620,78.42700,6.5,23,1,"218/19M → 113M/217","218/19M: Ameerpet → Mehdipatnam (10 stops) | 113M/217: Mehdipatnam → Nanal Nagar (2 stops)"
"Ameerpet","Abids Gpo",17.43155,78.44765,17.38757,78.47617,7.5,26,0,"218I","218I: Ameerpet → Abids Gpo (10 stops)"
"Ameerpet","Kachiguda Railway Station",17.43155,78.44765,17.38950,78.49726,8.3,31,0,"83/272","83/272: Ameerpet → Tourist Hotel (17 stops)"
"Ameerpet","Ghatkesar Bus Station",17.43155,78.44765,17.45213,78.68231,29,101,2,"9F → 290/186 → 500","9F: Ameerpet → Secunderabad Railway Station (13 stops) | 290/186: Secunderabad Railway Station → Uppal X Road (6 stops) | 500: Uppal X Road → Ghatkesar Bus Station (2 stops)"
"Ameerpet","Chengicherla",17.43155,78.44765,17.43313,78.60845,21.5,73,3,"83/272 → 113K → 284P → 18CR","83/272: Ameerpet → Telephone Bhavan (7 stops) | 113K: Telephone Bhavan → Uppal Bus Station (8 stops) | 284P: Uppal Bus Station → Medipally (3 stops) | 18CR: Medipally → Chengicherla (3 stops)"
"Ameerpet","Quthbullapur X Rd",17.43155,78.44765,17.49890,78.45176,11.2,38,1,"19M/218 → 9X","19M/218: Ameerpet → Moosapet (6 stops) | 9X: Moosapet → Quthbullapur X Rd (8 stops)"
"Ameerpet","Shapur Nagar",17.43155,78.44765,17.51600,78.44690,13.2,44,1,"19M/218 → 9M/X","19M/218: Ameerpet → Moosapet (6 stops) | 9M/X: Moosapet → Shapur Nagar (10 stops)"
"Ameerpet","Panama Godown",17.43155,78.44765,17.33840,78.56864,17.7,60,2,"218I → 277MP → 524","218I: Ameerpet → Abids Grammar School (8 stops) | 277MP: Abids Grammar School → Ntr Nagar (12 stops) | 524: Ntr Nagar → Panama Godown (4 stops)"
"Ameerpet","Gachibowli X Road",17.43155,78.44765,17.43903,78.36295,11.3,38,2,"113Y/H → 10H/220 → 22/10W","113Y/H: Ameerpet → Madhapur Ps (12 stops) | 10H/220: Madhapur Ps → Cyber Towers (2 stops) | 22/10W: Cyber Towers → Gachibowli X Road (2 stops)"
"Ameerpet","Abids Grammar School",17.43155,78.44765,17.39333,78.47625,5.3,19,0,"218I","218I: Ameerpet → Abids Grammar School (8 stops)"
"Ameerpet","Dilsukhnagar",17.43155,78.44765,17.36862,78.52366,11.3,38,1,"218I → 277MP","218I: Ameerpet → Abids Grammar School (8 stops) | 277MP: Abids Grammar School → Dilsukhnagar (8 stops)"
"Ameerpet","Sathamrai",17.43155,78.44765,17.27452,78.40118,17.5,59,0,"252NP","252NP: Ameerpet → Sathamrai (9 stops)"
"Ameerpet","Gajularam X Road",17.43155,78.44765,17.51010,78.44771,12.5,42,1,"19M/218 → 9M/X","19M/218: Ameerpet → Moosapet (6 stops) | 9M/X: Moosapet → Gajularam X Road (9 stops)"
"Ameerpet","Rc Puram",17.43155,78.44765,17.51362,78.28780,21.6,73,0,"19M/218","19M/218: Ameerpet → Rc Puram (28 stops)"
"Ameerpet","Kphb",17.43155,78.44765,17.49456,78.40081,8.8,31,0,"19M/218","19M/218: Ameerpet → Kphb Metro Station (11 stops)"
"Ameerpet","Pisal Banda",17.43155,78.44765,17.33995,78.50379,12.6,43,3,"218I → 277MP → 277K → 460","218I: Ameerpet → Abids Grammar School (8 stops) | 277MP: Abids Grammar School → Chadarghat (3 stops) | 277K: Chadarghat → Is Sadan (5 stops) | 460: Is Sadan → Pisal Banda (3 stops)"
"Ameerpet","Police Lines",17.43155,78.44765,17.44365,78.47499,4,22,0,"9F","9F: Ameerpet → Prakash Nagar (7 stops)"
"Ameerpet","Uppal X Road",17.43155,78.44765,17.40126,78.56007,15.1,55,1,"9F → 290/186","9F: Ameerpet → Secunderabad Railway Station (13 stops) | 290/186: Secunderabad Railway Station → Uppal X Road (6 stops)"
"Ameerpet","Boats Club",17.43155,78.44765,17.42644,78.48664,6.8,24,1,"83/272 → 5K","83/272: Ameerpet → Telephone Bhavan (7 stops) | 5K: Telephone Bhavan → Boats Club (3 stops)"
"Ameerpet","Womens College",17.43155,78.44765,17.38481,78.48762,7,25,1,"218I → 222","218I: Ameerpet → Abids Grammar School (8 stops) | 222: Abids Grammar School → Koti Maternity Hospital (3 stops)"
"Ameerpet","Hydernagar",17.43155,78.44765,17.49919,78.38352,10.7,36,0,"19M/218","19M/218: Ameerpet → Hydernagar (15 stops)"
"Ameerpet","Charminar",17.43155,78.44765,17.35868,78.47403,10,34,1,"9X/230 → 8A/253M","9X/230: Ameerpet → Osmangunj (10 stops) | 8A/253M: Osmangunj → Charminar (4 stops)"
"Ameerpet","Hitech City",17.43155,78.44765,17.44995,78.38257,8.8,30,0,"113Y/H","113Y/H: Ameerpet → Hitech City (15 stops)"
"Ameerpet","Gandipet X Road",17.43155,78.44765,17.38500,78.33100,18.4,63,2,"218/19M → 65M/123 → 505","218/19M: Ameerpet → Mehdipatnam (10 stops) | 65M/123: Mehdipatnam → Narsingi (11 stops) | 505: Narsingi → Gandipet X Road (4 stops)"
"Ameerpet","Gachibowli",17.43155,78.44765,17.43966,78.36356,11.8,40,1,"113Y/H → 10HW","113Y/H: Ameerpet → Hitech City (15 stops) | 10HW: Hitech City → Telecom Nagar (3 stops)"
"Ameerpet","Miyapur",17.43155,78.44765,17.49669,78.36077,13.4,45,0,"19M/218","19M/218: Ameerpet → Miyapur (18 stops)"
"Ameerpet","Sr Nagar",17.43155,78.44765,17.44027,78.44260,1.5,5,0,"19M/218","19M/218: Ameerpet → Sr Nagar (2 stops)"
"Ameerpet","Begumpet",17.43155,78.44765,17.10805,78.55358,23.9,80,3,"461 → 253L → 478D → 478","461: Ameerpet → Maheswaram Bus Stop (5 stops) | 253L: Maheswaram Bus Stop → Bairaguda (5 stops) | 478D: Bairaguda → Rachloor (3 stops) | 478: Rachloor → Begumpet (2 stops)"
"Ameerpet","Tolichowki",17.43155,78.44765,17.39924,78.41552,7.8,27,1,"218/19M → 116","218/19M: Ameerpet → Mehdipatnam (10 stops) | 116: Mehdipatnam → Tolichowki (3 stops)"
"Ameerpet","Kondapur",17.43155,78.44765,17.46392,78.36725,11.3,38,0,"113Y/K","113Y/K: Ameerpet → Kothaguda X Rd (17 stops)"
"Ameerpet","Madhapur",17.43155,78.44765,17.63017,78.77482,30.6,104,3,"461 → 253L → 478D → 443","461: Ameerpet → Maheswaram Bus Stop (5 stops) | 253L: Maheswaram Bus Stop → Bairaguda (5 stops) | 478D: Bairaguda → Timmapur Village (4 stops) | 443: Thimmapur Bus Stop → Madhapur (3 stops)"
"Ameerpet","Shamshabad",17.43155,78.44765,17.26205,78.38824,15.6,52,0,"252NP","252NP: Ameerpet → Shamshabad (8 stops)"
"Gandipet X Road","Secunderabad Railway Station",17.38500,78.33100,17.43426,78.50158,22.7,78,1,"156/505 → 5K","156/505: Gandipet X Road → Mahavir Hospital (17 stops) | 5K: Mahavir Hospital → Secunderabad Railway Station (7 stops)"
"Gandipet X Road","Afzalgunj",17.38500,78.33100,17.37331,78.47693,16.3,56,2,"120 → 1JK → 72KH","120: Gandipet X Road → Lunger House (12 stops) | 1JK: Langar House(Bapur Nagar) → Jumeraat Bazaar (8 stops) | 72KH: Jumeraat Bazaar → Afzalgunj (2 stops)"
"Gandipet X Road","Alugadda Bhavi",17.38500,78.33100,17.43531,78.51438,23.3,81,1,"156/505 → 15H/20","156/505: Gandipet X Road → Mahavir Hospital (17 stops) | 15H/20: Mahavir Hospital → Alugaddabavi (9 stops)"
"Gandipet X Road","Patny",17.38500,78.33100,17.44318,78.49625,21.6,74,1,"156/505 → 5K","156/505: Gandipet X Road → Mahavir Hospital (17 stops) | 5K: Mahavir Hospital → Bata (5 stops)"
"Gandipet X Road","Cbs",17.38500,78.33100,17.37823,78.48168,17,59,1,"120 → 1JK","120: Gandipet X Road → Lunger House (12 stops) | 1JK: Langar House(Bapur Nagar) → Cbs (11 stops)"
"Gandipet X Road","Erragadda",17.38500,78.33100,17.45617,78.43378,21.2,73,1,"156/505 → 19V/M","156/505: Gandipet X Road → Mehdipatnam (14 stops) | 19V/M: Mehdipatnam → Erragadda (6 stops)"
"Gandipet X Road","Gajularamaram X Road",17.38500,78.33100,17.50941,78.44817,29.1,100,3,"156/505 → 19V/M → 9M → 9M/X","156/505: Gandipet X Road → Mehdipatnam (14 stops) | 19V/M: Mehdipatnam → Erragadda (6 stops) | 9M: Erragadda → Sanath Nagar (3 stops) | 9M/X: Sanath Nagar → Gajularam X Road (9 stops)"
"Gandipet X Road","Jbs",17.38500,78.33100,17.44757,78.49664,22.3,76,2,"156/505 → 5K → 24B","156/505: Gandipet X Road → Mahavir Hospital (17 stops) | 5K: Mahavir Hospital → Bata (5 stops) | 24B: Bata → Jbs (2 stops)"
"Gandipet X Road","Hayathnagar Bus Station",17.38500,78.33100,17.32732,78.60489,34.8,118,0,"156/505","156/505: Gandipet X Road → Hayathnagar Bus Station (46 stops)"
"Gandipet X Road","Rathifile Bus Station",17.38500,78.33100,17.43457,78.50488,22.5,78,2,"156/505 → 15H/20 → 1X","156/505: Gandipet X Road → Mahavir Hospital (17 stops) | 15H/20: Mahavir Hospital → Musheerabad Police Station (7 stops) | 1X: Musheerabad Police Station → Rathifile Bus Station (3 stops)"
"Gandipet X Road","Nampally Public Garoaden",17.38500,78.33100,17.39628,78.47082,19.1,66,1,"156/505 → 116N/L","156/505: Gandipet X Road → Mehdipatnam (14 stops) | 116N/L: Mehdipatnam → Nampally Public Garoaden (7 stops)"
"Gandipet X Road","Lakdikapool",17.38500,78.33100,17.40361,78.46497,16,55,0,"156/505","156/505: Gandipet X Road → Lakdikapool (18 stops)"
"Gandipet X Road","Ecil Bus Terminal",17.38500,78.33100,17.47253,78.57006,32.7,112,1,"156/505 → 15H/20","156/505: Gandipet X Road → Mahavir Hospital (17 stops) | 15H/20: Mahavir Hospital → Ecil Bus Terminal (21 stops)"
"Gandipet X Road","Secretariat",17.38500,78.33100,17.40812,78.47182,17,59,1,"156/505 → 5K","156/505: Gandipet X Road → Mahavir Hospital (17 stops) | 5K: Mahavir Hospital → Secretariat (3 stops)"
"Gandipet X Road","Patancheruvu",17.38500,78.33100,17.52903,78.26428,24.4,84,2,"120 → 316 → 217C","120: Gandipet X Road → Manchirevula X Road (4 stops) | 316: Narsingi → Bhel-Lingampally (13 stops) | 217C: Bhel-Lingampally → Patancheruvu (7 stops)"
"Gandipet X Road","Darul Shifa",17.38500,78.33100,17.37327,78.48299,16.9,58,2,"120 → 1JK → 72KH","120: Gandipet X Road → Lunger House (12 stops) | 1JK: Langar House(Bapur Nagar) → Jumeraat Bazaar (8 stops) | 72KH: Jumeraat Bazaar → Darul Shifa (3 stops)"
"Gandipet X Road","Plaza",17.38500,78.33100,17.44330,78.49066,21.6,74,2,"156/505 → 5K → 8/26S","156/505: Gandipet X Road → Mahavir Hospital (17 stops) | 5K: Mahavir Hospital → Boats Club (4 stops) | 8/26S: Boats Club → Plaza (4 stops)"
"Gandipet X Road","Bluesea Cafe",17.38500,78.33100,17.43713,78.50515,22.5,78,1,"156/505 → 5K","156/505: Gandipet X Road → Mahavir Hospital (17 stops) | 5K: Mahavir Hospital → Ig Statue (7 stops)"
"Gandipet X Road","Tarnaka",17.38500,78.33100,17.42571,78.53223,25.2,87,2,"156/505 → 15H/20 → 250/281","156/505: Gandipet X Road → Mahavir Hospital (17 stops) | 15H/20: Mahavir Hospital → Alugaddabavi (9 stops) | 250/281: Alugaddabavi → Tarnaka (2 stops)"
"Gandipet X Road","Lb Nagar X Road",17.38500,78.33100,17.34699,78.55013,28.7,98,0,"156/505","156/505: Gandipet X Road → Lb Nagar X Road (36 stops)"
"Gandipet X Road","Lingampally Bs",17.38500,78.33100,17.49485,78.31689,17.7,63,1,"120 → 316","120: Gandipet X Road → Manchirevula X Road (4 stops) | 316: Narsingi → Bhel-Lingampally (13 stops)"
"Gandipet X Road","Kukatpally",17.38500,78.33100,17.48385,78.41242,25.1,85,1,"156/505 → 19V/M","156/505: Gandipet X Road → Mehdipatnam (14 stops) | 19V/M: Mehdipatnam → Kukatpally (8 stops)"
"Gandipet X Road","Jublee Bus Station",17.38500,78.33100,17.44761,78.49758,24.3,83,2,"156/505 → 5K → AC","156/505: Gandipet X Road → Mahavir Hospital (17 stops) | 5K: Mahavir Hospital → Secunderabad Railway Station (7 stops) | AC: Secunderabad Railway Station → Jublee Bus Station (2 stops)"
"Gandipet X Road","Ibrahimpatnam Bus Station",17.38500,78.33100,17.19144,78.64766,50,169,2,"156/505 → 277Y → 401","156/505: Gandipet X Road → Chadarghat (24 stops) | 277Y: Chadarghat → Turkyamjal (10 stops) | 401: Turkyamjal → Ibrahimpatnam Bus Station (4 stops)"
"Gandipet X Road","Prashanth Nagar",17.38500,78.33100,17.47378,78.42698,23.3,83,1,"156/505 → 19V/M","156/505: Gandipet X Road → Mehdipatnam (14 stops) | 19V/M: Mehdipatnam → Moosapet (7 stops)"
"Gandipet X Road","Moosapet",17.38500,78.33100,17.47081,78.42668,23,79,1,"156/505 → 19V/M","156/505: Gandipet X Road → Mehdipatnam (14 stops) | 19V/M: Mehdipatnam → Moosapet (7 stops)"
"Gandipet X Road","Cherlapally Bus Stand",17.38500,78.33100,17.46329,78.61145,35.4,121,2,"156/505 → 15H/20 → 250C/R","156/505: Gandipet X Road → Mahavir Hospital (17 stops) | 15H/20: Mahavir Hospital → Alugaddabavi (9 stops) | 250C/R: Alugadda Bhavi → Cherlapally Bus Stand (8 stops)"
"Gandipet X Road","Koti Medical College",17.38500,78.33100,17.38310,78.48282,19.4,67,1,"156/505 → 116G","156/505: Gandipet X Road → Assembly (19 stops) | 116G: Assembly → Koti Medical College (2 stops)"
"Gandipet X Road","Chadarghat",17.38500,78.33100,17.37722,78.49302,21.1,72,0,"156/505","156/505: Gandipet X Road → Chadarghat (24 stops)"
"Gandipet X Road","Kachiguda X Road",17.38500,78.33100,17.39069,78.48938,20.7,75,1,"156/505 → 222","156/505: Gandipet X Road → Koti Bank Strret (22 stops) | 222: Koti Bank Strret → Ramkoti (3 stops)"
"Gandipet X Road","Gandimaisamma",17.38500,78.33100,17.57508,78.42319,36.8,125,3,"156/505 → 19V/M → 9M → 9M/X","156/505: Gandipet X Road → Mehdipatnam (14 stops) | 19V/M: Mehdipatnam → Erragadda (6 stops) | 9M: Erragadda → Sanath Nagar (3 stops) | 9M/X: Sanath Nagar → Gandimaisamma (16 stops)"
"Gandipet X Road","Mehdipatnam",17.38500,78.33100,17.39527,78.43980,13.2,46,0,"156/505","156/505: Gandipet X Road → Mehdipatnam (14 stops)"
"Gandipet X Road","Bata",17.38500,78.33100,17.43600,78.49370,20.8,71,1,"156/505 → 5K","156/505: Gandipet X Road → Mahavir Hospital (17 stops) | 5K: Mahavir Hospital → Bata (5 stops)"
"Gandipet X Road","Jntu X Rd",17.38500,78.33100,17.49672,78.39445,18.4,66,2,"120 → 316 → 195SP","120: Gandipet X Road → Manchirevula X Road (4 stops) | 316: Narsingi → Gachibowli X Road (4 stops) | 195SP: Gachibowli X Road → Jntu X Road (7 stops)"
"Gandipet X Road","Super Bazar",17.38500,78.33100,17.37193,78.50992,22.6,77,0,"156/505","156/505: Gandipet X Road → Super Bazar (27 stops)"
"Gandipet X Road","Race Course",17.38500,78.33100,17.45076,78.48820,22.6,77,2,"156/505 → 5K → 8/26S","156/505: Gandipet X Road → Mahavir Hospital (17 stops) | 5K: Mahavir Hospital → Boats Club (4 stops) | 8/26S: Boats Club → Race Course (5 stops)"
"Gandipet X Road","Punjagutta",17.38500,78.33100,17.42645,78.45141,17.4,60,1,"156/505 → 19V/M","156/505: Gandipet X Road → Mehdipatnam (14 stops) | 19V/M: Mehdipatnam → Panjaguta (4 stops)"
"Gandipet X Road","Balanagar",17.38500,78.33100,17.46697,78.44626,24.2,83,3,"156/505 → 19V/M → 9M → 9M/X","156/505: Gandipet X Road → Mehdipatnam (14 stops) | 19V/M: Mehdipatnam → Erragadda (6 stops) | 9M: Erragadda → Sanath Nagar (3 stops) | 9M/X: Sanath Nagar → Balanagar (3 stops)"
"Gandipet X Road","Chintal",17.38500,78.33100,17.49540,78.45210,27.3,93,3,"156/505 → 19V/M → 9M → 9M/X","156/505: Gandipet X Road → Mehdipatnam (14 stops) | 19V/M: Mehdipatnam → Erragadda (6 stops) | 9M: Erragadda → Sanath Nagar (3 stops) | 9M/X: Sanath Nagar → Chintal (7 stops)"
"Gandipet X Road","Nanal Nagar",17.38500,78.33100,17.39620,78.42700,11.9,42,0,"156/505","156/505: Gandipet X Road → Nanal Nagar (13 stops)"
"Gandipet X Road","Abids Gpo",17.38500,78.33100,17.38757,78.47617,18.9,65,1,"156/505 → 8A/253M","156/505: Gandipet X Road → Nizam College (20 stops) | 8A/253M: Nizam College → Abids Gpo (2 stops)"
"Gandipet X Road","Kachiguda Railway Station",17.38500,78.33100,17.38950,78.49726,19.3,66,2,"120 → 71K/L → 107","120: Gandipet X Road → Lunger House (12 stops) | 71K/L: Langar House(Bapur Nagar) → Chadarghat Kedia College (12 stops) | 107: Chadarghat Kedia College → Kachiguda Railway Station (3 stops)"
"Gandipet X Road","Ghatkesar Bus Station",17.38500,78.33100,17.45213,78.68231,41.3,139,3,"120 → 71K/L → 115RR → 500","120: Gandipet X Road → Lunger House (12 stops) | 71K/L: Langar House(Bapur Nagar) → Chadarghat Kedia College (12 stops) | 115RR: Chadarghat Kedia College → Uppal X Road (12 stops) | 500: Uppal X Road → Ghatkesar Bus Station (2 stops)"
"Gandipet X Road","Chengicherla",17.38500,78.33100,17.43313,78.60845,38.8,132,3,"156/505 → 15H/20 → 250C/R → 250C","156/505: Gandipet X Road → Mahavir Hospital (17 stops) | 15H/20: Mahavir Hospital → Alugaddabavi (9 stops) | 250C/R: Alugadda Bhavi → Cherlapally Bus Stand (8 stops) | 250C: Cherlapally Bus Stand → Chengicherla (3 stops)"
"Gandipet X Road","Quthbullapur X Rd",17.38500,78.33100,17.49890,78.45176,28.6,97,3,"156/505 → 19V/M → 9M → 9M/X","156/505: Gandipet X Road → Mehdipatnam (14 stops) | 19V/M: Mehdipatnam → Erragadda (6 stops) | 9M: Erragadda → Sanath Nagar (3 stops) | 9M/X: Sanath Nagar → Quthbullapur X Rd (9 stops)"
"Gandipet X Road","Shapur Nagar",17.38500,78.33100,17.51600,78.44690,29.7,101,3,"156/505 → 19V/M → 9M → 9M/X","156/505: Gandipet X Road → Mehdipatnam (14 stops) | 19V/M: Mehdipatnam → Erragadda (6 stops) | 9M: Erragadda → Sanath Nagar (3 stops) | 9M/X: Sanath Nagar → Shapur Nagar (10 stops)"
"Gandipet X Road","Panama Godown",17.38500,78.33100,17.33840,78.56864,30.8,105,0,"156/505","156/505: Gandipet X Road → Panama Godown (39 stops)"
"Gandipet X Road","Gachibowli X Road",17.38500,78.33100,17.43903,78.36295,9,32,1,"120 → 316","120: Gandipet X Road → Manchirevula X Road (4 stops) | 316: Narsingi → Gachibowli X Road (4 stops)"
"Gandipet X Road","Abids Grammar School",17.38500,78.33100,17.39333,78.47625,18.2,63,0,"156/505","156/505: Gandipet X Road → Abids Grammar School (21 stops)"
"Gandipet X Road","Dilsukhnagar",17.38500,78.33100,17.36862,78.52366,24.3,83,0,"156/505","156/505: Gandipet X Road → Dilsukhnagar (29 stops)"
"Gandipet X Road","Sathamrai",17.38500,78.33100,17.27452,78.40118,23.9,82,3,"156/505 → 94/220K → 95K → 49M/251","156/505: Gandipet X Road → Langer House (12 stops) | 94/220K: Langer House → Hyderguda (3 stops) | 95K: Hyderguda → Weaker Section (3 stops) | 49M/251: Weaker Section → Sathamrai (6 stops)"
"Gandipet X Road","Gajularam X Road",17.38500,78.33100,17.51010,78.44771,29,99,3,"156/505 → 19V/M → 9M → 9M/X","156/505: Gandipet X Road → Mehdipatnam (14 stops) | 19V/M: Mehdipatnam → Erragadda (6 stops) | 9M: Erragadda → Sanath Nagar (3 stops) | 9M/X: Sanath Nagar → Gajularam X Road (9 stops)"
"Gandipet X Road","Rc Puram",17.38500,78.33100,17.51362,78.28780,21.4,74,2,"120 → 316 → 216M","120: Gandipet X Road → Manchirevula X Road (4 stops) | 316: Narsingi → Bhel-Lingampally (13 stops) | 216M: Bhel-Lingampally → Rc Puram (5 stops)"
"Gandipet X Road","Kphb",17.38500,78.33100,17.49456,78.40081,26.8,92,1,"156/505 → 19V/M","156/505: Gandipet X Road → Mehdipatnam (14 stops) | 19V/M: Mehdipatnam → Kphb Metro Station (9 stops)"
"Gandipet X Road","Pisal Banda",17.38500,78.33100,17.33995,78.50379,25.6,88,2,"156/505 → 277K → 460","156/505: Gandipet X Road → Chadarghat (24 stops) | 277K: Chadarghat → Is Sadan (5 stops) | 460: Is Sadan → Pisal Banda (3 stops)"
"Gandipet X Road","Police Lines",17.38500,78.33100,17.44365,78.47499,20.7,71,3,"156/505 → 19V/M → 19BM → 10JB","156/505: Gandipet X Road → Mehdipatnam (14 stops) | 19V/M: Mehdipatnam → Banjara Hills Road No 7 Taj Krishna (3 stops) | 19BM: Banjara Hills Road No 7 Taj Krishna → Rj College (2 stops) | 10JB: Rj College → Police Lines (2 stops)"
"Gandipet X Road","Uppal X Road",17.38500,78.33100,17.40126,78.56007,26.7,91,1,"156/505 → 113K","156/505: Gandipet X Road → Mahavir Hospital (17 stops) | 113K: Telephone Bhavan → Modern Bakery (7 stops)"
"Gandipet X Road","Boats Club",17.38500,78.33100,17.42644,78.48664,19.5,67,1,"156/505 → 5K","156/505: Gandipet X Road → Mahavir Hospital (17 stops) | 5K: Mahavir Hospital → Boats Club (4 stops)"
"Gandipet X Road","Womens College",17.38500,78.33100,17.38481,78.48762,19.9,69,0,"156/505","156/505: Gandipet X Road → Koti Bank Strret (22 stops)"
"Gandipet X Road","Hydernagar",17.38500,78.33100,17.49919,78.38352,19.6,76,2,"120 → 316 → 195SP","120: Gandipet X Road → Manchirevula X Road (4 stops) | 316: Narsingi → Gachibowli X Road (4 stops) | 195SP: Gachibowli X Road → Nizampet X Road (8 stops)"
"Gandipet X Road","Charminar",17.38500,78.33100,17.35868,78.47403,18.8,65,3,"120 → 1JK → 72KH → 253M","120: Gandipet X Road → Lunger House (12 stops) | 1JK: Langar House(Bapur Nagar) → Jumeraat Bazaar (8 stops) | 72KH: Jumeraat Bazaar → Darul Shifa (3 stops) | 253M: Darul Shifa → Charminar (2 stops)"
"Gandipet X Road","Hitech City",17.38500,78.33100,17.44995,78.38257,27.3,95,2,"156/505 → 19V/M → 10F/V","156/505: Gandipet X Road → Mehdipatnam (14 stops) | 19V/M: Mehdipatnam → Erragadda (6 stops) | 10F/V: Erragadda → Cyber Towers (8 stops)"
"Gandipet X Road","Ameerpet",17.38500,78.33100,17.43155,78.44765,18.1,62,1,"156/505 → 19V/M","156/505: Gandipet X Road → Mehdipatnam (14 stops) | 19V/M: Mehdipatnam → Panjaguta (4 stops)"
"Gandipet X Road","Gachibowli",17.38500,78.33100,17.43966,78.36356,9.1,34,1,"120 → 316","120: Gandipet X Road → Manchirevula X Road (4 stops) | 316: Narsingi → Gachibowli X Road (4 stops)"
"Gandipet X Road","Miyapur",17.38500,78.33100,17.49669,78.36077,22.4,79,2,"120 → 316 → 219P","120: Gandipet X Road → Manchirevula X Road (4 stops) | 316: Narsingi → Bhel-Lingampally (13 stops) | 219P: Lingampally → Miyapur (3 stops)"
"Gandipet X Road","Sr Nagar",17.38500,78.33100,17.44027,78.44260,19.5,67,1,"156/505 → 19V/M","156/505: Gandipet X Road → Mehdipatnam (14 stops) | 19V/M: Mehdipatnam → Sr Nagar (5 stops)"
"Gandipet X Road","Begumpet",17.38500,78.33100,17.10805,78.55358,50.2,169,3,"156/505 → 94/220K → 85/253L → 478","156/505: Gandipet X Road → Langer House (12 stops) | 94/220K: Langer House → Falaknuma Rly Bridge (9 stops) | 85/253L: Falaknuma Rly Bridge → Lemoor (14 stops) | 478: Lemoor → Begumpet (4 stops)"
"Gandipet X Road","Tolichowki",17.38500,78.33100,17.39924,78.41552,12.2,43,1,"120 → 65M/123","120: Gandipet X Road → Manchirevula X Road (4 stops) | 65M/123: Manchirevula X Road → Tolichowki (10 stops)"
"Gandipet X Road","Kondapur",17.38500,78.33100,17.46392,78.36725,11.8,43,2,"120 → 316 → AK","120: Gandipet X Road → Manchirevula X Road (4 stops) | 316: Narsingi → Gachibowli X Road (4 stops) | AK: Gachibowli → Kondapur (3 stops)"
"Gandipet X Road","Madhapur",17.38500,78.33100,17.63017,78.77482,64.2,217,2,"156/505 → 15H/20 → 546","156/505: Gandipet X Road → Mahavir Hospital (17 stops) | 15H/20: Mahavir Hospital → Nagaram (26 stops) | 546: Nagaram → Madhapur (13 stops)"
"Gandipet X Road","Shamshabad",17.38500,78.33100,17.26205,78.38824,25.9,88,3,"156/505 → 94/220K → 95K → 49M/251","156/505: Gandipet X Road → Langer House (12 stops) | 94/220K: Langer House → Hyderguda (3 stops) | 95K: Hyderguda → Weaker Section (3 stops) | 49M/251: Weaker Section → Shamshabad (7 stops)"
"Gachibowli","Secunderabad Railway Station",17.43966,78.36356,17.43426,78.50158,19.2,66,1,"300A/217 → 10W","300A/217: Gachibowli X Road → Nanal Nagar (5 stops) | 10W: Nanal Nagar → Secunderabad Railway Station (13 stops)"
"Gachibowli","Afzalgunj",17.43966,78.36356,17.37331,78.47693,16.9,59,1,"300A/217 → 217","300A/217: Gachibowli X Road → Nanal Nagar (5 stops) | 217: Nanal Nagar → Afzalganj Central Library (12 stops)"
"Gachibowli","Alugadda Bhavi",17.43966,78.36356,17.43531,78.51438,20.6,70,2,"300A/217 → 10W → 186","300A/217: Gachibowli X Road → Nanal Nagar (5 stops) | 10W: Nanal Nagar → Secunderabad Railway Station (13 stops) | 186: Secunderabad Railway Station → Alugadda Bhavi (2 stops)"
"Gachibowli","Patny",17.43966,78.36356,17.44318,78.49625,17.9,62,1,"195SP → 10HW","195SP: Gachibowli X Road → Tcs Deccan Park (3 stops) | 10HW: Tcs Deccan Park → Plaza (11 stops)"
"Gachibowli","Cbs",17.43966,78.36356,17.37823,78.48168,16.3,56,1,"300A/217 → 116/220K","300A/217: Gachibowli X Road → Nanal Nagar (5 stops) | 116/220K: Nanal Nagar → Cbs (7 stops)"
"Gachibowli","Erragadda",17.43966,78.36356,17.45617,78.43378,11.2,41,1,"195SP → 9F","195SP: Gachibowli X Road → Tcs Deccan Park (3 stops) | 9F: Tcs Deccan Park → Erragadda (11 stops)"
"Gachibowli","Gajularamaram X Road",17.43966,78.36356,17.50941,78.44817,17.8,62,2,"195SP → 198/171K → 9X/171","195SP: Gachibowli X Road → Jntu X Road (7 stops) | 198/171K: Jntu X Road → Gajularamaram (9 stops) | 9X/171: Gajularamaram → Gajularamaram X Road (5 stops)"
"Gachibowli","Jbs",17.43966,78.36356,17.44757,78.49664,18.6,64,2,"195SP → 10HW → 49E/22","195SP: Gachibowli X Road → Tcs Deccan Park (3 stops) | 10HW: Tcs Deccan Park → Plaza (11 stops) | 49E/22: Plaza → Jbs (3 stops)"
"Gachibowli","Hayathnagar Bus Station",17.43966,78.36356,17.32732,78.60489,34.8,118,0,"216/118W","216/118W: Gachibowli X Road → Hayathnagar Bus Station (5 stops)"
"Gachibowli","Rathifile Bus Station",17.43966,78.36356,17.43457,78.50488,19.6,67,1,"300A/217 → 10W","300A/217: Gachibowli X Road → Nanal Nagar (5 stops) | 10W: Nanal Nagar → Secunderabad Railway Station (13 stops)"
"Gachibowli","Nampally Public Garoaden",17.43966,78.36356,17.39628,78.47082,14.2,49,1,"300A/217 → 217","300A/217: Gachibowli X Road → Nanal Nagar (5 stops) | 217: Nanal Nagar → Public Garden (8 stops)"
"Gachibowli","Lakdikapool",17.43966,78.36356,17.40361,78.46497,12.6,44,1,"300A/217 → 217","300A/217: Gachibowli X Road → Nanal Nagar (5 stops) | 217: Nanal Nagar → Lakdikapool (6 stops)"
"Gachibowli","Ecil Bus Terminal",17.43966,78.36356,17.47253,78.57006,28.7,97,2,"300A/217 → 10W → 37/8A","300A/217: Gachibowli X Road → Nanal Nagar (5 stops) | 10W: Nanal Nagar → Bata (11 stops) | 37/8A: Bata → Ecil Bus Terminal (8 stops)"
"Gachibowli","Secretariat",17.43966,78.36356,17.40812,78.47182,13.6,47,1,"300A/217 → 10W","300A/217: Gachibowli X Road → Nanal Nagar (5 stops) | 10W: Nanal Nagar → Secretariat (7 stops)"
"Gachibowli","Patancheruvu",17.43966,78.36356,17.52903,78.26428,15.5,52,1,"300C/216 → 300A/217","300C/216: Gachibowli → Lingampally Bs (6 stops) | 300A/217: Lingampally Bs → Patancheruvu (5 stops)"
"Gachibowli","Darul Shifa",17.43966,78.36356,17.37327,78.48299,17.6,62,1,"300A/217 → 217","300A/217: Gachibowli X Road → Nanal Nagar (5 stops) | 217: Nanal Nagar → Afzalganj Central Library (12 stops)"
"Gachibowli","Plaza",17.43966,78.36356,17.44330,78.49066,17.5,61,1,"195SP → 10HW","195SP: Gachibowli X Road → Tcs Deccan Park (3 stops) | 10HW: Tcs Deccan Park → Plaza (11 stops)"
"Gachibowli","Bluesea Cafe",17.43966,78.36356,17.43713,78.50515,19.7,67,1,"300A/217 → 10W","300A/217: Gachibowli X Road → Nanal Nagar (5 stops) | 10W: Nanal Nagar → Secunderabad Railway Station (13 stops)"
"Gachibowli","Tarnaka",17.43966,78.36356,17.42571,78.53223,22.8,77,2,"300A/217 → 10W → 186","300A/217: Gachibowli X Road → Nanal Nagar (5 stops) | 10W: Nanal Nagar → Secunderabad Railway Station (13 stops) | 186: Secunderabad Railway Station → Tarnaka (3 stops)"
"Gachibowli","Lb Nagar X Road",17.43966,78.36356,17.34699,78.55013,24.8,85,2,"300A/217 → 116/220K → 277MP","300A/217: Gachibowli X Road → Nanal Nagar (5 stops) | 116/220K: Nanal Nagar → Abids Grammar School (5 stops) | 277MP: Abids Grammar School → Lb Nagar (14 stops)"
"Gachibowli","Lingampally Bs",17.43966,78.36356,17.49485,78.31689,8.6,29,0,"300C/216","300C/216: Gachibowli → Lingampally Bs (6 stops)"
"Gachibowli","Kukatpally",17.43966,78.36356,17.48385,78.41242,11.7,42,1,"195SP → 10MN","195SP: Gachibowli X Road → Jntu X Road (7 stops) | 10MN: Jntu X Road → Kukatpally (3 stops)"
"Gachibowli","Jublee Bus Station",17.43966,78.36356,17.44761,78.49758,20.8,71,2,"300A/217 → 10W → AC","300A/217: Gachibowli X Road → Nanal Nagar (5 stops) | 10W: Nanal Nagar → Secunderabad Railway Station (13 stops) | AC: Secunderabad Railway Station → Jublee Bus Station (2 stops)"
"Gachibowli","Ibrahimpatnam Bus Station",17.43966,78.36356,17.19144,78.64766,47.7,160,2,"300A/217 → 116/220K → 277MP","300A/217: Gachibowli X Road → Nanal Nagar (5 stops) | 116/220K: Nanal Nagar → Abids Grammar School (5 stops) | 277MP: Abids Grammar School → Ibrahimpatnam Bus Station (30 stops)"
"Gachibowli","Prashanth Nagar",17.43966,78.36356,17.47378,78.42698,11.9,44,2,"195SP → 9F → 10Y/F","195SP: Gachibowli X Road → Tcs Deccan Park (3 stops) | 9F: Tcs Deccan Park → Pr Nagar (9 stops) | 10Y/F: Pr Nagar → Kukatpally Bus Depot (5 stops)"
"Gachibowli","Moosapet",17.43966,78.36356,17.47081,78.42668,11.5,42,2,"195SP → 9F → 10Y/F","195SP: Gachibowli X Road → Tcs Deccan Park (3 stops) | 9F: Tcs Deccan Park → Pr Nagar (9 stops) | 10Y/F: Pr Nagar → Moosapet (4 stops)"
"Gachibowli","Cherlapally Bus Stand",17.43966,78.36356,17.46329,78.61145,32.8,111,3,"300A/217 → 10W → 186 → 250C/R","300A/217: Gachibowli X Road → Nanal Nagar (5 stops) | 10W: Nanal Nagar → Secunderabad Railway Station (13 stops) | 186: Secunderabad Railway Station → Tarnaka (3 stops) | 250C/R: Tarnaka → Cherlapally Bus Stand (7 stops)"
"Gachibowli","Koti Medical College",17.43966,78.36356,17.38310,78.48282,15.7,54,1,"300A/217 → 116/220K","300A/217: Gachibowli X Road → Nanal Nagar (5 stops) | 116/220K: Nanal Nagar → Koti Medical College (6 stops)"
"Gachibowli","Chadarghat",17.43966,78.36356,17.37722,78.49302,17.1,59,2,"300A/217 → 116/220K → 277MP","300A/217: Gachibowli X Road → Nanal Nagar (5 stops) | 116/220K: Nanal Nagar → Abids Grammar School (5 stops) | 277MP: Abids Grammar School → Chadarghat (3 stops)"
"Gachibowli","Kachiguda X Road",17.43966,78.36356,17.39069,78.48938,16.9,61,2,"300A/217 → 10W → 83/272","300A/217: Gachibowli X Road → Nanal Nagar (5 stops) | 10W: Nanal Nagar → Secretariat (7 stops) | 83/272: Secretariat → Kacheguda X Road (9 stops)"
"Gachibowli","Gandimaisamma",17.43966,78.36356,17.57508,78.42319,22,74,2,"AK → 222M → 219/229","AK: Gachibowli → Kothaguda X Rd (2 stops) | 222M: Kothaguda X Rd → Miyapur X Road (7 stops) | 219/229: Miyapur X Road → Gandimaisamma (11 stops)"
"Gachibowli","Mehdipatnam",17.43966,78.36356,17.39527,78.43980,9.8,34,1,"300A/217 → 217","300A/217: Gachibowli X Road → Nanal Nagar (5 stops) | 217: Nanal Nagar → Mehdipatnam (2 stops)"
"Gachibowli","Bata",17.43966,78.36356,17.43600,78.49370,17.6,60,1,"300A/217 → 10W","300A/217: Gachibowli X Road → Nanal Nagar (5 stops) | 10W: Nanal Nagar → Bata (11 stops)"
"Gachibowli","Jntu X Rd",17.43966,78.36356,17.49672,78.39445,9.4,34,0,"195SP","195SP: Gachibowli X Road → Jntu X Road (7 stops)"
"Gachibowli","Super Bazar",17.43966,78.36356,17.37193,78.50992,18.7,64,2,"300A/217 → 116/220K → 277MP","300A/217: Gachibowli X Road → Nanal Nagar (5 stops) | 116/220K: Nanal Nagar → Abids Grammar School (5 stops) | 277MP: Abids Grammar School → Super Bazar (6 stops)"
"Gachibowli","Race Course",17.43966,78.36356,17.45076,78.48820,18.3,64,1,"195SP → 10HW","195SP: Gachibowli X Road → Tcs Deccan Park (3 stops) | 10HW: Tcs Deccan Park → Plaza (11 stops)"
"Gachibowli","Punjagutta",17.43966,78.36356,17.42645,78.45141,13.9,49,2,"195SP → 10HW → 224/47D","195SP: Gachibowli X Road → Tcs Deccan Park (3 stops) | 10HW: Tcs Deccan Park → Sr Nagar (8 stops) | 224/47D: Sr Nagar → Punjagutta (2 stops)"
"Gachibowli","Balanagar",17.43966,78.36356,17.46697,78.44626,15.8,55,1,"195SP → 198/224","195SP: Gachibowli X Road → Jntu X Road (7 stops) | 198/224: Kphb → Balanagar (4 stops)"
"Gachibowli","Chintal",17.43966,78.36356,17.49540,78.45210,18.9,66,1,"195SP → 198/224","195SP: Gachibowli X Road → Jntu X Road (7 stops) | 198/224: Kphb → Chintal (8 stops)"
"Gachibowli","Nanal Nagar",17.43966,78.36356,17.39620,78.42700,8.5,30,0,"300A/217","300A/217: Gachibowli X Road → Nanal Nagar (5 stops)"
"Gachibowli","Abids Gpo",17.43966,78.36356,17.38757,78.47617,15,52,1,"300A/217 → 116/220K","300A/217: Gachibowli X Road → Nanal Nagar (5 stops) | 116/220K: Nanal Nagar → Abids Grammar School (5 stops)"
"Gachibowli","Kachiguda Railway Station",17.43966,78.36356,17.38950,78.49726,18.5,63,2,"300A/217 → 116/220K → 65K/123","300A/217: Gachibowli X Road → Nanal Nagar (5 stops) | 116/220K: Nanal Nagar → Cbs (7 stops) | 65K/123: Cbs → Kachiguda Railway Station (3 stops)"
"Gachibowli","Ghatkesar Bus Station",17.43966,78.36356,17.45213,78.68231,67.2,226,3,"216/118W → 555 → 205 → 543","216/118W: Gachibowli X Road → Hayathnagar Bus Station (5 stops) | 555: Hayathnagar Bus Station → Abdullapurmet (5 stops) | 205: Abdullapurmet → Guvvaleti X Road (8 stops) | 543: Guvvaleti X Road → Ghatkesar Bus Station (10 stops)"
"Gachibowli","Quthbullapur X Rd",17.43966,78.36356,17.49890,78.45176,19,66,2,"195SP → 198/171K → 9X/171","195SP: Gachibowli X Road → Jntu X Road (7 stops) | 198/171K: Jntu X Road → Gajularamaram (9 stops) | 9X/171: Gajularamaram → Quthbullapur X Rd (6 stops)"
"Gachibowli","Shapur Nagar",17.43966,78.36356,17.51600,78.44690,18.6,64,2,"195SP → 198/171K → 9X/171","195SP: Gachibowli X Road → Jntu X Road (7 stops) | 198/171K: Jntu X Road → Gajularamaram (9 stops) | 9X/171: Gajularamaram → Gajularamaram X Road (5 stops)"
"Gachibowli","Panama Godown",17.43966,78.36356,17.33840,78.56864,29.8,105,1,"216/118W → 1V","216/118W: Gachibowli X Road → Lb Nagar (District Stop) (3 stops) | 1V: Chintalkunta Check Post → Panama Godown (3 stops)"
"Gachibowli","Gachibowli X Road",17.43966,78.36356,17.43903,78.36295,0.1,2,0,"",""
"Gachibowli","Abids Grammar School",17.43966,78.36356,17.39333,78.47625,14.4,49,1,"300A/217 → 116/220K","300A/217: Gachibowli X Road → Nanal Nagar (5 stops) | 116/220K: Nanal Nagar → Abids Grammar School (5 stops)"
"Gachibowli","Dilsukhnagar",17.43966,78.36356,17.36862,78.52366,20.3,69,2,"300A/217 → 116/220K → 277MP","300A/217: Gachibowli X Road → Nanal Nagar (5 stops) | 116/220K: Nanal Nagar → Abids Grammar School (5 stops) | 277MP: Abids Grammar School → Dilsukhnagar (8 stops)"
"Gachibowli","Sathamrai",17.43966,78.36356,17.27452,78.40118,21.2,74,1,"216/118W → 49M/251","216/118W: Gachibowli X Road → Aramghar X Roads (2 stops) | 49M/251: Aramghar → Sathamrai (4 stops)"
"Gachibowli","Gajularam X Road",17.43966,78.36356,17.51010,78.44771,17.9,63,2,"195SP → 198/171K → 9X/171","195SP: Gachibowli X Road → Jntu X Road (7 stops) | 198/171K: Jntu X Road → Gajularamaram (9 stops) | 9X/171: Gajularamaram → Gajularamaram X Road (5 stops)"
"Gachibowli","Rc Puram",17.43966,78.36356,17.51362,78.28780,12.4,42,1,"300C/216 → 300A/217","300C/216: Gachibowli → Lingampally Bs (6 stops) | 300A/217: Lingampally Bs → Rc Puram (3 stops)"
"Gachibowli","Kphb",17.43966,78.36356,17.49456,78.40081,10.1,36,0,"195SP","195SP: Gachibowli X Road → Jntu X Road (7 stops)"
"Gachibowli","Pisal Banda",17.43966,78.36356,17.33995,78.50379,22,75,3,"300A/217 → 471/92C → 300/532 → 300/253","300A/217: Gachibowli X Road → Nanal Nagar (5 stops) | 471/92C: Nanal Nagar → Hashamabad (2 stops) | 300/532: Hashamabad → Phoolbagh (2 stops) | 300/253: Phoolbagh → Pisal Banda (2 stops)"
"Gachibowli","Police Lines",17.43966,78.36356,17.44365,78.47499,15.9,57,2,"195SP → 10HW → 10JB","195SP: Gachibowli X Road → Tcs Deccan Park (3 stops) | 10HW: Tcs Deccan Park → Greenland/ Rj College (9 stops) | 10JB: Rj College → Police Lines (2 stops)"
"Gachibowli","Uppal X Road",17.43966,78.36356,17.40126,78.56007,23.3,79,2,"300A/217 → 6N/47W → 113K","300A/217: Gachibowli X Road → Nanal Nagar (5 stops) | 6N/47W: Nanal Nagar → Telephone Bhavan (7 stops) | 113K: Telephone Bhavan → Modern Bakery (7 stops)"
"Gachibowli","Boats Club",17.43966,78.36356,17.42644,78.48664,16.2,56,1,"300A/217 → 10W","300A/217: Gachibowli X Road → Nanal Nagar (5 stops) | 10W: Nanal Nagar → Boats Club (9 stops)"
"Gachibowli","Womens College",17.43966,78.36356,17.38481,78.48762,16.1,56,2,"300A/217 → 116/220K → 222","300A/217: Gachibowli X Road → Nanal Nagar (5 stops) | 116/220K: Nanal Nagar → Abids Grammar School (5 stops) | 222: Abids Grammar School → Koti Maternity Hospital (3 stops)"
"Gachibowli","Hydernagar",17.43966,78.36356,17.49919,78.38352,10.6,38,1,"195SP → 219/272G","195SP: Gachibowli X Road → Jntu X Road (7 stops) | 219/272G: Jntu X Road → Hydernagar (2 stops)"
"Gachibowli","Charminar",17.43966,78.36356,17.35868,78.47403,22.6,78,2,"300A/217 → 471/92C → 178G","300A/217: Gachibowli X Road → Nanal Nagar (5 stops) | 471/92C: Nanal Nagar → Hashamabad (2 stops) | 178G: Hashamabad → Charminar (9 stops)"
"Gachibowli","Hitech City",17.43966,78.36356,17.44995,78.38257,4.2,16,0,"195SP","195SP: Gachibowli X Road → Tcs Deccan Park (3 stops)"
"Gachibowli","Ameerpet",17.43966,78.36356,17.43155,78.44765,12.9,45,1,"195SP → 10HW","195SP: Gachibowli X Road → Tcs Deccan Park (3 stops) | 10HW: Tcs Deccan Park → Sr Nagar (8 stops)"
"Gachibowli","Gandipet X Road",17.43966,78.36356,17.38500,78.33100,8.9,32,1,"316 → 120","316: Gachibowli Orr → Manchirevula X Road (4 stops) | 120: Manchirevula X Road → Gandipet X Road (4 stops)"
"Gachibowli","Miyapur",17.43966,78.36356,17.49669,78.36077,7.7,26,1,"AK → 222M","AK: Gachibowli → Kothaguda X Rd (2 stops) | 222M: Kothaguda X Rd → Miyapur (6 stops)"
"Gachibowli","Sr Nagar",17.43966,78.36356,17.44027,78.44260,12.1,43,1,"195SP → 10HW","195SP: Gachibowli X Road → Tcs Deccan Park (3 stops) | 10HW: Tcs Deccan Park → Sr Nagar (8 stops)"
"Gachibowli","Begumpet",17.43966,78.36356,17.10805,78.55358,48.7,164,2,"300A/217 → 471/92C → 478","300A/217: Gachibowli X Road → Nanal Nagar (5 stops) | 471/92C: Rethi Bowli → Imamguda (9 stops) | 478: Imamguda → Begumpet (7 stops)"
"Gachibowli","Tolichowki",17.43966,78.36356,17.39924,78.41552,7.2,26,0,"300A/217","300A/217: Gachibowli X Road → Brindavan Colony (4 stops)"
"Gachibowli","Kondapur",17.43966,78.36356,17.46392,78.36725,2.7,10,0,"AK","AK: Gachibowli → Kondapur (3 stops)"
"Gachibowli","Madhapur",17.43966,78.36356,17.63017,78.77482,60,201,3,"300A/217 → 10W → 37/8A → 546","300A/217: Gachibowli X Road → Nanal Nagar (5 stops) | 10W: Nanal Nagar → Bata (11 stops) | 37/8A: Bata → Kushaiguda (9 stops) | 546: Kushaiguda → Madhapur (14 stops)"
"Gachibowli","Shamshabad",17.43966,78.36356,17.26205,78.38824,21.9,75,0,"315","315: Gachibowli Orr → Shamshabad (4 stops)"
"Miyapur","Secunderabad Railway Station",17.49669,78.36077,17.43426,78.50158,17.9,63,0,"224/219","224/219: Miyapur → Secunderabad Railway Station (11 stops)"
"Miyapur","Afzalgunj",17.49669,78.36077,17.37331,78.47693,20.9,73,3,"224/219 → 113K → 127N → 8","224/219: Miyapur → Kukatpally (4 stops) | 113K: Kukatpally → Telephone Bhavan (7 stops) | 127N: Telephone Bhavan → Abids Grammar School (3 stops) | 8: Abids Grammar School → Afzalgunj (4 stops)"
"Miyapur","Alugadda Bhavi",17.49669,78.36077,17.43531,78.51438,19.2,68,1,"224/219 → 186","224/219: Miyapur → Secunderabad Railway Station (11 stops) | 186: Secunderabad Railway Station → Alugadda Bhavi (2 stops)"
"Miyapur","Patny",17.49669,78.36077,17.44318,78.49625,16.7,60,0,"224/219","224/219: Miyapur → Patny (10 stops)"
"Miyapur","Cbs",17.49669,78.36077,17.37823,78.48168,20.5,72,2,"224/219 → 113K → 116G","224/219: Miyapur → Kukatpally (4 stops) | 113K: Kukatpally → Telephone Bhavan (7 stops) | 116G: Assembly → Cbs (3 stops)"
"Miyapur","Erragadda",17.49669,78.36077,17.45617,78.43378,10.2,34,0,"10MN","10MN: Miyapur → Erragadda (7 stops)"
"Miyapur","Gajularamaram X Road",17.49669,78.36077,17.50941,78.44817,12.4,45,1,"219P → 171KJ","219P: Miyapur → Kphb (3 stops) | 171KJ: Kphb → Gajularamaram X Road (14 stops)"
"Miyapur","Jbs",17.49669,78.36077,17.44757,78.49664,16.6,60,1,"224/219 → 511","224/219: Miyapur → Tadbund (8 stops) | 511: Tadbund → Jublee Bus Station (2 stops)"
"Miyapur","Hayathnagar Bus Station",17.49669,78.36077,17.32732,78.60489,38.2,131,2,"224/219 → 186 → 72/208C","224/219: Miyapur → Secunderabad Railway Station (11 stops) | 186: Secunderabad Railway Station → Lb Nagar X Road (9 stops) | 72/208C: Lb Nagar X Road → Hayathnagar Bus Station (10 stops)"
"Miyapur","Rathifile Bus Station",17.49669,78.36077,17.43457,78.50488,18.2,65,0,"224/219","224/219: Miyapur → Secunderabad Railway Station (11 stops)"
"Miyapur","Nampally Public Garoaden",17.49669,78.36077,17.39628,78.47082,18.1,65,1,"224/219 → 113K","224/219: Miyapur → Kukatpally (4 stops) | 113K: Kukatpally → Telephone Bhavan (7 stops)"
"Miyapur","Lakdikapool",17.49669,78.36077,17.40361,78.46497,16.6,59,1,"224/219 → 113K","224/219: Miyapur → Kukatpally (4 stops) | 113K: Kukatpally → Khairatabad (6 stops)"
"Miyapur","Ecil Bus Terminal",17.49669,78.36077,17.47253,78.57006,27.1,97,1,"224/219 → 37/8A","224/219: Miyapur → Patny (10 stops) | 37/8A: Clock Tower → Ecil Bus Terminal (7 stops)"
"Miyapur","Secretariat",17.49669,78.36077,17.40812,78.47182,17.4,62,1,"224/219 → 113K","224/219: Miyapur → Kukatpally (4 stops) | 113K: Kukatpally → Telephone Bhavan (7 stops)"
"Miyapur","Patancheruvu",17.49669,78.36077,17.52903,78.26428,11.2,38,1,"224L → 300A/217","224L: Miyapur → Lingampally Bs (4 stops) | 300A/217: Lingampally Bs → Patancheruvu (5 stops)"
"Miyapur","Darul Shifa",17.49669,78.36077,17.37327,78.48299,21.5,76,3,"224/219 → 113K → 127N → 8A","224/219: Miyapur → Kukatpally (4 stops) | 113K: Kukatpally → Telephone Bhavan (7 stops) | 127N: Telephone Bhavan → Abids Grammar School (3 stops) | 8A: Abids Grammar School → Darul Shifa (5 stops)"
"Miyapur","Plaza",17.49669,78.36077,17.44330,78.49066,17.6,59,0,"10MN","10MN: Miyapur → Plaza (11 stops)"
"Miyapur","Bluesea Cafe",17.49669,78.36077,17.43713,78.50515,17.9,63,1,"224/219 → 227G","224/219: Miyapur → Patny (10 stops) | 227G: Patny → Bluesea Cafe (3 stops)"
"Miyapur","Tarnaka",17.49669,78.36077,17.42571,78.53223,21.4,75,1,"224/219 → 186","224/219: Miyapur → Secunderabad Railway Station (11 stops) | 186: Secunderabad Railway Station → Tarnaka (3 stops)"
"Miyapur","Lb Nagar X Road",17.49669,78.36077,17.34699,78.55013,31.4,109,1,"224/219 → 186","224/219: Miyapur → Secunderabad Railway Station (11 stops) | 186: Secunderabad Railway Station → Lb Nagar X Road (9 stops)"
"Miyapur","Lingampally Bs",17.49669,78.36077,17.49485,78.31689,4.4,15,0,"224L","224L: Miyapur → Lingampally Bs (4 stops)"
"Miyapur","Kukatpally",17.49669,78.36077,17.48385,78.41242,6.4,25,0,"224/219","224/219: Miyapur → Kukatpally (4 stops)"
"Miyapur","Jublee Bus Station",17.49669,78.36077,17.44761,78.49758,16.5,59,1,"224/219 → 511","224/219: Miyapur → Tadbund (8 stops) | 511: Tadbund → Jublee Bus Station (2 stops)"
"Miyapur","Ibrahimpatnam Bus Station",17.49669,78.36077,17.19144,78.64766,52,177,3,"224/219 → 113K → 127N → 277MP","224/219: Miyapur → Kukatpally (4 stops) | 113K: Kukatpally → Telephone Bhavan (7 stops) | 127N: Telephone Bhavan → Abids Grammar School (3 stops) | 277MP: Abids Grammar School → Ibrahimpatnam Bus Station (30 stops)"
"Miyapur","Prashanth Nagar",17.49669,78.36077,17.47378,78.42698,8.3,33,0,"224/219","224/219: Miyapur → Prashanth Ngr (5 stops)"
"Miyapur","Moosapet",17.49669,78.36077,17.47081,78.42668,8.4,28,0,"10MN","10MN: Miyapur → Moosapet (6 stops)"
"Miyapur","Cherlapally Bus Stand",17.49669,78.36077,17.46329,78.61145,31.4,108,2,"224/219 → 186 → 250C/R","224/219: Miyapur → Secunderabad Railway Station (11 stops) | 186: Secunderabad Railway Station → Tarnaka (3 stops) | 250C/R: Tarnaka → Cherlapally Bus Stand (7 stops)"
"Miyapur","Koti Medical College",17.49669,78.36077,17.38310,78.48282,20,70,3,"224/219 → 113K → 127N → 218I","224/219: Miyapur → Kukatpally (4 stops) | 113K: Kukatpally → Telephone Bhavan (7 stops) | 127N: Telephone Bhavan → Abids Grammar School (3 stops) | 218I: Abids Grammar School → Koti Medical College (2 stops)"
"Miyapur","Chadarghat",17.49669,78.36077,17.37722,78.49302,21.4,75,3,"224/219 → 113K → 127N → 277MP","224/219: Miyapur → Kukatpally (4 stops) | 113K: Kukatpally → Telephone Bhavan (7 stops) | 127N: Telephone Bhavan → Abids Grammar School (3 stops) | 277MP: Abids Grammar School → Chadarghat (3 stops)"
"Miyapur","Kachiguda X Road",17.49669,78.36077,17.39069,78.48938,22.6,80,2,"224/219 → 113K → 83/272","224/219: Miyapur → Kukatpally (4 stops) | 113K: Kukatpally → Telephone Bhavan (7 stops) | 83/272: Telephone Bhavan → Kachiguda X Road (13 stops)"
"Miyapur","Gandimaisamma",17.49669,78.36077,17.57508,78.42319,14.6,53,0,"219/229","219/229: Miyapur → Gandimaisamma (12 stops)"
"Miyapur","Mehdipatnam",17.49669,78.36077,17.39527,78.43980,18.4,65,1,"224/219 → 19MP/272","224/219: Miyapur → Kukatpally (4 stops) | 19MP/272: Kukatpally → Mehdipatnam (8 stops)"
"Miyapur","Bata",17.49669,78.36077,17.43600,78.49370,17.5,62,0,"224/219","224/219: Miyapur → Patny (10 stops)"
"Miyapur","Jntu X Rd",17.49669,78.36077,17.49672,78.39445,4,14,0,"10MN","10MN: Miyapur → Jntu X Road (3 stops)"
"Miyapur","Super Bazar",17.49669,78.36077,17.37193,78.50992,22.9,80,3,"224/219 → 113K → 127N → 277MP","224/219: Miyapur → Kukatpally (4 stops) | 113K: Kukatpally → Telephone Bhavan (7 stops) | 127N: Telephone Bhavan → Abids Grammar School (3 stops) | 277MP: Abids Grammar School → Super Bazar (6 stops)"
"Miyapur","Race Course",17.49669,78.36077,17.45076,78.48820,15.5,56,0,"224/219","224/219: Miyapur → Race Course (9 stops)"
"Miyapur","Punjagutta",17.49669,78.36077,17.42645,78.45141,14.1,51,1,"224/219 → 19MP/272","224/219: Miyapur → Kukatpally (4 stops) | 19MP/272: Kukatpally → Punjagutta (5 stops)"
"Miyapur","Balanagar",17.49669,78.36077,17.46697,78.44626,10.5,39,0,"224/219","224/219: Miyapur → Balanagar (6 stops)"
"Miyapur","Chintal",17.49669,78.36077,17.49540,78.45210,13.7,49,1,"224/219 → 171Y","224/219: Miyapur → Balanagar (6 stops) | 171Y: Balanagar → Chintal (5 stops)"
"Miyapur","Nanal Nagar",17.49669,78.36077,17.39620,78.42700,18.4,65,2,"219P → 195G → 10W","219P: Miyapur → Hydernagar (2 stops) | 195G: Hydernagar → Bio Diversity Complex (9 stops) | 10W: Bio Diversity Complex → Nanal Nagar (6 stops)"
"Miyapur","Abids Gpo",17.49669,78.36077,17.38757,78.47617,20.9,74,2,"224/219 → 113K → 127N","224/219: Miyapur → Kukatpally (4 stops) | 113K: Kukatpally → Telephone Bhavan (7 stops) | 127N: Telephone Bhavan → Abids Gpo (6 stops)"
"Miyapur","Kachiguda Railway Station",17.49669,78.36077,17.38950,78.49726,21.3,78,2,"224/219 → 113K → 83/272","224/219: Miyapur → Kukatpally (4 stops) | 113K: Kukatpally → Telephone Bhavan (7 stops) | 83/272: Telephone Bhavan → Tourist Hotel (11 stops)"
"Miyapur","Ghatkesar Bus Station",17.49669,78.36077,17.45213,78.68231,39.5,135,2,"224/219 → 290/186 → 500","224/219: Miyapur → Secunderabad Railway Station (11 stops) | 290/186: Secunderabad Railway Station → Uppal X Road (6 stops) | 500: Uppal X Road → Ghatkesar Bus Station (2 stops)"
"Miyapur","Chengicherla",17.49669,78.36077,17.43313,78.60845,34.6,119,3,"224/219 → 113K → 284P → 18CR","224/219: Miyapur → Kukatpally (4 stops) | 113K: Kukatpally → Uppal Bus Station (14 stops) | 284P: Uppal Bus Station → Medipally (3 stops) | 18CR: Medipally → Chengicherla (3 stops)"
"Miyapur","Quthbullapur X Rd",17.49669,78.36077,17.49890,78.45176,14.1,51,1,"224/219 → 250C/30","224/219: Miyapur → Balanagar (6 stops) | 250C/30: Balanagar → Quthbullapur X Rd (6 stops)"
"Miyapur","Shapur Nagar",17.49669,78.36077,17.51600,78.44690,13,47,1,"219P → 171KJ","219P: Miyapur → Kphb (3 stops) | 171KJ: Kphb → Shapur Nagar (15 stops)"
"Miyapur","Panama Godown",17.49669,78.36077,17.33840,78.56864,33.7,116,1,"224/219 → 186","224/219: Miyapur → Secunderabad Railway Station (11 stops) | 186: Secunderabad Railway Station → Panama Godown (10 stops)"
"Miyapur","Gachibowli X Road",17.49669,78.36077,17.43903,78.36295,13,44,1,"224L → 300A/217","224L: Miyapur → Lingampally Bs (4 stops) | 300A/217: Lingampally Bs → Gachibowli X Road (6 stops)"
"Miyapur","Abids Grammar School",17.49669,78.36077,17.39333,78.47625,18.6,66,2,"224/219 → 113K → 127N","224/219: Miyapur → Kukatpally (4 stops) | 113K: Kukatpally → Telephone Bhavan (7 stops) | 127N: Telephone Bhavan → Abids Grammar School (3 stops)"
"Miyapur","Dilsukhnagar",17.49669,78.36077,17.36862,78.52366,24.5,86,3,"224/219 → 113K → 127N → 277MP","224/219: Miyapur → Kukatpally (4 stops) | 113K: Kukatpally → Telephone Bhavan (7 stops) | 127N: Telephone Bhavan → Abids Grammar School (3 stops) | 277MP: Abids Grammar School → Dilsukhnagar (8 stops)"
"Miyapur","Sathamrai",17.49669,78.36077,17.27452,78.40118,34.7,119,2,"224/219 → 19MP/272 → 92A/251S","224/219: Miyapur → Kukatpally (4 stops) | 19MP/272: Kukatpally → Mehdipatnam (8 stops) | 92A/251S: Mehdipatnam → Sathamrai (13 stops)"
"Miyapur","Gajularam X Road",17.49669,78.36077,17.51010,78.44771,12.3,45,1,"219P → 171KJ","219P: Miyapur → Kphb (3 stops) | 171KJ: Kphb → Gajularam X Road (14 stops)"
"Miyapur","Rc Puram",17.49669,78.36077,17.51362,78.28780,8.2,28,1,"224L → 300A/217","224L: Miyapur → Lingampally Bs (4 stops) | 300A/217: Lingampally Bs → Rc Puram (3 stops)"
"Miyapur","Kphb",17.49669,78.36077,17.49456,78.40081,4.7,19,0,"219P","219P: Miyapur → Kphb (3 stops)"
"Miyapur","Pisal Banda",17.49669,78.36077,17.33995,78.50379,37.2,133,3,"224/219 → 186 → AL → 300","224/219: Miyapur → Secunderabad Railway Station (11 stops) | 186: Secunderabad Railway Station → Lb Nagar X Road (9 stops) | AL: Lb Nagar Pushpak → Manda Mallamma X Road (2 stops) | 300: Manda Mallamma → Pisal Banda (4 stops)"
"Miyapur","Police Lines",17.49669,78.36077,17.44365,78.47499,15.9,54,1,"10MN → 10JB","10MN: Miyapur → Rj College (9 stops) | 10JB: Rj College → Police Lines (2 stops)"
"Miyapur","Uppal X Road",17.49669,78.36077,17.40126,78.56007,25.5,89,1,"224/219 → 290/186","224/219: Miyapur → Secunderabad Railway Station (11 stops) | 290/186: Secunderabad Railway Station → Uppal X Road (6 stops)"
"Miyapur","Boats Club",17.49669,78.36077,17.42644,78.48664,18.9,67,1,"224/219 → 8/26S","224/219: Miyapur → Patny (10 stops) | 8/26S: Patny → Boats Club (4 stops)"
"Miyapur","Womens College",17.49669,78.36077,17.38481,78.48762,20.3,72,2,"224/219 → 113K → 127N","224/219: Miyapur → Kukatpally (4 stops) | 113K: Kukatpally → Telephone Bhavan (7 stops) | 127N: Telephone Bhavan → Koti Bank Strret (4 stops)"
"Miyapur","Hydernagar",17.49669,78.36077,17.49919,78.38352,2.8,13,0,"219P","219P: Miyapur → Hydernagar (2 stops)"
"Miyapur","Charminar",17.49669,78.36077,17.35868,78.47403,23.8,83,3,"224/219 → 113K → 127N → 8A","224/219: Miyapur → Kukatpally (4 stops) | 113K: Kukatpally → Telephone Bhavan (7 stops) | 127N: Telephone Bhavan → Abids Grammar School (3 stops) | 8A: Abids Grammar School → Charminar (9 stops)"
"Miyapur","Hitech City",17.49669,78.36077,17.44995,78.38257,9.4,36,1,"219P → 195G","219P: Miyapur → Hydernagar (2 stops) | 195G: Hydernagar → Cyber Towers (7 stops)"
"Miyapur","Ameerpet",17.49669,78.36077,17.43155,78.44765,13,47,1,"224/219 → 113K","224/219: Miyapur → Kukatpally (4 stops) | 113K: Kukatpally → Sr Nagar (4 stops)"
"Miyapur","Gandipet X Road",17.49669,78.36077,17.38500,78.33100,26.4,89,2,"AK → 220 → 94/220K","AK: Miyapur → Bhel-Lingampally (4 stops) | 220: Bhel-Lingampally → Kollur (6 stops) | 94/220K: Kollur → Gandipet X Road (8 stops)"
"Miyapur","Gachibowli",17.49669,78.36077,17.43966,78.36356,13.1,45,1,"224L → 300A/217","224L: Miyapur → Lingampally Bs (4 stops) | 300A/217: Lingampally Bs → Gachibowli X Road (6 stops)"
"Miyapur","Sr Nagar",17.49669,78.36077,17.44027,78.44260,11.8,40,0,"10MN","10MN: Miyapur → Sr Nagar (8 stops)"
"Miyapur","Begumpet",17.49669,78.36077,17.10805,78.55358,63.4,220,3,"224/219 → 186 → AL → 203A/479","224/219: Miyapur → Secunderabad Railway Station (11 stops) | 186: Secunderabad Railway Station → Lb Nagar X Road (9 stops) | AL: Lb Nagar Pushpak → Balapur X Road (3 stops) | 203A/479: Balapur X Road → Begumpet (17 stops)"
"Miyapur","Tolichowki",17.49669,78.36077,17.39924,78.41552,17.2,61,2,"219P → 195G → 10W","219P: Miyapur → Hydernagar (2 stops) | 195G: Hydernagar → Bio Diversity Complex (9 stops) | 10W: Bio Diversity Complex → Brindavan Colony (5 stops)"
"Miyapur","Kondapur",17.49669,78.36077,17.46392,78.36725,4.7,20,0,"222M","222M: Allwyn X Rd → Kondapur (3 stops)"
"Miyapur","Shamshabad",17.49669,78.36077,17.26205,78.38824,30.7,107,2,"216M/P → AJ → 315","216M/P: Allwyn X Rd → Shilparamam (5 stops) | AJ: Shilparamam → Gachibowli Orr (2 stops) | 315: Gachibowli Orr → Shamshabad (4 stops)"
"Sr Nagar","Secunderabad Railway Station",17.44027,78.44260,17.43426,78.50158,7.2,28,0,"47YN","47YN: Sr Nagar → Secunderabad Railway Station (5 stops)"
"Sr Nagar","Afzalgunj",17.44027,78.44260,17.37331,78.47693,9,34,2,"113K → 127N → 8","113K: Sr Nagar → Telephone Bhavan (4 stops) | 127N: Telephone Bhavan → Abids Grammar School (3 stops) | 8: Abids Grammar School → Afzalgunj (4 stops)"
"Sr Nagar","Alugadda Bhavi",17.44027,78.44260,17.43531,78.51438,8.6,33,1,"47YN → 186","47YN: Sr Nagar → Secunderabad Railway Station (5 stops) | 186: Secunderabad Railway Station → Alugadda Bhavi (2 stops)"
"Sr Nagar","Patny",17.44027,78.44260,17.44318,78.49625,6.2,25,0,"47YN","47YN: Sr Nagar → Plaza (4 stops)"
"Sr Nagar","Cbs",17.44027,78.44260,17.37823,78.48168,8.6,33,1,"113K → 116G","113K: Sr Nagar → Telephone Bhavan (4 stops) | 116G: Assembly → Cbs (3 stops)"
"Sr Nagar","Erragadda",17.44027,78.44260,17.45617,78.43378,1.9,11,0,"19PM/272","19PM/272: Sr Nagar → Erragadda (2 stops)"
"Sr Nagar","Gajularamaram X Road",17.44027,78.44260,17.50941,78.44817,11,37,0,"171SM","171SM: Sr Nagar → Gajularamaram X Road (13 stops)"
"Sr Nagar","Jbs",17.44027,78.44260,17.44757,78.49664,6.9,27,1,"47YN → 49E/22","47YN: Sr Nagar → Plaza (4 stops) | 49E/22: Plaza → Jbs (3 stops)"
"Sr Nagar","Hayathnagar Bus Station",17.44027,78.44260,17.32732,78.60489,23.1,81,3,"113K → 127N → 277MP → 524","113K: Sr Nagar → Telephone Bhavan (4 stops) | 127N: Telephone Bhavan → Abids Grammar School (3 stops) | 277MP: Abids Grammar School → Ntr Nagar (12 stops) | 524: Ntr Nagar → Hayathnagar Bus Station (8 stops)"
"Sr Nagar","Rathifile Bus Station",17.44027,78.44260,17.43457,78.50488,7.6,30,0,"47YN","47YN: Sr Nagar → Secunderabad Railway Station (5 stops)"
"Sr Nagar","Nampally Public Garoaden",17.44027,78.44260,17.39628,78.47082,6.2,25,0,"113K","113K: Sr Nagar → Telephone Bhavan (4 stops)"
"Sr Nagar","Lakdikapool",17.44027,78.44260,17.40361,78.46497,4.7,20,0,"113K","113K: Sr Nagar → Khairatabad (3 stops)"
"Sr Nagar","Ecil Bus Terminal",17.44027,78.44260,17.47253,78.57006,16.9,61,2,"47YN → 49E/22 → 16ES","47YN: Sr Nagar → Plaza (4 stops) | 49E/22: Plaza → Jbs (3 stops) | 16ES: Jbs → Ecil Bus Terminal (14 stops)"
"Sr Nagar","Secretariat",17.44027,78.44260,17.40812,78.47182,5.4,22,0,"113K","113K: Sr Nagar → Telephone Bhavan (4 stops)"
"Sr Nagar","Patancheruvu",17.44027,78.44260,17.52903,78.26428,23.1,78,0,"104R/218","104R/218: Sr Nagar → Patancheruvu (26 stops)"
"Sr Nagar","Darul Shifa",17.44027,78.44260,17.37327,78.48299,9.6,36,2,"113K → 127N → 8A","113K: Sr Nagar → Telephone Bhavan (4 stops) | 127N: Telephone Bhavan → Abids Grammar School (3 stops) | 8A: Abids Grammar School → Darul Shifa (5 stops)"
"Sr Nagar","Plaza",17.44027,78.44260,17.44330,78.49066,5.7,23,0,"47YN","47YN: Sr Nagar → Plaza (4 stops)"
"Sr Nagar","Bluesea Cafe",17.44027,78.44260,17.43713,78.50515,7.5,29,1,"47YN → 227G","47YN: Sr Nagar → Plaza (4 stops) | 227G: Plaza → Bluesea Cafe (4 stops)"
"Sr Nagar","Tarnaka",17.44027,78.44260,17.42571,78.53223,10.5,40,0,"250/281","250/281: Esi Hospital → Tarnaka (4 stops)"
"Sr Nagar","Lb Nagar X Road",17.44027,78.44260,17.34699,78.55013,20.8,74,1,"47YN → 186","47YN: Sr Nagar → Secunderabad Railway Station (5 stops) | 186: Secunderabad Railway Station → Lb Nagar X Road (9 stops)"
"Sr Nagar","Lingampally Bs",17.44027,78.44260,17.49485,78.31689,16.3,55,0,"104R/218","104R/218: Sr Nagar → Lingampally Bs (19 stops)"
"Sr Nagar","Kukatpally",17.44027,78.44260,17.48385,78.41242,5.5,19,0,"218I","218I: Sr Nagar → Kukatpally (6 stops)"
"Sr Nagar","Jublee Bus Station",17.44027,78.44260,17.44761,78.49758,8.8,34,1,"47YN → AC","47YN: Sr Nagar → Secunderabad Railway Station (5 stops) | AC: Secunderabad Railway Station → Jublee Bus Station (2 stops)"
"Sr Nagar","Ibrahimpatnam Bus Station",17.44027,78.44260,17.19144,78.64766,40,138,2,"113K → 127N → 277MP","113K: Sr Nagar → Telephone Bhavan (4 stops) | 127N: Telephone Bhavan → Abids Grammar School (3 stops) | 277MP: Abids Grammar School → Ibrahimpatnam Bus Station (30 stops)"
"Sr Nagar","Prashanth Nagar",17.44027,78.44260,17.47378,78.42698,3.9,15,0,"19S","19S: Sr Nagar → Kukatpally Bus Depot (6 stops)"
"Sr Nagar","Moosapet",17.44027,78.44260,17.47081,78.42668,3.4,12,0,"9X","9X: Sr Nagar → Moosapet (5 stops)"
"Sr Nagar","Cherlapally Bus Stand",17.44027,78.44260,17.46329,78.61145,20.8,74,2,"47YN → 186 → 250C/R","47YN: Sr Nagar → Secunderabad Railway Station (5 stops) | 186: Secunderabad Railway Station → Tarnaka (3 stops) | 250C/R: Tarnaka → Cherlapally Bus Stand (7 stops)"
"Sr Nagar","Koti Medical College",17.44027,78.44260,17.38310,78.48282,8,31,2,"113K → 127N → 218I","113K: Sr Nagar → Telephone Bhavan (4 stops) | 127N: Telephone Bhavan → Abids Grammar School (3 stops) | 218I: Abids Grammar School → Koti Medical College (2 stops)"
"Sr Nagar","Chadarghat",17.44027,78.44260,17.37722,78.49302,9.5,36,2,"113K → 127N → 277MP","113K: Sr Nagar → Telephone Bhavan (4 stops) | 127N: Telephone Bhavan → Abids Grammar School (3 stops) | 277MP: Abids Grammar School → Chadarghat (3 stops)"
"Sr Nagar","Kachiguda X Road",17.44027,78.44260,17.39069,78.48938,10.6,41,1,"113K → 83/272","113K: Sr Nagar → Telephone Bhavan (4 stops) | 83/272: Telephone Bhavan → Kachiguda X Road (13 stops)"
"Sr Nagar","Gandimaisamma",17.44027,78.44260,17.57508,78.42319,18.8,63,0,"83/272","83/272: Sr Nagar → Gandimaisamma (19 stops)"
"Sr Nagar","Mehdipatnam",17.44027,78.44260,17.39527,78.43980,6.4,26,0,"19MP/272","19MP/272: Sr Nagar → Mehdipatnam (5 stops)"
"Sr Nagar","Bata",17.44027,78.44260,17.43600,78.49370,7.1,28,1,"47YN → 8/26S","47YN: Sr Nagar → Plaza (4 stops) | 8/26S: Plaza → Bata (3 stops)"
"Sr Nagar","Jntu X Rd",17.44027,78.44260,17.49672,78.39445,8,28,0,"10KM","10KM: Sr Nagar → Jntu X Road (8 stops)"
"Sr Nagar","Super Bazar",17.44027,78.44260,17.37193,78.50992,11,41,2,"113K → 127N → 277MP","113K: Sr Nagar → Telephone Bhavan (4 stops) | 127N: Telephone Bhavan → Abids Grammar School (3 stops) | 277MP: Abids Grammar School → Super Bazar (6 stops)"
"Sr Nagar","Race Course",17.44027,78.44260,17.45076,78.48820,6.6,26,0,"47YN","47YN: Sr Nagar → Plaza (4 stops)"
"Sr Nagar","Punjagutta",17.44027,78.44260,17.42645,78.45141,2.2,11,0,"19MP/272","19MP/272: Sr Nagar → Punjagutta (2 stops)"
"Sr Nagar","Balanagar",17.44027,78.44260,17.46697,78.44626,6.2,21,0,"9X","9X: Sr Nagar → Balanagar (7 stops)"
"Sr Nagar","Chintal",17.44027,78.44260,17.49540,78.45210,9.3,32,0,"9X","9X: Sr Nagar → Chintal (11 stops)"
"Sr Nagar","Nanal Nagar",17.44027,78.44260,17.39620,78.42700,7.8,30,1,"19MP/272 → 116G","19MP/272: Sr Nagar → Mehdipatnam (5 stops) | 116G: Mehdipatnam → Nanal Nagar (2 stops)"
"Sr Nagar","Abids Gpo",17.44027,78.44260,17.38757,78.47617,9,34,1,"113K → 127N","113K: Sr Nagar → Telephone Bhavan (4 stops) | 127N: Telephone Bhavan → Abids Gpo (6 stops)"
"Sr Nagar","Kachiguda Railway Station",17.44027,78.44260,17.38950,78.49726,9.4,38,1,"113K → 83/272","113K: Sr Nagar → Telephone Bhavan (4 stops) | 83/272: Telephone Bhavan → Tourist Hotel (11 stops)"
"Sr Nagar","Ghatkesar Bus Station",17.44027,78.44260,17.45213,78.68231,28.9,101,2,"47YN → 290/186 → 500","47YN: Sr Nagar → Secunderabad Railway Station (5 stops) | 290/186: Secunderabad Railway Station → Uppal X Road (6 stops) | 500: Uppal X Road → Ghatkesar Bus Station (2 stops)"
"Sr Nagar","Chengicherla",17.44027,78.44260,17.43313,78.60845,22.6,80,2,"113K → 284P → 18CR","113K: Sr Nagar → Uppal Bus Station (11 stops) | 284P: Uppal Bus Station → Medipally (3 stops) | 18CR: Medipally → Chengicherla (3 stops)"
"Sr Nagar","Quthbullapur X Rd",17.44027,78.44260,17.49890,78.45176,9.7,33,0,"9X","9X: Sr Nagar → Quthbullapur X Rd (12 stops)"
"Sr Nagar","Shapur Nagar",17.44027,78.44260,17.51600,78.44690,11.7,39,0,"9M/X","9M/X: Sr Nagar → Shapur Nagar (14 stops)"
"Sr Nagar","Panama Godown",17.44027,78.44260,17.33840,78.56864,23.1,81,1,"47YN → 186","47YN: Sr Nagar → Secunderabad Railway Station (5 stops) | 186: Secunderabad Railway Station → Panama Godown (10 stops)"
"Sr Nagar","Gachibowli X Road",17.44027,78.44260,17.43903,78.36295,11.9,40,1,"10F/V → 195SP","10F/V: Sr Nagar → Tcs Deccan Park (11 stops) | 195SP: Tcs Deccan Park → Gachibowli X Road (3 stops)"
"Sr Nagar","Abids Grammar School",17.44027,78.44260,17.39333,78.47625,6.7,27,1,"113K → 127N","113K: Sr Nagar → Telephone Bhavan (4 stops) | 127N: Telephone Bhavan → Abids Grammar School (3 stops)"
"Sr Nagar","Dilsukhnagar",17.44027,78.44260,17.36862,78.52366,12.6,46,2,"113K → 127N → 277MP","113K: Sr Nagar → Telephone Bhavan (4 stops) | 127N: Telephone Bhavan → Abids Grammar School (3 stops) | 277MP: Abids Grammar School → Dilsukhnagar (8 stops)"
"Sr Nagar","Sathamrai",17.44027,78.44260,17.27452,78.40118,22.7,80,1,"19MP/272 → 92A/251S","19MP/272: Sr Nagar → Mehdipatnam (5 stops) | 92A/251S: Mehdipatnam → Sathamrai (13 stops)"
"Sr Nagar","Gajularam X Road",17.44027,78.44260,17.51010,78.44771,11,37,0,"9M/X","9M/X: Sr Nagar → Gajularam X Road (13 stops)"
"Sr Nagar","Rc Puram",17.44027,78.44260,17.51362,78.28780,20.1,67,0,"104R/218","104R/218: Sr Nagar → Rc Puram (23 stops)"
"Sr Nagar","Kphb",17.44027,78.44260,17.49456,78.40081,7.3,26,0,"10KM","10KM: Sr Nagar → Kphb Metro Station (7 stops)"
"Sr Nagar","Pisal Banda",17.44027,78.44260,17.33995,78.50379,20.6,74,3,"113K → 127N → 8A/253S → 300/253","113K: Sr Nagar → Telephone Bhavan (4 stops) | 127N: Telephone Bhavan → Abids Grammar School (3 stops) | 8A/253S: Abids Grammar School → Barkas (17 stops) | 300/253: Barkas → Pisal Banda (3 stops)"
"Sr Nagar","Police Lines",17.44027,78.44260,17.44365,78.47499,4.1,18,0,"10JB","10JB: Sr Nagar → Police Lines (3 stops)"
"Sr Nagar","Uppal X Road",17.44027,78.44260,17.40126,78.56007,14.9,54,1,"47YN → 290/186","47YN: Sr Nagar → Secunderabad Railway Station (5 stops) | 290/186: Secunderabad Railway Station → Uppal X Road (6 stops)"
"Sr Nagar","Boats Club",17.44027,78.44260,17.42644,78.48664,7.9,31,1,"113K → 5K","113K: Sr Nagar → Telephone Bhavan (4 stops) | 5K: Telephone Bhavan → Boats Club (3 stops)"
"Sr Nagar","Womens College",17.44027,78.44260,17.38481,78.48762,8.4,33,1,"113K → 127N","113K: Sr Nagar → Telephone Bhavan (4 stops) | 127N: Telephone Bhavan → Koti Bank Strret (4 stops)"
"Sr Nagar","Hydernagar",17.44027,78.44260,17.49919,78.38352,9.1,31,0,"10KM","10KM: Sr Nagar → Hydernagar (10 stops)"
"Sr Nagar","Charminar",17.44027,78.44260,17.35868,78.47403,11.8,44,2,"113K → 127N → 8A","113K: Sr Nagar → Telephone Bhavan (4 stops) | 127N: Telephone Bhavan → Abids Grammar School (3 stops) | 8A: Abids Grammar School → Charminar (9 stops)"
"Sr Nagar","Hitech City",17.44027,78.44260,17.44995,78.38257,7.8,28,0,"10F/V","10F/V: Sr Nagar → Cyber Towers (10 stops)"
"Sr Nagar","Ameerpet",17.44027,78.44260,17.43155,78.44765,1.1,8,0,"",""
"Sr Nagar","Gandipet X Road",17.44027,78.44260,17.38500,78.33100,19.8,70,2,"19MP/272 → 188R → 94/220K","19MP/272: Sr Nagar → Mehdipatnam (5 stops) | 188R: Mehdipatnam → Langar House (Bapu Nagar) (4 stops) | 94/220K: Langar House (Bapu Nagar) → Gandipet X Road (12 stops)"
"Sr Nagar","Gachibowli",17.44027,78.44260,17.43966,78.36356,10.6,36,1,"10F/V → 10HW","10F/V: Sr Nagar → Tcs Deccan Park (11 stops) | 10HW: Tcs Deccan Park → Telecom Nagar (2 stops)"
"Sr Nagar","Miyapur",17.44027,78.44260,17.49669,78.36077,11.9,40,0,"104R/218","104R/218: Sr Nagar → Miyapur (13 stops)"
"Sr Nagar","Tolichowki",17.44027,78.44260,17.39924,78.41552,9,34,1,"19MP/272 → 216","19MP/272: Sr Nagar → Mehdipatnam (5 stops) | 216: Mehdipatnam → Tolichowki (3 stops)"
"Sr Nagar","Kondapur",17.44027,78.44260,17.46392,78.36725,10.1,36,1,"10F/V → 282K","10F/V: Sr Nagar → Cyber Towers (10 stops) | 282K: Cyber Towers → Kothaguda X Rd (4 stops)"
"Sr Nagar","Madhapur",17.44027,78.44260,17.63017,78.77482,49.2,169,2,"250/281 → 17D → 546","250/281: Esi Hospital → Alugaddabavi (3 stops) | 17D: Alugaddabavi → Nagaram (8 stops) | 546: Nagaram → Madhapur (13 stops)"
"Sr Nagar","Shamshabad",17.44027,78.44260,17.26205,78.38824,24.7,87,1,"19MP/272 → 92A/251S","19MP/272: Sr Nagar → Mehdipatnam (5 stops) | 92A/251S: Mehdipatnam → Shamshabad (14 stops)"
"Begumpet","Secunderabad Railway Station",17.10805,78.55358,17.43426,78.50158,41.3,142,2,"443 → 203A/479 → 40V","443: Begumpet → Thimmapur Bus Stop (2 stops) | 203A/479: Thimmapur → Koti Womens College (27 stops) | 40V: Koti Maternity Hospital → Secunderabad Railway Station (17 stops)"
"Begumpet","Afzalgunj",17.10805,78.55358,17.37331,78.47693,33.8,115,2,"443 → 203A/479 → 277S","443: Begumpet → Thimmapur Bus Stop (2 stops) | 203A/479: Thimmapur → Malakpet Government Hospital (25 stops) | 277S: Malakpet Government Hospital → Afzalgunj (4 stops)"
"Begumpet","Alugadda Bhavi",17.10805,78.55358,17.43531,78.51438,41.8,141,3,"443 → 203A/479 → AL → 186","443: Begumpet → Thimmapur Bus Stop (2 stops) | 203A/479: Thimmapur → Balapur X Road (15 stops) | AL: Balapur X Road → Tarnaka (6 stops) | 186: Tarnaka → Alugadda Bhavi (2 stops)"
"Begumpet","Patny",17.10805,78.55358,17.44318,78.49625,40.5,140,2,"443 → 203A/479 → 40V","443: Begumpet → Thimmapur Bus Stop (2 stops) | 203A/479: Thimmapur → Koti Womens College (27 stops) | 40V: Koti Maternity Hospital → Bata (15 stops)"
"Begumpet","Cbs",17.10805,78.55358,17.37823,78.48168,33.2,116,1,"443 → 203A/479","443: Begumpet → Thimmapur Bus Stop (2 stops) | 203A/479: Thimmapur → Chadarghat (26 stops)"
"Begumpet","Erragadda",17.10805,78.55358,17.45617,78.43378,43.4,147,3,"443 → 203A/479 → 104R/127K → 113K","443: Begumpet → Thimmapur Bus Stop (2 stops) | 203A/479: Thimmapur → Chadarghat (26 stops) | 104R/127K: Chadarghat → Lakdikapool (8 stops) | 113K: Lakdikapool → Erragadda (5 stops)"
"Begumpet","Gajularamaram X Road",17.10805,78.55358,17.50941,78.44817,56,197,3,"443 → 203A/479 → 277D/S → 186","443: Begumpet → Thimmapur Bus Stop (2 stops) | 203A/479: Thimmapur → Nadargul (7 stops) | 277D/S: Nadargul → Lb Nagar X Road (12 stops) | 186: Lb Nagar X Road → Rythubazar-Jdm (3 stops)"
"Begumpet","Jbs",17.10805,78.55358,17.44757,78.49664,44.1,149,2,"443 → 203A/479 → AL","443: Begumpet → Thimmapur Bus Stop (2 stops) | 203A/479: Thimmapur → Balapur X Road (15 stops) | AL: Balapur X Road → Jbs (8 stops)"
"Begumpet","Hayathnagar Bus Station",17.10805,78.55358,17.32732,78.60489,31.9,109,3,"443 → 203A/479 → 277D/S → 277BH","443: Begumpet → Thimmapur Bus Stop (2 stops) | 203A/479: Thimmapur → Nadargul (7 stops) | 277D/S: Nadargul → Bn Reddy (6 stops) | 277BH: Bn Reddy → Hayathnagar Bus Station (16 stops)"
"Begumpet","Rathifile Bus Station",17.10805,78.55358,17.43457,78.50488,39.8,135,3,"443 → 203A/479 → 65K/123 → 2U","443: Begumpet → Thimmapur Bus Stop (2 stops) | 203A/479: Thimmapur → Chadarghat (26 stops) | 65K/123: Chadarghat → Kachiguda Railway Station (2 stops) | 2U: Kachiguda Railway Station → Rathifile Bus Station (13 stops)"
"Begumpet","Nampally Public Garoaden",17.10805,78.55358,17.39628,78.47082,35.6,121,2,"443 → 203A/479 → 104R/127K","443: Begumpet → Thimmapur Bus Stop (2 stops) | 203A/479: Thimmapur → Chadarghat (26 stops) | 104R/127K: Chadarghat → Nampally Public Garoaden (6 stops)"
"Begumpet","Lakdikapool",17.10805,78.55358,17.40361,78.46497,36.7,125,2,"443 → 203A/479 → 104R/127K","443: Begumpet → Thimmapur Bus Stop (2 stops) | 203A/479: Thimmapur → Chadarghat (26 stops) | 104R/127K: Chadarghat → Lakdikapool (8 stops)"
"Begumpet","Ecil Bus Terminal",17.10805,78.55358,17.47253,78.57006,47.1,159,3,"443 → 203A/479 → AL → 117B","443: Begumpet → Thimmapur Bus Stop (2 stops) | 203A/479: Thimmapur → Balapur X Road (15 stops) | AL: Balapur X Road → Uppal X Road (5 stops) | 117B: Uppal X Road → Ecil Bus Terminal (17 stops)"
"Begumpet","Secretariat",17.10805,78.55358,17.40812,78.47182,36.9,125,3,"443 → 203A/479 → 104R/127K → 277S","443: Begumpet → Thimmapur Bus Stop (2 stops) | 203A/479: Thimmapur → Chadarghat (26 stops) | 104R/127K: Chadarghat → Nampally Railway Station (5 stops) | 277S: Nampally Railway Station → Secretariat (2 stops)"
"Begumpet","Patancheruvu",17.10805,78.55358,17.52903,78.26428,63.8,216,3,"443 → 203A/479 → 152 → 116N/220K","443: Begumpet → Thimmapur Bus Stop (2 stops) | 203A/479: Thimmapur → Chadarghat (26 stops) | 152: Chadarghat → Koti Medical College (3 stops) | 116N/220K: Koti Medical College → Patancheruvu (35 stops)"
"Begumpet","Darul Shifa",17.10805,78.55358,17.37327,78.48299,33.2,113,2,"443 → 203A/479 → 277MP","443: Begumpet → Thimmapur Bus Stop (2 stops) | 203A/479: Thimmapur → Malakpet Government Hospital (25 stops) | 277MP: Malakpet Government Hospital → Darul Shifa (4 stops)"
"Begumpet","Plaza",17.10805,78.55358,17.44330,78.49066,45,152,2,"443 → 203A/479 → AL","443: Begumpet → Thimmapur Bus Stop (2 stops) | 203A/479: Thimmapur → Balapur X Road (15 stops) | AL: Balapur X Road → Jbs (8 stops)"
"Begumpet","Bluesea Cafe",17.10805,78.55358,17.43713,78.50515,43.2,146,2,"443 → 203A/479 → AL","443: Begumpet → Thimmapur Bus Stop (2 stops) | 203A/479: Thimmapur → Balapur X Road (15 stops) | AL: Balapur X Road → Sangeet Junction (7 stops)"
"Begumpet","Tarnaka",17.10805,78.55358,17.42571,78.53223,39.6,134,2,"443 → 203A/479 → AL","443: Begumpet → Thimmapur Bus Stop (2 stops) | 203A/479: Thimmapur → Balapur X Road (15 stops) | AL: Balapur X Road → Tarnaka (6 stops)"
"Begumpet","Lb Nagar X Road",17.10805,78.55358,17.34699,78.55013,29.1,99,2,"443 → 203A/479 → 277D/S","443: Begumpet → Thimmapur Bus Stop (2 stops) | 203A/479: Thimmapur → Nadargul (7 stops) | 277D/S: Nadargul → Lb Nagar X Road (12 stops)"
"Begumpet","Lingampally Bs",17.10805,78.55358,17.49485,78.31689,57.1,195,3,"443 → 203A/479 → 152 → 116N/220K","443: Begumpet → Thimmapur Bus Stop (2 stops) | 203A/479: Thimmapur → Chadarghat (26 stops) | 152: Chadarghat → Koti Medical College (3 stops) | 116N/220K: Koti Medical College → Bhel-Lingampally (28 stops)"
"Begumpet","Kukatpally",17.10805,78.55358,17.48385,78.41242,47.3,160,3,"443 → 203A/479 → 104R/127K → 113K","443: Begumpet → Thimmapur Bus Stop (2 stops) | 203A/479: Thimmapur → Chadarghat (26 stops) | 104R/127K: Chadarghat → Lakdikapool (8 stops) | 113K: Lakdikapool → Kukatpally (7 stops)"
"Begumpet","Jublee Bus Station",17.10805,78.55358,17.44761,78.49758,44.2,150,2,"443 → 203A/479 → AL","443: Begumpet → Thimmapur Bus Stop (2 stops) | 203A/479: Thimmapur → Balapur X Road (15 stops) | AL: Balapur X Road → Jbs (8 stops)"
"Begumpet","Ibrahimpatnam Bus Station",17.10805,78.55358,17.19144,78.64766,18.2,61,0,"443","443: Begumpet → Ibrahimpatnam Bus Station (9 stops)"
"Begumpet","Prashanth Nagar",17.10805,78.55358,17.47378,78.42698,45.6,158,3,"443 → 203A/479 → 104R/127K → 113K","443: Begumpet → Thimmapur Bus Stop (2 stops) | 203A/479: Thimmapur → Chadarghat (26 stops) | 104R/127K: Chadarghat → Lakdikapool (8 stops) | 113K: Lakdikapool → Moosapet (6 stops)"
"Begumpet","Moosapet",17.10805,78.55358,17.47081,78.42668,45.2,153,3,"443 → 203A/479 → 104R/127K → 113K","443: Begumpet → Thimmapur Bus Stop (2 stops) | 203A/479: Thimmapur → Chadarghat (26 stops) | 104R/127K: Chadarghat → Lakdikapool (8 stops) | 113K: Lakdikapool → Moosapet (6 stops)"
"Begumpet","Koti Medical College",17.10805,78.55358,17.38310,78.48282,33.6,114,2,"443 → 203A/479 → 152","443: Begumpet → Thimmapur Bus Stop (2 stops) | 203A/479: Thimmapur → Chadarghat (26 stops) | 152: Chadarghat → Koti Medical College (3 stops)"
"Begumpet","Chadarghat",17.10805,78.55358,17.37722,78.49302,32,109,1,"443 → 203A/479","443: Begumpet → Thimmapur Bus Stop (2 stops) | 203A/479: Thimmapur → Chadarghat (26 stops)"
"Begumpet","Kachiguda X Road",17.10805,78.55358,17.39069,78.48938,34.3,117,2,"443 → 203A/479 → 65K/123","443: Begumpet → Thimmapur Bus Stop (2 stops) | 203A/479: Thimmapur → Chadarghat (26 stops) | 65K/123: Chadarghat → Kachiguda Railway Station (2 stops)"
"Begumpet","Gandimaisamma",17.10805,78.55358,17.57508,78.42319,35.3,125,3,"443 → 203 → 277H → 205","443: Begumpet → Uppariguda X Road (8 stops) | 203: Sheriguda → Mangalpally X Road (2 stops) | 277H: Mangalpally X Road → Pedda Amberpet (10 stops) | 205: Pedda Amberpet → Gandimaisamma (3 stops)"
"Begumpet","Mehdipatnam",17.10805,78.55358,17.39527,78.43980,38.6,131,3,"443 → 203A/479 → 152 → 116N","443: Begumpet → Thimmapur Bus Stop (2 stops) | 203A/479: Thimmapur → Chadarghat (26 stops) | 152: Chadarghat → Koti Medical College (3 stops) | 116N: Koti Medical College → Mehdipatnam (8 stops)"
"Begumpet","Bata",17.10805,78.55358,17.43600,78.49370,39.7,137,2,"443 → 203A/479 → 40V","443: Begumpet → Thimmapur Bus Stop (2 stops) | 203A/479: Thimmapur → Koti Womens College (27 stops) | 40V: Koti Maternity Hospital → Bata (15 stops)"
"Begumpet","Super Bazar",17.10805,78.55358,17.37193,78.50992,32.5,113,2,"443 → 203A/479 → 72/208C","443: Begumpet → Thimmapur Bus Stop (2 stops) | 203A/479: Thimmapur → Malakpet Government Hospital (25 stops) | 72/208C: Nalgonda X Roads → Super Bazar (2 stops)"
"Begumpet","Race Course",17.10805,78.55358,17.45076,78.48820,42.4,149,3,"443 → 203A/479 → 40V → 171","443: Begumpet → Thimmapur Bus Stop (2 stops) | 203A/479: Thimmapur → Koti Womens College (27 stops) | 40V: Koti Maternity Hospital → Clock Tower (16 stops) | 171: Patny → Race Course (3 stops)"
"Begumpet","Punjagutta",17.10805,78.55358,17.42645,78.45141,40.7,139,3,"443 → 203A/479 → 104R/127K → 19AK","443: Begumpet → Thimmapur Bus Stop (2 stops) | 203A/479: Thimmapur → Chadarghat (26 stops) | 104R/127K: Chadarghat → Masab Tank (10 stops) | 19AK: Masab Tank → Panjaguta (3 stops)"
"Begumpet","Balanagar",17.10805,78.55358,17.46697,78.44626,47.4,165,3,"443 → 203A/479 → 40V → 431","443: Begumpet → Thimmapur Bus Stop (2 stops) | 203A/479: Thimmapur → Koti Womens College (27 stops) | 40V: Koti Maternity Hospital → Clock Tower (16 stops) | 431: Patny → Balanagar (6 stops)"
"Begumpet","Nanal Nagar",17.10805,78.55358,17.39620,78.42700,40,136,3,"443 → 203A/479 → 152 → 216","443: Begumpet → Thimmapur Bus Stop (2 stops) | 203A/479: Thimmapur → Chadarghat (26 stops) | 152: Chadarghat → Koti Medical College (3 stops) | 216: Koti Medical College → Nanal Nagar (9 stops)"
"Begumpet","Abids Gpo",17.10805,78.55358,17.38757,78.47617,34.3,117,2,"443 → 203A/479 → 104R/127K","443: Begumpet → Thimmapur Bus Stop (2 stops) | 203A/479: Thimmapur → Chadarghat (26 stops) | 104R/127K: Chadarghat → Abids Gpo (4 stops)"
"Begumpet","Kachiguda Railway Station",17.10805,78.55358,17.38950,78.49726,33.5,114,2,"443 → 203A/479 → 65K/123","443: Begumpet → Thimmapur Bus Stop (2 stops) | 203A/479: Thimmapur → Chadarghat (26 stops) | 65K/123: Chadarghat → Kachiguda Railway Station (2 stops)"
"Begumpet","Ghatkesar Bus Station",17.10805,78.55358,17.45213,78.68231,49.9,170,3,"443 → 203A/479 → AL → 500","443: Begumpet → Thimmapur Bus Stop (2 stops) | 203A/479: Thimmapur → Balapur X Road (15 stops) | AL: Balapur X Road → Uppal X Road (5 stops) | 500: Uppal X Rd Warangal Point → Ghatkesar Bus Station (2 stops)"
"Begumpet","Chengicherla",17.10805,78.55358,17.43313,78.60845,46,157,3,"443 → 203A/479 → AL → 18C/R","443: Begumpet → Thimmapur Bus Stop (2 stops) | 203A/479: Thimmapur → Balapur X Road (15 stops) | AL: Balapur X Road → Uppal X Road (5 stops) | 18C/R: Uppal X Road → Chengicherla (12 stops)"
"Begumpet","Shapur Nagar",17.10805,78.55358,17.51600,78.44690,55.4,189,3,"443 → 203A/479 → 277D/S → 186","443: Begumpet → Thimmapur Bus Stop (2 stops) | 203A/479: Thimmapur → Nadargul (7 stops) | 277D/S: Nadargul → Lb Nagar X Road (12 stops) | 186: Lb Nagar X Road → Rythubazar-Jdm (3 stops)"
"Begumpet","Panama Godown",17.10805,78.55358,17.33840,78.56864,31.3,106,3,"443 → 203A/479 → 277D/S → 290U/S","443: Begumpet → Thimmapur Bus Stop (2 stops) | 203A/479: Thimmapur → Nadargul (7 stops) | 277D/S: Nadargul → Lb Nagar X Road (12 stops) | 290U/S: Lb Nagar X Road → Panama Godown (4 stops)"
"Begumpet","Gachibowli X Road",17.10805,78.55358,17.43903,78.36295,48.4,164,3,"443 → 203A/479 → 152 → 116N/220K","443: Begumpet → Thimmapur Bus Stop (2 stops) | 203A/479: Thimmapur → Chadarghat (26 stops) | 152: Chadarghat → Koti Medical College (3 stops) | 116N/220K: Koti Medical College → Gachibowli X Road (17 stops)"
"Begumpet","Abids Grammar School",17.10805,78.55358,17.39333,78.47625,36.4,124,3,"443 → 203A/479 → 104R/127K → 1M/D","443: Begumpet → Thimmapur Bus Stop (2 stops) | 203A/479: Thimmapur → Chadarghat (26 stops) | 104R/127K: Chadarghat → Nampally Railway Station (5 stops) | 1M/D: Nampally Railway Station → Abids Grammar School (3 stops)"
"Begumpet","Dilsukhnagar",17.10805,78.55358,17.36862,78.52366,34.6,117,2,"443 → 203A/479 → 277D/S","443: Begumpet → Thimmapur Bus Stop (2 stops) | 203A/479: Thimmapur → Nadargul (7 stops) | 277D/S: Nadargul → Dilsukhnagar (18 stops)"
"Begumpet","Sathamrai",17.10805,78.55358,17.27452,78.40118,33.9,114,3,"478 → 477 → 255 → 251","478: Begumpet → Gudoor Gate (3 stops) | 477: Gudoor Gate → Thukkuguda Bus Station (9 stops) | 255: Thukkuguda Bus Station → Shamshabad (5 stops) | 251: Shamshabad → Sathamrai (2 stops)"
"Begumpet","Gajularam X Road",17.10805,78.55358,17.51010,78.44771,56.1,198,3,"443 → 203A/479 → 277D/S → 186","443: Begumpet → Thimmapur Bus Stop (2 stops) | 203A/479: Thimmapur → Nadargul (7 stops) | 277D/S: Nadargul → Lb Nagar X Road (12 stops) | 186: Lb Nagar X Road → Rythubazar-Jdm (3 stops)"
"Begumpet","Rc Puram",17.10805,78.55358,17.51362,78.28780,60.8,205,3,"443 → 203A/479 → 152 → 116N/220K","443: Begumpet → Thimmapur Bus Stop (2 stops) | 203A/479: Thimmapur → Chadarghat (26 stops) | 152: Chadarghat → Koti Medical College (3 stops) | 116N/220K: Koti Medical College → Rc Puram (32 stops)"
"Begumpet","Kphb",17.10805,78.55358,17.49456,78.40081,49.1,169,3,"443 → 203A/479 → 104R/127K → 113K","443: Begumpet → Thimmapur Bus Stop (2 stops) | 203A/479: Thimmapur → Chadarghat (26 stops) | 104R/127K: Chadarghat → Lakdikapool (8 stops) | 113K: Lakdikapool → Kphb Main Road (8 stops)"
"Begumpet","Pisal Banda",17.10805,78.55358,17.33995,78.50379,28.3,97,1,"443 → 203A/479","443: Begumpet → Thimmapur Bus Stop (2 stops) | 203A/479: Thimmapur → Owaisi Hospital (20 stops)"
"Begumpet","Police Lines",17.10805,78.55358,17.44365,78.47499,43.5,151,3,"443 → 203A/479 → 104R/127K → 49","443: Begumpet → Thimmapur Bus Stop (2 stops) | 203A/479: Thimmapur → Chadarghat (26 stops) | 104R/127K: Chadarghat → Lakdikapool (8 stops) | 49: Lakdikapool → Prakash Nagar (11 stops)"
"Begumpet","Uppal X Road",17.10805,78.55358,17.40126,78.56007,35.6,121,2,"443 → 203A/479 → AL","443: Begumpet → Thimmapur Bus Stop (2 stops) | 203A/479: Thimmapur → Balapur X Road (15 stops) | AL: Balapur X Road → Uppal X Road (5 stops)"
"Begumpet","Boats Club",17.10805,78.55358,17.42644,78.48664,39.7,135,3,"443 → 203A/479 → 104R/127K → 8A/67L","443: Begumpet → Thimmapur Bus Stop (2 stops) | 203A/479: Thimmapur → Chadarghat (26 stops) | 104R/127K: Chadarghat → Nampally Railway Station (5 stops) | 8A/67L: Nampally Railway Station → Boats Club (6 stops)"
"Begumpet","Womens College",17.10805,78.55358,17.38481,78.48762,33,113,2,"443 → 203A/479 → 152","443: Begumpet → Thimmapur Bus Stop (2 stops) | 203A/479: Thimmapur → Chadarghat (26 stops) | 152: Chadarghat → Womens College (2 stops)"
"Begumpet","Charminar",17.10805,78.55358,17.35868,78.47403,35.1,120,3,"443 → 203A/479 → 277MP → 253M","443: Begumpet → Thimmapur Bus Stop (2 stops) | 203A/479: Thimmapur → Malakpet Government Hospital (25 stops) | 277MP: Malakpet Government Hospital → Darul Shifa (4 stops) | 253M: Darul Shifa → Charminar (2 stops)"
"Begumpet","Hitech City",17.10805,78.55358,17.44995,78.38257,48,163,3,"443 → 203A/479 → 104R/127K → 127K","443: Begumpet → Thimmapur Bus Stop (2 stops) | 203A/479: Thimmapur → Chadarghat (26 stops) | 104R/127K: Chadarghat → Dr Br Ambedkar University (16 stops) | 127K: Dr Br Ambedkar University → Hitech City (6 stops)"
"Begumpet","Ameerpet",17.10805,78.55358,17.43155,78.44765,30.9,104,3,"478 → 477 → 488 → 452","478: Begumpet → Gudoor Gate (3 stops) | 477: Gudoor Gate → Maheshwaram Gate (6 stops) | 488: Maheshwaram Gate → Mansanpally X Road (7 stops) | 452: Mansanpally X Road → Ameerpet (2 stops)"
"Begumpet","Gachibowli",17.10805,78.55358,17.43966,78.36356,48.5,165,3,"443 → 203A/479 → 152 → 116N/220K","443: Begumpet → Thimmapur Bus Stop (2 stops) | 203A/479: Thimmapur → Chadarghat (26 stops) | 152: Chadarghat → Koti Medical College (3 stops) | 116N/220K: Koti Medical College → Gachibowli X Road (17 stops)"
"Begumpet","Sr Nagar",17.10805,78.55358,17.44027,78.44260,41.8,142,3,"443 → 203A/479 → 104R/127K → 113K","443: Begumpet → Thimmapur Bus Stop (2 stops) | 203A/479: Thimmapur → Chadarghat (26 stops) | 104R/127K: Chadarghat → Lakdikapool (8 stops) | 113K: Lakdikapool → Sr Nagar (4 stops)"
"Begumpet","Tolichowki",17.10805,78.55358,17.39924,78.41552,41.2,140,3,"443 → 203A/479 → 152 → 216","443: Begumpet → Thimmapur Bus Stop (2 stops) | 203A/479: Thimmapur → Chadarghat (26 stops) | 152: Chadarghat → Koti Medical College (3 stops) | 216: Koti Medical College → Tolichowki (10 stops)"
"Begumpet","Kondapur",17.10805,78.55358,17.46392,78.36725,50.5,171,3,"443 → 203A/479 → 104R/127K → 127R/K","443: Begumpet → Thimmapur Bus Stop (2 stops) | 203A/479: Thimmapur → Chadarghat (26 stops) | 104R/127K: Chadarghat → Dr Br Ambedkar University (16 stops) | 127R/K: Dr Br Ambedkar University → Kondapur (11 stops)"
"Begumpet","Madhapur",17.10805,78.55358,17.63017,78.77482,8.2,28,0,"443","443: Begumpet → Madhapur (4 stops)"
"Begumpet","Shamshabad",17.10805,78.55358,17.26205,78.38824,31.9,107,2,"478 → 477 → 255","478: Begumpet → Gudoor Gate (3 stops) | 477: Gudoor Gate → Thukkuguda Bus Station (9 stops) | 255: Thukkuguda Bus Station → Shamshabad (5 stops)"
"Tolichowki","Secunderabad Railway Station",17.39924,78.41552,17.43426,78.50158,12.1,41,1,"142Y → 5K","142Y: Tolichowki → Mehdipatnam (3 stops) | 5K: Mehdipatnam → Secunderabad Railway Station (8 stops)"
"Tolichowki","Afzalgunj",17.39924,78.41552,17.37331,78.47693,9.6,33,2,"142Y → 16AB/5K → 9X","142Y: Tolichowki → Mehdipatnam (3 stops) | 16AB/5K: Mehdipatnam → Lakdikapool (3 stops) | 9X: Lakdikapool → Afzalgunj (6 stops)"
"Tolichowki","Alugadda Bhavi",17.39924,78.41552,17.43531,78.51438,13.5,46,2,"142Y → 5K → 186","142Y: Tolichowki → Mehdipatnam (3 stops) | 5K: Mehdipatnam → Secunderabad Railway Station (8 stops) | 186: Secunderabad Railway Station → Alugadda Bhavi (2 stops)"
"Tolichowki","Patny",17.39924,78.41552,17.44318,78.49625,11,38,1,"142Y → 5K","142Y: Tolichowki → Mehdipatnam (3 stops) | 5K: Mehdipatnam → Bata (6 stops)"
"Tolichowki","Cbs",17.39924,78.41552,17.37823,78.48168,10.2,35,2,"142Y → 16AB/5K → 9X/272G","142Y: Tolichowki → Mehdipatnam (3 stops) | 16AB/5K: Mehdipatnam → Lakdikapool (3 stops) | 9X/272G: Lakdikapool → Cbs (7 stops)"
"Tolichowki","Erragadda",17.39924,78.41552,17.45617,78.43378,10.6,36,1,"142Y → 19V/M","142Y: Tolichowki → Mehdipatnam (3 stops) | 19V/M: Mehdipatnam → Erragadda (6 stops)"
"Tolichowki","Gajularamaram X Road",17.39924,78.41552,17.50941,78.44817,18.5,64,3,"142Y → 19V/M → 9M → 9M/X","142Y: Tolichowki → Mehdipatnam (3 stops) | 19V/M: Mehdipatnam → Erragadda (6 stops) | 9M: Erragadda → Sanath Nagar (3 stops) | 9M/X: Sanath Nagar → Gajularam X Road (9 stops)"
"Tolichowki","Jbs",17.39924,78.41552,17.44757,78.49664,11.6,40,2,"142Y → 5K → 24B","142Y: Tolichowki → Mehdipatnam (3 stops) | 5K: Mehdipatnam → Bata (6 stops) | 24B: Bata → Jbs (2 stops)"
"Tolichowki","Hayathnagar Bus Station",17.39924,78.41552,17.32732,78.60489,25.9,87,3,"142Y → 16AB/5K → 9X → 72/208C","142Y: Tolichowki → Mehdipatnam (3 stops) | 16AB/5K: Mehdipatnam → Lakdikapool (3 stops) | 9X: Lakdikapool → Darul Shifa (7 stops) | 72/208C: Darul Shifa → Hayathnagar Bus Station (21 stops)"
"Tolichowki","Rathifile Bus Station",17.39924,78.41552,17.43457,78.50488,12.4,42,1,"142Y → 5K","142Y: Tolichowki → Mehdipatnam (3 stops) | 5K: Mehdipatnam → Secunderabad Railway Station (8 stops)"
"Tolichowki","Nampally Public Garoaden",17.39924,78.41552,17.39628,78.47082,8.5,29,1,"142Y → 116N/L","142Y: Tolichowki → Mehdipatnam (3 stops) | 116N/L: Mehdipatnam → Nampally Public Garoaden (7 stops)"
"Tolichowki","Lakdikapool",17.39924,78.41552,17.40361,78.46497,5.4,19,1,"142Y → 16AB/5K","142Y: Tolichowki → Mehdipatnam (3 stops) | 16AB/5K: Mehdipatnam → Lakdikapool (3 stops)"
"Tolichowki","Ecil Bus Terminal",17.39924,78.41552,17.47253,78.57006,21.2,72,2,"142Y → 5K → 37/8A","142Y: Tolichowki → Mehdipatnam (3 stops) | 5K: Mehdipatnam → Bata (6 stops) | 37/8A: Bata → Ecil Bus Terminal (8 stops)"
"Tolichowki","Secretariat",17.39924,78.41552,17.40812,78.47182,6.3,22,1,"142Y → 5K","142Y: Tolichowki → Mehdipatnam (3 stops) | 5K: Mehdipatnam → Secretariat (4 stops)"
"Tolichowki","Patancheruvu",17.39924,78.41552,17.52903,78.26428,22.8,77,1,"113M/217 → 219/27G","113M/217: Tolichowki → Lingampally (18 stops) | 219/27G: Lingampally → Patancheruvu (7 stops)"
"Tolichowki","Darul Shifa",17.39924,78.41552,17.37327,78.48299,10.2,35,2,"142Y → 16AB/5K → 9X","142Y: Tolichowki → Mehdipatnam (3 stops) | 16AB/5K: Mehdipatnam → Lakdikapool (3 stops) | 9X: Lakdikapool → Darul Shifa (7 stops)"
"Tolichowki","Plaza",17.39924,78.41552,17.44330,78.49066,10.9,37,2,"142Y → 5K → 8/26S","142Y: Tolichowki → Mehdipatnam (3 stops) | 5K: Mehdipatnam → Boats Club (5 stops) | 8/26S: Boats Club → Plaza (4 stops)"
"Tolichowki","Bluesea Cafe",17.39924,78.41552,17.43713,78.50515,11.8,41,1,"142Y → 5K","142Y: Tolichowki → Mehdipatnam (3 stops) | 5K: Mehdipatnam → Ig Statue (8 stops)"
"Tolichowki","Tarnaka",17.39924,78.41552,17.42571,78.53223,15.6,53,2,"142Y → 5K → 186","142Y: Tolichowki → Mehdipatnam (3 stops) | 5K: Mehdipatnam → Secunderabad Railway Station (8 stops) | 186: Secunderabad Railway Station → Tarnaka (3 stops)"
"Tolichowki","Lb Nagar X Road",17.39924,78.41552,17.34699,78.55013,19.1,65,3,"142Y → 16AB/5K → 9X → 72/208C","142Y: Tolichowki → Mehdipatnam (3 stops) | 16AB/5K: Mehdipatnam → Lakdikapool (3 stops) | 9X: Lakdikapool → Darul Shifa (7 stops) | 72/208C: Darul Shifa → Lb Nagar X Road (12 stops)"
"Tolichowki","Lingampally Bs",17.39924,78.41552,17.49485,78.31689,15.9,55,0,"113M/217","113M/217: Tolichowki → Lingampally (18 stops)"
"Tolichowki","Kukatpally",17.39924,78.41552,17.48385,78.41242,14.5,49,1,"142Y → 19V/M","142Y: Tolichowki → Mehdipatnam (3 stops) | 19V/M: Mehdipatnam → Kukatpally (8 stops)"
"Tolichowki","Jublee Bus Station",17.39924,78.41552,17.44761,78.49758,13.6,46,2,"142Y → 5K → AC","142Y: Tolichowki → Mehdipatnam (3 stops) | 5K: Mehdipatnam → Secunderabad Railway Station (8 stops) | AC: Secunderabad Railway Station → Jublee Bus Station (2 stops)"
"Tolichowki","Ibrahimpatnam Bus Station",17.39924,78.41552,17.19144,78.64766,44.5,149,3,"216M/P → 471/92C → 254K → 461","216M/P: Tolichowki → Rethi Bowli (3 stops) | 471/92C: Rethi Bowli → Tukkuguda (8 stops) | 254K: Tukkuguda → Kongara Kalan (3 stops) | 461: Kongara Kalan → Ibrahimpatnam Bus Station (9 stops)"
"Tolichowki","Prashanth Nagar",17.39924,78.41552,17.47378,78.42698,12.7,47,1,"142Y → 19V/M","142Y: Tolichowki → Mehdipatnam (3 stops) | 19V/M: Mehdipatnam → Moosapet (7 stops)"
"Tolichowki","Moosapet",17.39924,78.41552,17.47081,78.42668,12.4,42,1,"142Y → 19V/M","142Y: Tolichowki → Mehdipatnam (3 stops) | 19V/M: Mehdipatnam → Moosapet (7 stops)"
"Tolichowki","Cherlapally Bus Stand",17.39924,78.41552,17.46329,78.61145,25.6,86,3,"142Y → 5K → 186 → 250C/R","142Y: Tolichowki → Mehdipatnam (3 stops) | 5K: Mehdipatnam → Secunderabad Railway Station (8 stops) | 186: Secunderabad Railway Station → Tarnaka (3 stops) | 250C/R: Tarnaka → Cherlapally Bus Stand (7 stops)"
"Tolichowki","Koti Medical College",17.39924,78.41552,17.38310,78.48282,10.6,36,1,"142Y → 116N/L","142Y: Tolichowki → Mehdipatnam (3 stops) | 116N/L: Mehdipatnam → Koti Medical College (10 stops)"
"Tolichowki","Chadarghat",17.39924,78.41552,17.37722,78.49302,12.1,41,2,"142Y → 116N/L → 100L","142Y: Tolichowki → Mehdipatnam (3 stops) | 116N/L: Mehdipatnam → Koti Medical College (10 stops) | 100L: Koti Medical College → Chadarghat (2 stops)"
"Tolichowki","Kachiguda X Road",17.39924,78.41552,17.39069,78.48938,11.6,41,2,"142Y → 5K → 83/272","142Y: Tolichowki → Mehdipatnam (3 stops) | 5K: Mehdipatnam → Secretariat (4 stops) | 83/272: Secretariat → Kachiguda X Road (12 stops)"
"Tolichowki","Gandimaisamma",17.39924,78.41552,17.57508,78.42319,27.6,93,2,"113M/217 → 195SP → 198/224","113M/217: Tolichowki → Bio Diversity Complex (7 stops) | 195SP: Bio Diversity Complex → Bachupally X Road (10 stops) | 198/224: Bachupally X Road → Gandimaisamma (10 stops)"
"Tolichowki","Mehdipatnam",17.39924,78.41552,17.39527,78.43980,2.6,10,0,"142Y","142Y: Tolichowki → Mehdipatnam (3 stops)"
"Tolichowki","Bata",17.39924,78.41552,17.43600,78.49370,10.1,35,1,"142Y → 5K","142Y: Tolichowki → Mehdipatnam (3 stops) | 5K: Mehdipatnam → Bata (6 stops)"
"Tolichowki","Jntu X Rd",17.39924,78.41552,17.49672,78.39445,13.3,45,1,"113M/217 → 195SP","113M/217: Tolichowki → Bio Diversity Complex (7 stops) | 195SP: Bio Diversity Complex → Jntu X Road (6 stops)"
"Tolichowki","Super Bazar",17.39924,78.41552,17.37193,78.50992,13.6,46,2,"142Y → 116N/L → 100L","142Y: Tolichowki → Mehdipatnam (3 stops) | 116N/L: Mehdipatnam → Koti Medical College (10 stops) | 100L: Koti Medical College → Super Bazar (4 stops)"
"Tolichowki","Race Course",17.39924,78.41552,17.45076,78.48820,11.9,41,2,"142Y → 5K → 8/26S","142Y: Tolichowki → Mehdipatnam (3 stops) | 5K: Mehdipatnam → Boats Club (5 stops) | 8/26S: Boats Club → Race Course (5 stops)"
"Tolichowki","Punjagutta",17.39924,78.41552,17.42645,78.45141,6.9,24,1,"142Y → 19V/M","142Y: Tolichowki → Mehdipatnam (3 stops) | 19V/M: Mehdipatnam → Panjaguta (4 stops)"
"Tolichowki","Balanagar",17.39924,78.41552,17.46697,78.44626,13.6,46,3,"142Y → 19V/M → 9M → 9M/X","142Y: Tolichowki → Mehdipatnam (3 stops) | 19V/M: Mehdipatnam → Erragadda (6 stops) | 9M: Erragadda → Sanath Nagar (3 stops) | 9M/X: Sanath Nagar → Balanagar (3 stops)"
"Tolichowki","Chintal",17.39924,78.41552,17.49540,78.45210,16.7,57,3,"142Y → 19V/M → 9M → 9M/X","142Y: Tolichowki → Mehdipatnam (3 stops) | 19V/M: Mehdipatnam → Erragadda (6 stops) | 9M: Erragadda → Sanath Nagar (3 stops) | 9M/X: Sanath Nagar → Chintal (7 stops)"
"Tolichowki","Nanal Nagar",17.39924,78.41552,17.39620,78.42700,1.3,5,0,"142Y","142Y: Tolichowki → Nanal Nagar (2 stops)"
"Tolichowki","Abids Gpo",17.39924,78.41552,17.38757,78.47617,9.7,33,1,"142Y → 116N/L","142Y: Tolichowki → Mehdipatnam (3 stops) | 116N/L: Mehdipatnam → Abids Gpo (8 stops)"
"Tolichowki","Kachiguda Railway Station",17.39924,78.41552,17.38950,78.49726,10.3,38,2,"142Y → 5K → 83/272","142Y: Tolichowki → Mehdipatnam (3 stops) | 5K: Mehdipatnam → Secretariat (4 stops) | 83/272: Secretariat → Tourist Hotel (10 stops)"
"Tolichowki","Quthbullapur X Rd",17.39924,78.41552,17.49890,78.45176,18.1,61,3,"142Y → 19V/M → 9M → 9M/X","142Y: Tolichowki → Mehdipatnam (3 stops) | 19V/M: Mehdipatnam → Erragadda (6 stops) | 9M: Erragadda → Sanath Nagar (3 stops) | 9M/X: Sanath Nagar → Quthbullapur X Rd (9 stops)"
"Tolichowki","Shapur Nagar",17.39924,78.41552,17.51600,78.44690,19.1,65,3,"142Y → 19V/M → 9M → 9M/X","142Y: Tolichowki → Mehdipatnam (3 stops) | 19V/M: Mehdipatnam → Erragadda (6 stops) | 9M: Erragadda → Sanath Nagar (3 stops) | 9M/X: Sanath Nagar → Shapur Nagar (10 stops)"
"Tolichowki","Panama Godown",17.39924,78.41552,17.33840,78.56864,21.5,73,3,"142Y → 116N/L → 100L → 524","142Y: Tolichowki → Mehdipatnam (3 stops) | 116N/L: Mehdipatnam → Koti Medical College (10 stops) | 100L: Koti Medical College → Lb Nagar (District Stop) (9 stops) | 524: Lb Nagar (District Stop) → Panama Godown (3 stops)"
"Tolichowki","Gachibowli X Road",17.39924,78.41552,17.43903,78.36295,7.3,26,0,"113M/217","113M/217: Tolichowki → Gachibowli (9 stops)"
"Tolichowki","Abids Grammar School",17.39924,78.41552,17.39333,78.47625,7.5,26,2,"142Y → 16AB/5K → 116G","142Y: Tolichowki → Mehdipatnam (3 stops) | 16AB/5K: Mehdipatnam → Lakdikapool (3 stops) | 116G: Lakdikapool → Abids Grammar School (2 stops)"
"Tolichowki","Dilsukhnagar",17.39924,78.41552,17.36862,78.52366,15.2,52,2,"142Y → 116N/L → 100L","142Y: Tolichowki → Mehdipatnam (3 stops) | 116N/L: Mehdipatnam → Koti Medical College (10 stops) | 100L: Koti Medical College → Dilsukhnagar (6 stops)"
"Tolichowki","Sathamrai",17.39924,78.41552,17.27452,78.40118,16.7,56,1,"217/300 → 85M","217/300: Tolichowki → Shivrampally (10 stops) | 85M: Shivrampally → Sathamrai (4 stops)"
"Tolichowki","Gajularam X Road",17.39924,78.41552,17.51010,78.44771,18.4,62,3,"142Y → 19V/M → 9M → 9M/X","142Y: Tolichowki → Mehdipatnam (3 stops) | 19V/M: Mehdipatnam → Erragadda (6 stops) | 9M: Erragadda → Sanath Nagar (3 stops) | 9M/X: Sanath Nagar → Gajularam X Road (9 stops)"
"Tolichowki","Rc Puram",17.39924,78.41552,17.51362,78.28780,19.7,67,1,"113M/217 → 219/27G","113M/217: Tolichowki → Lingampally (18 stops) | 219/27G: Lingampally → Rc Puram (5 stops)"
"Tolichowki","Kphb",17.39924,78.41552,17.49456,78.40081,13.9,47,1,"113M/217 → 195SP","113M/217: Tolichowki → Bio Diversity Complex (7 stops) | 195SP: Bio Diversity Complex → Jntu X Road (6 stops)"
"Tolichowki","Pisal Banda",17.39924,78.41552,17.33995,78.50379,15.1,51,2,"216M/P → 471/92C → 477","216M/P: Tolichowki → Rethi Bowli (3 stops) | 471/92C: Rethi Bowli → Chandrayangutta (2 stops) | 477: Chandrayangutta → Owaisi Hospital (5 stops)"
"Tolichowki","Police Lines",17.39924,78.41552,17.44365,78.47499,10.1,35,3,"142Y → 19V/M → 19BM → 10JB","142Y: Tolichowki → Mehdipatnam (3 stops) | 19V/M: Mehdipatnam → Banjara Hills Road No 7 Taj Krishna (3 stops) | 19BM: Banjara Hills Road No 7 Taj Krishna → Rj College (2 stops) | 10JB: Rj College → Police Lines (2 stops)"
"Tolichowki","Uppal X Road",17.39924,78.41552,17.40126,78.56007,16,54,2,"142Y → 5K → 113K","142Y: Tolichowki → Mehdipatnam (3 stops) | 5K: Mehdipatnam → Telephone Bhavan (3 stops) | 113K: Telephone Bhavan → Modern Bakery (7 stops)"
"Tolichowki","Boats Club",17.39924,78.41552,17.42644,78.48664,8.8,30,1,"142Y → 5K","142Y: Tolichowki → Mehdipatnam (3 stops) | 5K: Mehdipatnam → Boats Club (5 stops)"
"Tolichowki","Womens College",17.39924,78.41552,17.38481,78.48762,10.9,38,1,"142Y → 116N/L","142Y: Tolichowki → Mehdipatnam (3 stops) | 116N/L: Mehdipatnam → Koti Bank Strret (9 stops)"
"Tolichowki","Hydernagar",17.39924,78.41552,17.49919,78.38352,14.4,49,2,"113M/217 → 195SP → 219/272G","113M/217: Tolichowki → Bio Diversity Complex (7 stops) | 195SP: Bio Diversity Complex → Jntu X Road (6 stops) | 219/272G: Jntu X Road → Hydernagar (2 stops)"
"Tolichowki","Charminar",17.39924,78.41552,17.35868,78.47403,12.4,42,2,"142Y → 16AB/5K → 9X","142Y: Tolichowki → Mehdipatnam (3 stops) | 16AB/5K: Mehdipatnam → Lakdikapool (3 stops) | 9X: Lakdikapool → Charminar (11 stops)"
"Tolichowki","Hitech City",17.39924,78.41552,17.44995,78.38257,8.1,27,1,"113M/217 → 195SP","113M/217: Tolichowki → Bio Diversity Complex (7 stops) | 195SP: Bio Diversity Complex → Tcs Deccan Park (2 stops)"
"Tolichowki","Ameerpet",17.39924,78.41552,17.43155,78.44765,7.5,26,1,"142Y → 19V/M","142Y: Tolichowki → Mehdipatnam (3 stops) | 19V/M: Mehdipatnam → Panjaguta (4 stops)"
"Tolichowki","Gandipet X Road",17.39924,78.41552,17.38500,78.33100,10.6,37,1,"65M/123 → 505","65M/123: Tolichowki → Narsingi (9 stops) | 505: Narsingi → Gandipet X Road (4 stops)"
"Tolichowki","Gachibowli",17.39924,78.41552,17.43966,78.36356,7.2,24,0,"113M/217","113M/217: Tolichowki → Gachibowli (9 stops)"
"Tolichowki","Miyapur",17.39924,78.41552,17.49669,78.36077,14.9,50,2,"113M/217 → AK → 222M","113M/217: Tolichowki → Gachibowli (9 stops) | AK: Gachibowli → Kothaguda X Rd (2 stops) | 222M: Kothaguda X Rd → Miyapur (6 stops)"
"Tolichowki","Sr Nagar",17.39924,78.41552,17.44027,78.44260,8.9,31,1,"142Y → 19V/M","142Y: Tolichowki → Mehdipatnam (3 stops) | 19V/M: Mehdipatnam → Sr Nagar (5 stops)"
"Tolichowki","Begumpet",17.39924,78.41552,17.10805,78.55358,41.5,139,2,"216M/P → 471/92C → 478","216M/P: Tolichowki → Rethi Bowli (3 stops) | 471/92C: Rethi Bowli → Imamguda (9 stops) | 478: Imamguda → Begumpet (7 stops)"
"Tolichowki","Kondapur",17.39924,78.41552,17.46392,78.36725,9.9,33,1,"113M/217 → AK","113M/217: Tolichowki → Gachibowli (9 stops) | AK: Gachibowli → Kondapur (3 stops)"
"Tolichowki","Madhapur",17.39924,78.41552,17.63017,78.77482,52.5,176,3,"142Y → 5K → 37/8A → 546","142Y: Tolichowki → Mehdipatnam (3 stops) | 5K: Mehdipatnam → Bata (6 stops) | 37/8A: Bata → Kushaiguda (9 stops) | 546: Kushaiguda → Madhapur (14 stops)"
"Tolichowki","Shamshabad",17.39924,78.41552,17.26205,78.38824,18.6,63,1,"217/300 → 85M","217/300: Tolichowki → Shivrampally (10 stops) | 85M: Shivrampally → Shamshabad (5 stops)"
"Kondapur","Secunderabad Railway Station",17.46392,78.36725,17.43426,78.50158,17.3,58,1,"127K → 10HW","127K: Kondapur → Ushakiran Movies (9 stops) | 10HW: Ushakiran Movies → Secunderabad Railway Station (9 stops)"
"Kondapur","Afzalgunj",17.46392,78.36725,17.37331,78.47693,18.2,62,1,"127K → AA","127K: Kondapur → Assembly (20 stops) | AA: Assembly → Afzalgunj (3 stops)"
"Kondapur","Alugadda Bhavi",17.46392,78.36725,17.43531,78.51438,18.7,63,2,"127K → 10HW → 186","127K: Kondapur → Ushakiran Movies (9 stops) | 10HW: Ushakiran Movies → Secunderabad Railway Station (9 stops) | 186: Secunderabad Railway Station → Alugadda Bhavi (2 stops)"
"Kondapur","Patny",17.46392,78.36725,17.44318,78.49625,16.2,55,1,"127K → 10HW","127K: Kondapur → Ushakiran Movies (9 stops) | 10HW: Ushakiran Movies → Plaza (8 stops)"
"Kondapur","Cbs",17.46392,78.36725,17.37823,78.48168,18,61,1,"127K → 116G","127K: Kondapur → Assembly (20 stops) | 116G: Assembly → Cbs (3 stops)"
"Kondapur","Erragadda",17.46392,78.36725,17.45617,78.43378,9.1,34,1,"216M/P → 9F","216M/P: Kondapur → Shilparamam (3 stops) | 9F: Hitech City → Erragadda (9 stops)"
"Kondapur","Gajularamaram X Road",17.46392,78.36725,17.50941,78.44817,17.1,58,2,"222M → 219P → 171KJ","222M: Kondapur → Miyapur (5 stops) | 219P: Miyapur → Kphb (3 stops) | 171KJ: Kphb → Gajularamaram X Road (14 stops)"
"Kondapur","Jbs",17.46392,78.36725,17.44757,78.49664,16.9,57,2,"127K → 10HW → 49E/22","127K: Kondapur → Ushakiran Movies (9 stops) | 10HW: Ushakiran Movies → Plaza (8 stops) | 49E/22: Plaza → Jbs (3 stops)"
"Kondapur","Hayathnagar Bus Station",17.46392,78.36725,17.32732,78.60489,29.2,99,2,"280B → 300/532 → 555","280B: Kondapur → Uppal X Road Junction (20 stops) | 300/532: Uppal X Road Junction → Lb Nagar (5 stops) | 555: Lb Nagar X Road → Hayathnagar Bus Station (4 stops)"
"Kondapur","Rathifile Bus Station",17.46392,78.36725,17.43457,78.50488,17.7,60,1,"127K → 10HW","127K: Kondapur → Ushakiran Movies (9 stops) | 10HW: Ushakiran Movies → Secunderabad Railway Station (9 stops)"
"Kondapur","Nampally Public Garoaden",17.46392,78.36725,17.39628,78.47082,15.6,54,0,"127K","127K: Kondapur → Assembly (20 stops)"
"Kondapur","Lakdikapool",17.46392,78.36725,17.40361,78.46497,14.1,48,0,"127K","127K: Kondapur → Lakdikapool (19 stops)"
"Kondapur","Ecil Bus Terminal",17.46392,78.36725,17.47253,78.57006,17.6,60,2,"280B → 281/25S → 3K/242","280B: Kondapur → Shivareddy Guda (4 stops) | 281/25S: Shivareddy Guda → Nagaram (12 stops) | 3K/242: Nagaram → Ecil Bus Terminal (5 stops)"
"Kondapur","Secretariat",17.46392,78.36725,17.40812,78.47182,15,51,1,"127K → 5K","127K: Kondapur → Mahavir Hospital (17 stops) | 5K: Mahavir Hospital → Secretariat (3 stops)"
"Kondapur","Patancheruvu",17.46392,78.36725,17.52903,78.26428,13.5,46,0,"127R/K","127R/K: Kondapur → Allwyn (4 stops)"
"Kondapur","Darul Shifa",17.46392,78.36725,17.37327,78.48299,18.9,64,1,"127K → AA","127K: Kondapur → Assembly (20 stops) | AA: Assembly → Afzalgunj (3 stops)"
"Kondapur","Plaza",17.46392,78.36725,17.44330,78.49066,15.8,53,1,"127K → 10HW","127K: Kondapur → Ushakiran Movies (9 stops) | 10HW: Ushakiran Movies → Plaza (8 stops)"
"Kondapur","Bluesea Cafe",17.46392,78.36725,17.43713,78.50515,17.5,59,2,"127K → 10HW → 227G","127K: Kondapur → Ushakiran Movies (9 stops) | 10HW: Ushakiran Movies → Plaza (8 stops) | 227G: Plaza → Bluesea Cafe (4 stops)"
"Kondapur","Tarnaka",17.46392,78.36725,17.42571,78.53223,20.8,70,0,"280B","280B: Kondapur → Tarnaka (25 stops)"
"Kondapur","Lb Nagar X Road",17.46392,78.36725,17.34699,78.55013,23.1,79,1,"280B → 300/532","280B: Kondapur → Uppal X Road Junction (20 stops) | 300/532: Uppal X Road Junction → Lb Nagar (5 stops)"
"Kondapur","Lingampally Bs",17.46392,78.36725,17.49485,78.31689,7.3,25,0,"104R/127K","104R/127K: Kondapur → Lingampally Bs (8 stops)"
"Kondapur","Kukatpally",17.46392,78.36725,17.48385,78.41242,11.1,38,1,"222M → 219P","222M: Kondapur → Miyapur (5 stops) | 219P: Miyapur → Kukatpally (4 stops)"
"Kondapur","Jublee Bus Station",17.46392,78.36725,17.44761,78.49758,18.9,64,2,"127K → 10HW → AC","127K: Kondapur → Ushakiran Movies (9 stops) | 10HW: Ushakiran Movies → Secunderabad Railway Station (9 stops) | AC: Secunderabad Railway Station → Jublee Bus Station (2 stops)"
"Kondapur","Ibrahimpatnam Bus Station",17.46392,78.36725,17.19144,78.64766,45.1,151,3,"280B → 300/532 → 300L/279K → 401","280B: Kondapur → Uppal X Road Junction (20 stops) | 300/532: Uppal X Road Junction → Lb Nagar (5 stops) | 300L/279K: Lb Nagar → Bongloor X Road (16 stops) | 401: Bongloor X Road → Ibrahimpatnam Bus Station (3 stops)"
"Kondapur","Prashanth Nagar",17.46392,78.36725,17.47378,78.42698,13,46,1,"222M → 219P","222M: Kondapur → Miyapur (5 stops) | 219P: Miyapur → Prashanth Ngr (5 stops)"
"Kondapur","Moosapet",17.46392,78.36725,17.47081,78.42668,9.4,35,2,"216M/P → 9F → 10Y/F","216M/P: Kondapur → Shilparamam (3 stops) | 9F: Hitech City → Pr Nagar (7 stops) | 10Y/F: Pr Nagar → Moosapet (4 stops)"
"Kondapur","Cherlapally Bus Stand",17.46392,78.36725,17.46329,78.61145,11.1,38,2,"280B → 281/25S → 250C/R","280B: Kondapur → Shivareddy Guda (4 stops) | 281/25S: Shivareddy Guda → Rampally Village (4 stops) | 250C/R: Rampally Village → Cherlapally Bus Stand (3 stops)"
"Kondapur","Koti Medical College",17.46392,78.36725,17.38310,78.48282,17.5,59,1,"127K → 218I","127K: Kondapur → Abids Grammar School (21 stops) | 218I: Abids Grammar School → Koti Medical College (2 stops)"
"Kondapur","Chadarghat",17.46392,78.36725,17.37722,78.49302,19.1,65,1,"127K → 96","127K: Kondapur → Koti Womens College (23 stops) | 96: Koti Womens College → Chadarghat (2 stops)"
"Kondapur","Kachiguda X Road",17.46392,78.36725,17.39069,78.48938,18.7,67,1,"127K → 222","127K: Kondapur → Koti Bank Strret (22 stops) | 222: Koti Bank Strret → Ramkoti (3 stops)"
"Kondapur","Gandimaisamma",17.46392,78.36725,17.57508,78.42319,19.3,65,1,"222M → 219/229","222M: Kondapur → Miyapur X Road (6 stops) | 219/229: Miyapur X Road → Gandimaisamma (11 stops)"
"Kondapur","Mehdipatnam",17.46392,78.36725,17.39527,78.43980,12.8,43,0,"216M/P","216M/P: Kondapur → Mehdipatnam (13 stops)"
"Kondapur","Bata",17.46392,78.36725,17.43600,78.49370,18.8,64,1,"127K → 5K","127K: Kondapur → Mahavir Hospital (17 stops) | 5K: Mahavir Hospital → Bata (5 stops)"
"Kondapur","Jntu X Rd",17.46392,78.36725,17.49672,78.39445,8.6,31,1,"222M → AJ","222M: Kondapur → Miyapur (5 stops) | AJ: Miyapur X Road → Jntu X Rd (2 stops)"
"Kondapur","Super Bazar",17.46392,78.36725,17.37193,78.50992,20.6,70,1,"127K → 443","127K: Kondapur → Koti Womens College (23 stops) | 443: Koti Womens College → Super Bazar (3 stops)"
"Kondapur","Race Course",17.46392,78.36725,17.45076,78.48820,16.6,56,1,"127K → 10HW","127K: Kondapur → Ushakiran Movies (9 stops) | 10HW: Ushakiran Movies → Plaza (8 stops)"
"Kondapur","Punjagutta",17.46392,78.36725,17.42645,78.45141,10.7,37,1,"127K → 16A/47W","127K: Kondapur → Ushakiran Movies (9 stops) | 16A/47W: Ushakiran Movies → Panjaguta (5 stops)"
"Kondapur","Balanagar",17.46392,78.36725,17.46697,78.44626,15.1,51,1,"222M → 219P","222M: Kondapur → Miyapur (5 stops) | 219P: Miyapur → Balanagar (6 stops)"
"Kondapur","Chintal",17.46392,78.36725,17.49540,78.45210,18.4,62,2,"222M → 219P → 171Y","222M: Kondapur → Miyapur (5 stops) | 219P: Miyapur → Balanagar (6 stops) | 171Y: Balanagar → Chintal (5 stops)"
"Kondapur","Nanal Nagar",17.46392,78.36725,17.39620,78.42700,11.4,39,0,"216M/P","216M/P: Kondapur → Nanal Nagar (11 stops)"
"Kondapur","Abids Gpo",17.46392,78.36725,17.38757,78.47617,16.8,57,0,"127K","127K: Kondapur → Abids Grammar School (21 stops)"
"Kondapur","Kachiguda Railway Station",17.46392,78.36725,17.38950,78.49726,19.5,68,1,"127K → 222","127K: Kondapur → Koti Bank Strret (22 stops) | 222: Koti Bank Strret → Tourist Hotel (4 stops)"
"Kondapur","Ghatkesar Bus Station",17.46392,78.36725,17.45213,78.68231,2.2,8,0,"280B","280B: Kondapur → Ghatkesar Bus Station (3 stops)"
"Kondapur","Chengicherla",17.46392,78.36725,17.43313,78.60845,14.8,51,1,"280B → 18C/30","280B: Kondapur → Medipally (13 stops) | 18C/30: Medipally → Chengicherla (5 stops)"
"Kondapur","Quthbullapur X Rd",17.46392,78.36725,17.49890,78.45176,18.8,63,2,"222M → 219P → 250C/30","222M: Kondapur → Miyapur (5 stops) | 219P: Miyapur → Balanagar (6 stops) | 250C/30: Balanagar → Quthbullapur X Rd (6 stops)"
"Kondapur","Shapur Nagar",17.46392,78.36725,17.51600,78.44690,17.7,59,2,"222M → 219P → 171KJ","222M: Kondapur → Miyapur (5 stops) | 219P: Miyapur → Kphb (3 stops) | 171KJ: Kphb → Shapur Nagar (15 stops)"
"Kondapur","Panama Godown",17.46392,78.36725,17.33840,78.56864,25.2,86,2,"280B → 300/532 → 555","280B: Kondapur → Uppal X Road Junction (20 stops) | 300/532: Uppal X Road Junction → Lb Nagar (5 stops) | 555: Lb Nagar X Road → Panama Godown (2 stops)"
"Kondapur","Gachibowli X Road",17.46392,78.36725,17.43903,78.36295,3.1,13,0,"10H/220","10H/220: Kothaguda X Road → Gachibowli X Road (3 stops)"
"Kondapur","Abids Grammar School",17.46392,78.36725,17.39333,78.47625,16.1,55,0,"127K","127K: Kondapur → Abids Grammar School (21 stops)"
"Kondapur","Dilsukhnagar",17.46392,78.36725,17.36862,78.52366,22.2,75,1,"127K → 443","127K: Kondapur → Koti Womens College (23 stops) | 443: Koti Womens College → Dilsukhnagar (4 stops)"
"Kondapur","Sathamrai",17.46392,78.36725,17.27452,78.40118,26.1,88,2,"216M/P → 300A/216 → 49M/251","216M/P: Kondapur → Nanal Nagar (11 stops) | 300A/216: Nanal Nagar → Aramghar X Roads (6 stops) | 49M/251: Aramghar → Sathamrai (4 stops)"
"Kondapur","Gajularam X Road",17.46392,78.36725,17.51010,78.44771,17,57,2,"222M → 219P → 171KJ","222M: Kondapur → Miyapur (5 stops) | 219P: Miyapur → Kphb (3 stops) | 171KJ: Kphb → Gajularam X Road (14 stops)"
"Kondapur","Rc Puram",17.46392,78.36725,17.51362,78.28780,11.2,38,1,"104R/127K → 300A/217","104R/127K: Kondapur → Lingampally Bs (8 stops) | 300A/217: Lingampally Bs → Rc Puram (3 stops)"
"Kondapur","Kphb",17.46392,78.36725,17.49456,78.40081,9.3,32,1,"222M → 219P","222M: Kondapur → Miyapur (5 stops) | 219P: Miyapur → Kphb (3 stops)"
"Kondapur","Pisal Banda",17.46392,78.36725,17.33995,78.50379,23.6,80,2,"127K → 277K → 460","127K: Kondapur → Koti Womens College (23 stops) | 277K: Koti Womens College → Is Sadan (6 stops) | 460: Is Sadan → Pisal Banda (3 stops)"
"Kondapur","Police Lines",17.46392,78.36725,17.44365,78.47499,14.4,53,1,"127K → 16A/47W","127K: Kondapur → Ushakiran Movies (9 stops) | 16A/47W: Ushakiran Movies → Prakash Nagar (8 stops)"
"Kondapur","Uppal X Road",17.46392,78.36725,17.40126,78.56007,16.8,57,0,"280B","280B: Kondapur → Uppal X Road (21 stops)"
"Kondapur","Boats Club",17.46392,78.36725,17.42644,78.48664,17.5,59,1,"127K → 5K","127K: Kondapur → Mahavir Hospital (17 stops) | 5K: Mahavir Hospital → Boats Club (4 stops)"
"Kondapur","Womens College",17.46392,78.36725,17.38481,78.48762,17.8,61,0,"127K","127K: Kondapur → Koti Bank Strret (22 stops)"
"Kondapur","Hydernagar",17.46392,78.36725,17.49919,78.38352,7.5,25,1,"222M → 219P","222M: Kondapur → Miyapur (5 stops) | 219P: Miyapur → Hydernagar (2 stops)"
"Kondapur","Charminar",17.46392,78.36725,17.35868,78.47403,20.7,70,2,"127K → AA → 253M","127K: Kondapur → Assembly (20 stops) | AA: Assembly → Afzalgunj (3 stops) | 253M: Afzalgunj → Charminar (3 stops)"
"Kondapur","Hitech City",17.46392,78.36725,17.44995,78.38257,2.4,9,0,"127K","127K: Kondapur → Hitech City (4 stops)"
"Kondapur","Ameerpet",17.46392,78.36725,17.43155,78.44765,11.2,38,1,"127K → 10HW","127K: Kondapur → Ushakiran Movies (9 stops) | 10HW: Ushakiran Movies → Sr Nagar (5 stops)"
"Kondapur","Gandipet X Road",17.46392,78.36725,17.38500,78.33100,13,44,3,"216M/P → AJ → 316 → 120","216M/P: Kondapur → Shilparamam (3 stops) | AJ: Shilparamam → Gachibowli Orr (2 stops) | 316: Gachibowli Orr → Manchirevula X Road (4 stops) | 120: Manchirevula X Road → Gandipet X Road (4 stops)"
"Kondapur","Gachibowli",17.46392,78.36725,17.43966,78.36356,4.5,17,1,"216M/P → AJ","216M/P: Kondapur → Shilparamam (3 stops) | AJ: Shilparamam → Gachibowli Orr (2 stops)"
"Kondapur","Miyapur",17.46392,78.36725,17.49669,78.36077,5,17,0,"222M","222M: Kondapur → Miyapur (5 stops)"
"Kondapur","Sr Nagar",17.46392,78.36725,17.44027,78.44260,10.4,36,1,"127K → 10HW","127K: Kondapur → Ushakiran Movies (9 stops) | 10HW: Ushakiran Movies → Sr Nagar (5 stops)"
"Kondapur","Begumpet",17.46392,78.36725,17.10805,78.55358,51.7,173,2,"216M/P → 471/92C → 478","216M/P: Kondapur → Rethi Bowli (12 stops) | 471/92C: Rethi Bowli → Imamguda (9 stops) | 478: Imamguda → Begumpet (7 stops)"
"Kondapur","Tolichowki",17.46392,78.36725,17.39924,78.41552,10.1,34,0,"216M/P","216M/P: Kondapur → Tolichowki (10 stops)"
"Kondapur","Madhapur",17.46392,78.36725,17.63017,78.77482,26.5,89,2,"280B → 496 → 577","280B: Kondapur → Bogaram (4 stops) | 496: Bogaram → Keesara Village (2 stops) | 577: Keesara Village → Madhapur (11 stops)"
"Kondapur","Shamshabad",17.46392,78.36725,17.26205,78.38824,26,87,2,"216M/P → AJ → 315","216M/P: Kondapur → Shilparamam (3 stops) | AJ: Shilparamam → Gachibowli Orr (2 stops) | 315: Gachibowli Orr → Shamshabad (4 stops)"
"Madhapur","Secunderabad Railway Station",17.63017,78.77482,17.43426,78.50158,42.6,143,2,"578 → 580J → 431","578: Madhapur → Khajipet X Road (4 stops) | 580J: Khajipet X Road → Alugadda Bhavi (34 stops) | 431: Alugadda Bhavi → Secunderabad Railway Station (3 stops)"
"Madhapur","Afzalgunj",17.63017,78.77482,17.37331,78.47693,33.9,116,2,"443 → 203A/479 → 277S","443: Madhapur → Timmapur Village (2 stops) | 203A/479: Thimmapur → Malakpet Government Hospital (25 stops) | 277S: Malakpet Government Hospital → Afzalgunj (4 stops)"
"Madhapur","Alugadda Bhavi",17.63017,78.77482,17.43531,78.51438,41.2,139,1,"578 → 580J","578: Madhapur → Khajipet X Road (4 stops) | 580J: Khajipet X Road → Alugadda Bhavi (34 stops)"
"Madhapur","Patny",17.63017,78.77482,17.44318,78.49625,41.2,139,2,"578 → 580J → 37/8A","578: Madhapur → Khajipet X Road (4 stops) | 580J: Khajipet X Road → Ecil Bus Terminal (20 stops) | 37/8A: Ecil Bus Terminal → Ymca Bus Stop (7 stops)"
"Madhapur","Cbs",17.63017,78.77482,17.37823,78.48168,33.3,117,1,"443 → 203A/479","443: Madhapur → Timmapur Village (2 stops) | 203A/479: Thimmapur → Chadarghat (26 stops)"
"Madhapur","Erragadda",17.63017,78.77482,17.45617,78.43378,43.6,148,3,"443 → 203A/479 → 104R/127K → 113K","443: Madhapur → Timmapur Village (2 stops) | 203A/479: Thimmapur → Chadarghat (26 stops) | 104R/127K: Chadarghat → Lakdikapool (8 stops) | 113K: Lakdikapool → Erragadda (5 stops)"
"Madhapur","Gajularamaram X Road",17.63017,78.77482,17.50941,78.44817,56.1,198,3,"443 → 203A/479 → 277D/S → 186","443: Madhapur → Timmapur Village (2 stops) | 203A/479: Thimmapur → Nadargul (7 stops) | 277D/S: Nadargul → Lb Nagar X Road (12 stops) | 186: Lb Nagar X Road → Rythubazar-Jdm (3 stops)"
"Madhapur","Jbs",17.63017,78.77482,17.44757,78.49664,40.9,137,3,"578 → 580J → 37/8A → 16E","578: Madhapur → Khajipet X Road (4 stops) | 580J: Khajipet X Road → Ecil Bus Terminal (20 stops) | 37/8A: Ecil Bus Terminal → Aoc Centre (6 stops) | 16E: Aoc Centre → Jbs (3 stops)"
"Madhapur","Hayathnagar Bus Station",17.63017,78.77482,17.32732,78.60489,32,110,3,"443 → 203A/479 → 277D/S → 277BH","443: Madhapur → Timmapur Village (2 stops) | 203A/479: Thimmapur → Nadargul (7 stops) | 277D/S: Nadargul → Bn Reddy (6 stops) | 277BH: Bn Reddy → Hayathnagar Bus Station (16 stops)"
"Madhapur","Rathifile Bus Station",17.63017,78.77482,17.43457,78.50488,42.2,142,2,"578 → 580J → 431","578: Madhapur → Khajipet X Road (4 stops) | 580J: Khajipet X Road → Alugadda Bhavi (34 stops) | 431: Alugadda Bhavi → Rathifile Bus Station (2 stops)"
"Madhapur","Nampally Public Garoaden",17.63017,78.77482,17.39628,78.47082,35.7,122,2,"443 → 203A/479 → 104R/127K","443: Madhapur → Timmapur Village (2 stops) | 203A/479: Thimmapur → Chadarghat (26 stops) | 104R/127K: Chadarghat → Nampally Public Garoaden (6 stops)"
"Madhapur","Lakdikapool",17.63017,78.77482,17.40361,78.46497,36.8,126,2,"443 → 203A/479 → 104R/127K","443: Madhapur → Timmapur Village (2 stops) | 203A/479: Thimmapur → Chadarghat (26 stops) | 104R/127K: Chadarghat → Lakdikapool (8 stops)"
"Madhapur","Ecil Bus Terminal",17.63017,78.77482,17.47253,78.57006,30.9,104,1,"578 → 580J","578: Madhapur → Khajipet X Road (4 stops) | 580J: Khajipet X Road → Ecil Bus Terminal (20 stops)"
"Madhapur","Secretariat",17.63017,78.77482,17.40812,78.47182,37,126,3,"443 → 203A/479 → 104R/127K → 277S","443: Madhapur → Timmapur Village (2 stops) | 203A/479: Thimmapur → Chadarghat (26 stops) | 104R/127K: Chadarghat → Nampally Railway Station (5 stops) | 277S: Nampally Railway Station → Secretariat (2 stops)"
"Madhapur","Patancheruvu",17.63017,78.77482,17.52903,78.26428,64,217,3,"443 → 203A/479 → 152 → 116N/220K","443: Madhapur → Timmapur Village (2 stops) | 203A/479: Thimmapur → Chadarghat (26 stops) | 152: Chadarghat → Koti Medical College (3 stops) | 116N/220K: Koti Medical College → Patancheruvu (35 stops)"
"Madhapur","Darul Shifa",17.63017,78.77482,17.37327,78.48299,33.4,114,2,"443 → 203A/479 → 277MP","443: Madhapur → Timmapur Village (2 stops) | 203A/479: Thimmapur → Malakpet Government Hospital (25 stops) | 277MP: Malakpet Government Hospital → Darul Shifa (4 stops)"
"Madhapur","Plaza",17.63017,78.77482,17.44330,78.49066,44.4,150,2,"578 → 580J → 26/20","578: Madhapur → Khajipet X Road (4 stops) | 580J: Khajipet X Road → Bluesea Cafe (35 stops) | 26/20: Secunderabad → Plaza (3 stops)"
"Madhapur","Bluesea Cafe",17.63017,78.77482,17.43713,78.50515,42.2,142,1,"578 → 580J","578: Madhapur → Khajipet X Road (4 stops) | 580J: Khajipet X Road → Bluesea Cafe (35 stops)"
"Madhapur","Tarnaka",17.63017,78.77482,17.42571,78.53223,39,131,1,"578 → 580J","578: Madhapur → Khajipet X Road (4 stops) | 580J: Khajipet X Road → Tarnaka (32 stops)"
"Madhapur","Lb Nagar X Road",17.63017,78.77482,17.34699,78.55013,29.3,100,2,"443 → 203A/479 → 277D/S","443: Madhapur → Timmapur Village (2 stops) | 203A/479: Thimmapur → Nadargul (7 stops) | 277D/S: Nadargul → Lb Nagar X Road (12 stops)"
"Madhapur","Lingampally Bs",17.63017,78.77482,17.49485,78.31689,59.7,200,3,"578 → 580J → 37/8A → 24N/219","578: Madhapur → Khajipet X Road (4 stops) | 580J: Khajipet X Road → Ecil Bus Terminal (20 stops) | 37/8A: Ecil Bus Terminal → Officers Mess (5 stops) | 24N/219: Officers Mess → Lingampally Bs (23 stops)"
"Madhapur","Kukatpally",17.63017,78.77482,17.48385,78.41242,48.4,163,3,"578 → 580J → 281/25S → 19MB","578: Madhapur → Khajipet X Road (4 stops) | 580J: Khajipet X Road → Nagaram (14 stops) | 281/25S: Nagaram → Balajinagar (Twd Secunderabad (7 stops) | 19MB: Balajinagar (Twd Secunderabad → Kukatpally (2 stops)"
"Madhapur","Jublee Bus Station",17.63017,78.77482,17.44761,78.49758,41,139,3,"578 → 580J → 37/8A → 16E","578: Madhapur → Khajipet X Road (4 stops) | 580J: Khajipet X Road → Ecil Bus Terminal (20 stops) | 37/8A: Ecil Bus Terminal → Aoc Centre (6 stops) | 16E: Aoc Centre → Jbs (3 stops)"
"Madhapur","Ibrahimpatnam Bus Station",17.63017,78.77482,17.19144,78.64766,18.4,63,1,"443 → 443","443: Madhapur → Timmapur Village (2 stops) | 443: Thimmapur Bus Stop → Ibrahimpatnam Bus Station (8 stops)"
"Madhapur","Prashanth Nagar",17.63017,78.77482,17.47378,78.42698,38.1,128,1,"578 → 580J","578: Madhapur → Khajipet X Road (4 stops) | 580J: Khajipet X Road → Lalapet (29 stops)"
"Madhapur","Moosapet",17.63017,78.77482,17.47081,78.42668,45.4,154,3,"443 → 203A/479 → 104R/127K → 113K","443: Madhapur → Timmapur Village (2 stops) | 203A/479: Thimmapur → Chadarghat (26 stops) | 104R/127K: Chadarghat → Lakdikapool (8 stops) | 113K: Lakdikapool → Moosapet (6 stops)"
"Madhapur","Cherlapally Bus Stand",17.63017,78.77482,17.46329,78.61145,33.5,113,2,"578 → 580J → 3K/251","578: Madhapur → Khajipet X Road (4 stops) | 580J: Khajipet X Road → Chakripuram (17 stops) | 3K/251: Chakripuram → Cherlapally Bus Stand (4 stops)"
"Madhapur","Koti Medical College",17.63017,78.77482,17.38310,78.48282,33.7,116,2,"443 → 203A/479 → 152","443: Madhapur → Timmapur Village (2 stops) | 203A/479: Thimmapur → Chadarghat (26 stops) | 152: Chadarghat → Koti Medical College (3 stops)"
"Madhapur","Chadarghat",17.63017,78.77482,17.37722,78.49302,32.1,110,1,"443 → 203A/479","443: Madhapur → Timmapur Village (2 stops) | 203A/479: Thimmapur → Chadarghat (26 stops)"
"Madhapur","Kachiguda X Road",17.63017,78.77482,17.39069,78.48938,34.4,118,2,"443 → 203A/479 → 65K/123","443: Madhapur → Timmapur Village (2 stops) | 203A/479: Thimmapur → Chadarghat (26 stops) | 65K/123: Chadarghat → Kachiguda Railway Station (2 stops)"
"Madhapur","Gandimaisamma",17.63017,78.77482,17.57508,78.42319,35.5,127,4,"443 → 443 → 203 → 277H → 205","443: Madhapur → Timmapur Village (2 stops) | 443: Thimmapur Bus Stop → Uppariguda X Road (7 stops) | 203: Sheriguda → Mangalpally X Road (2 stops) | 277H: Mangalpally X Road → Pedda Amberpet (10 stops) | 205: Pedda Amberpet → Gandimaisamma (3 stops)"
"Madhapur","Mehdipatnam",17.63017,78.77482,17.39527,78.43980,38.7,132,3,"443 → 203A/479 → 152 → 116N","443: Madhapur → Timmapur Village (2 stops) | 203A/479: Thimmapur → Chadarghat (26 stops) | 152: Chadarghat → Koti Medical College (3 stops) | 116N: Koti Medical College → Mehdipatnam (8 stops)"
"Madhapur","Bata",17.63017,78.77482,17.43600,78.49370,41.9,140,2,"578 → 580J → 37/8A","578: Madhapur → Khajipet X Road (4 stops) | 580J: Khajipet X Road → Ecil Bus Terminal (20 stops) | 37/8A: Ecil Bus Terminal → Bata (8 stops)"
"Madhapur","Jntu X Rd",17.63017,78.77482,17.49672,78.39445,51.4,173,3,"578 → 580J → 37/8A → 24N/219","578: Madhapur → Khajipet X Road (4 stops) | 580J: Khajipet X Road → Ecil Bus Terminal (20 stops) | 37/8A: Ecil Bus Terminal → Officers Mess (5 stops) | 24N/219: Officers Mess → Jntu X Road (12 stops)"
"Madhapur","Super Bazar",17.63017,78.77482,17.37193,78.50992,32.6,114,2,"443 → 203A/479 → 72/208C","443: Madhapur → Timmapur Village (2 stops) | 203A/479: Thimmapur → Malakpet Government Hospital (25 stops) | 72/208C: Nalgonda X Roads → Super Bazar (2 stops)"
"Madhapur","Race Course",17.63017,78.77482,17.45076,78.48820,44.6,150,3,"578 → 580J → 29J → 186","578: Madhapur → Khajipet X Road (4 stops) | 580J: Khajipet X Road → Bluesea Cafe (35 stops) | 29J: Bluesea Cafe → Patny (2 stops) | 186: Patny → Race Course (2 stops)"
"Madhapur","Punjagutta",17.63017,78.77482,17.42645,78.45141,40.8,140,3,"443 → 203A/479 → 104R/127K → 19AK","443: Madhapur → Timmapur Village (2 stops) | 203A/479: Thimmapur → Chadarghat (26 stops) | 104R/127K: Chadarghat → Masab Tank (10 stops) | 19AK: Masab Tank → Panjaguta (3 stops)"
"Madhapur","Balanagar",17.63017,78.77482,17.46697,78.44626,44.9,151,3,"578 → 580J → 37/8A → 24N/219","578: Madhapur → Khajipet X Road (4 stops) | 580J: Khajipet X Road → Ecil Bus Terminal (20 stops) | 37/8A: Ecil Bus Terminal → Officers Mess (5 stops) | 24N/219: Officers Mess → Balanagar (8 stops)"
"Madhapur","Nanal Nagar",17.63017,78.77482,17.39620,78.42700,40.1,137,3,"443 → 203A/479 → 152 → 216","443: Madhapur → Timmapur Village (2 stops) | 203A/479: Thimmapur → Chadarghat (26 stops) | 152: Chadarghat → Koti Medical College (3 stops) | 216: Koti Medical College → Nanal Nagar (9 stops)"
"Madhapur","Abids Gpo",17.63017,78.77482,17.38757,78.47617,34.4,118,2,"443 → 203A/479 → 104R/127K","443: Madhapur → Timmapur Village (2 stops) | 203A/479: Thimmapur → Chadarghat (26 stops) | 104R/127K: Chadarghat → Abids Gpo (4 stops)"
"Madhapur","Kachiguda Railway Station",17.63017,78.77482,17.38950,78.49726,33.6,115,2,"443 → 203A/479 → 65K/123","443: Madhapur → Timmapur Village (2 stops) | 203A/479: Thimmapur → Chadarghat (26 stops) | 65K/123: Chadarghat → Kachiguda Railway Station (2 stops)"
"Madhapur","Ghatkesar Bus Station",17.63017,78.77482,17.45213,78.68231,28,95,3,"578 → 580J → 496 → 280B","578: Madhapur → Khajipet X Road (4 stops) | 580J: Khajipet X Road → Keesara Village (8 stops) | 496: Keesara Village → Bogaram (2 stops) | 280B: Bogaram → Ghatkesar Bus Station (6 stops)"
"Madhapur","Chengicherla",17.63017,78.77482,17.43313,78.60845,36.8,124,3,"578 → 580J → 3K/251 → 250C","578: Madhapur → Khajipet X Road (4 stops) | 580J: Khajipet X Road → Chakripuram (17 stops) | 3K/251: Chakripuram → Cherlapally Bus Stand (4 stops) | 250C: Cherlapally Bus Stand → Chengicherla (3 stops)"
"Madhapur","Shapur Nagar",17.63017,78.77482,17.51600,78.44690,55.6,190,3,"443 → 203A/479 → 277D/S → 186","443: Madhapur → Timmapur Village (2 stops) | 203A/479: Thimmapur → Nadargul (7 stops) | 277D/S: Nadargul → Lb Nagar X Road (12 stops) | 186: Lb Nagar X Road → Rythubazar-Jdm (3 stops)"
"Madhapur","Panama Godown",17.63017,78.77482,17.33840,78.56864,31.5,107,3,"443 → 203A/479 → 277D/S → 290U/S","443: Madhapur → Timmapur Village (2 stops) | 203A/479: Thimmapur → Nadargul (7 stops) | 277D/S: Nadargul → Lb Nagar X Road (12 stops) | 290U/S: Lb Nagar X Road → Panama Godown (4 stops)"
"Madhapur","Gachibowli X Road",17.63017,78.77482,17.43903,78.36295,48.5,165,3,"443 → 203A/479 → 152 → 116N/220K","443: Madhapur → Timmapur Village (2 stops) | 203A/479: Thimmapur → Chadarghat (26 stops) | 152: Chadarghat → Koti Medical College (3 stops) | 116N/220K: Koti Medical College → Gachibowli X Road (17 stops)"
"Madhapur","Abids Grammar School",17.63017,78.77482,17.39333,78.47625,36.6,125,3,"443 → 203A/479 → 104R/127K → 1M/D","443: Madhapur → Timmapur Village (2 stops) | 203A/479: Thimmapur → Chadarghat (26 stops) | 104R/127K: Chadarghat → Nampally Railway Station (5 stops) | 1M/D: Nampally Railway Station → Abids Grammar School (3 stops)"
"Madhapur","Dilsukhnagar",17.63017,78.77482,17.36862,78.52366,34.7,118,2,"443 → 203A/479 → 277D/S","443: Madhapur → Timmapur Village (2 stops) | 203A/479: Thimmapur → Nadargul (7 stops) | 277D/S: Nadargul → Dilsukhnagar (18 stops)"
"Madhapur","Sathamrai",17.63017,78.77482,17.27452,78.40118,43.5,149,3,"443 → 203A/479 → 90N/U → 49M/251","443: Madhapur → Timmapur Village (2 stops) | 203A/479: Thimmapur → Owaisi Hospital (20 stops) | 90N/U: Owaisi Hospital → Aramghar (11 stops) | 49M/251: Aramghar → Sathamrai (4 stops)"
"Madhapur","Gajularam X Road",17.63017,78.77482,17.51010,78.44771,56.2,199,3,"443 → 203A/479 → 277D/S → 186","443: Madhapur → Timmapur Village (2 stops) | 203A/479: Thimmapur → Nadargul (7 stops) | 277D/S: Nadargul → Lb Nagar X Road (12 stops) | 186: Lb Nagar X Road → Rythubazar-Jdm (3 stops)"
"Madhapur","Rc Puram",17.63017,78.77482,17.51362,78.28780,60.9,207,3,"443 → 203A/479 → 152 → 116N/220K","443: Madhapur → Timmapur Village (2 stops) | 203A/479: Thimmapur → Chadarghat (26 stops) | 152: Chadarghat → Koti Medical College (3 stops) | 116N/220K: Koti Medical College → Rc Puram (32 stops)"
"Madhapur","Kphb",17.63017,78.77482,17.49456,78.40081,50.7,170,3,"578 → 580J → 37/8A → 24N/219","578: Madhapur → Khajipet X Road (4 stops) | 580J: Khajipet X Road → Ecil Bus Terminal (20 stops) | 37/8A: Ecil Bus Terminal → Officers Mess (5 stops) | 24N/219: Officers Mess → Kphb Metro Station (11 stops)"
"Madhapur","Pisal Banda",17.63017,78.77482,17.33995,78.50379,28.4,98,1,"443 → 203A/479","443: Madhapur → Timmapur Village (2 stops) | 203A/479: Thimmapur → Owaisi Hospital (20 stops)"
"Madhapur","Police Lines",17.63017,78.77482,17.44365,78.47499,45.7,154,3,"578 → 580J → 431 → 47YN","578: Madhapur → Khajipet X Road (4 stops) | 580J: Khajipet X Road → Alugadda Bhavi (34 stops) | 431: Alugadda Bhavi → Secunderabad Railway Station (3 stops) | 47YN: Secunderabad Railway Station → Police Lines (3 stops)"
"Madhapur","Uppal X Road",17.63017,78.77482,17.40126,78.56007,35.8,122,2,"443 → 203A/479 → AL","443: Madhapur → Timmapur Village (2 stops) | 203A/479: Thimmapur → Balapur X Road (15 stops) | AL: Balapur X Road → Uppal X Road (5 stops)"
"Madhapur","Boats Club",17.63017,78.77482,17.42644,78.48664,42.9,144,2,"578 → 580J → 37/8A","578: Madhapur → Khajipet X Road (4 stops) | 580J: Khajipet X Road → Ecil Bus Terminal (20 stops) | 37/8A: Ecil Bus Terminal → Boats Club (9 stops)"
"Madhapur","Womens College",17.63017,78.77482,17.38481,78.48762,33.2,114,2,"443 → 203A/479 → 152","443: Madhapur → Timmapur Village (2 stops) | 203A/479: Thimmapur → Chadarghat (26 stops) | 152: Chadarghat → Womens College (2 stops)"
"Madhapur","Hydernagar",17.63017,78.77482,17.49919,78.38352,52.5,176,3,"578 → 580J → 37/8A → 24N/219","578: Madhapur → Khajipet X Road (4 stops) | 580J: Khajipet X Road → Ecil Bus Terminal (20 stops) | 37/8A: Ecil Bus Terminal → Officers Mess (5 stops) | 24N/219: Officers Mess → Hydernagar (14 stops)"
"Madhapur","Charminar",17.63017,78.77482,17.35868,78.47403,35.2,121,3,"443 → 203A/479 → 277MP → 253M","443: Madhapur → Timmapur Village (2 stops) | 203A/479: Thimmapur → Malakpet Government Hospital (25 stops) | 277MP: Malakpet Government Hospital → Darul Shifa (4 stops) | 253M: Darul Shifa → Charminar (2 stops)"
"Madhapur","Hitech City",17.63017,78.77482,17.44995,78.38257,48.2,164,3,"443 → 203A/479 → 104R/127K → 127K","443: Madhapur → Timmapur Village (2 stops) | 203A/479: Thimmapur → Chadarghat (26 stops) | 104R/127K: Chadarghat → Dr Br Ambedkar University (16 stops) | 127K: Dr Br Ambedkar University → Hitech City (6 stops)"
"Madhapur","Ameerpet",17.63017,78.77482,17.43155,78.44765,34.3,115,3,"443 → 477 → 488 → 452","443: Madhapur → Timmapur Village (2 stops) | 477: Timmapur Village → Maheshwaram Gate (8 stops) | 488: Maheshwaram Gate → Mansanpally X Road (7 stops) | 452: Mansanpally X Road → Ameerpet (2 stops)"
"Madhapur","Gachibowli",17.63017,78.77482,17.43966,78.36356,48.6,166,3,"443 → 203A/479 → 152 → 116N/220K","443: Madhapur → Timmapur Village (2 stops) | 203A/479: Thimmapur → Chadarghat (26 stops) | 152: Chadarghat → Koti Medical College (3 stops) | 116N/220K: Koti Medical College → Gachibowli X Road (17 stops)"
"Madhapur","Miyapur",17.63017,78.77482,17.49669,78.36077,55.3,185,3,"578 → 580J → 37/8A → 24N/219","578: Madhapur → Khajipet X Road (4 stops) | 580J: Khajipet X Road → Ecil Bus Terminal (20 stops) | 37/8A: Ecil Bus Terminal → Officers Mess (5 stops) | 24N/219: Officers Mess → Miyapur (17 stops)"
"Madhapur","Sr Nagar",17.63017,78.77482,17.44027,78.44260,41.9,143,3,"443 → 203A/479 → 104R/127K → 113K","443: Madhapur → Timmapur Village (2 stops) | 203A/479: Thimmapur → Chadarghat (26 stops) | 104R/127K: Chadarghat → Lakdikapool (8 stops) | 113K: Lakdikapool → Sr Nagar (4 stops)"
"Madhapur","Begumpet",17.63017,78.77482,17.10805,78.55358,5.1,18,0,"443","443: Madhapur → Begumpet (3 stops)"
"Madhapur","Tolichowki",17.63017,78.77482,17.39924,78.41552,41.3,141,3,"443 → 203A/479 → 152 → 216","443: Madhapur → Timmapur Village (2 stops) | 203A/479: Thimmapur → Chadarghat (26 stops) | 152: Chadarghat → Koti Medical College (3 stops) | 216: Koti Medical College → Tolichowki (10 stops)"
"Madhapur","Kondapur",17.63017,78.77482,17.46392,78.36725,11.9,41,0,"577","577: Madhapur → Kondapur (8 stops)"
"Madhapur","Shamshabad",17.63017,78.77482,17.26205,78.38824,30.9,104,3,"443 → 486 → 85/253L → 255","443: Madhapur → Timmapur Village (2 stops) | 486: Timmapur Village → Lemoor (3 stops) | 85/253L: Lemoor → Thukkuguda Bus Station (6 stops) | 255: Thukkuguda Bus Station → Shamshabad (5 stops)"
"Shamshabad","Secunderabad Railway Station",17.26205,78.38824,17.43426,78.50158,25.3,86,0,"AA","AA: Shamshabad → Secunderabad Railway Station (10 stops)"
"Shamshabad","Afzalgunj",17.26205,78.38824,17.37331,78.47693,16.6,56,0,"535S","535S: Shamshabad → Afzalgunj (16 stops)"
"Shamshabad","Alugadda Bhavi",17.26205,78.38824,17.43531,78.51438,26.6,90,1,"AA → 186","AA: Shamshabad → Secunderabad Railway Station (10 stops) | 186: Secunderabad Railway Station → Alugadda Bhavi (2 stops)"
"Shamshabad","Patny",17.26205,78.38824,17.44318,78.49625,24.6,87,0,"AA","AA: Shamshabad → Taj Tristar Patny (9 stops)"
"Shamshabad","Cbs",17.26205,78.38824,17.37823,78.48168,17.3,59,0,"535S","535S: Shamshabad → Afzalgunj (16 stops)"
"Shamshabad","Erragadda",17.26205,78.38824,17.45617,78.43378,24.4,82,2,"49M/251 → AC → 19F","49M/251: Shamshabad → Aramghar (5 stops) | AC: Aramghar → Nims Hospital (5 stops) | 19F: Nims Hospital → Erragadda (8 stops)"
"Shamshabad","Gajularamaram X Road",17.26205,78.38824,17.50941,78.44817,33.9,114,2,"49M/251 → AC → 217G/189M","49M/251: Shamshabad → Aramghar (5 stops) | AC: Aramghar → Nims Hospital (5 stops) | 217G/189M: Nims Hospital → Gajularam X Road (19 stops)"
"Shamshabad","Jbs",17.26205,78.38824,17.44757,78.49664,27,91,1,"AA → 211T","AA: Shamshabad → Secunderabad Railway Station (10 stops) | 211T: Secunderabad Railway Station → Jbs (2 stops)"
"Shamshabad","Hayathnagar Bus Station",17.26205,78.38824,17.32732,78.60489,28.1,95,1,"49M/251 → 216/118W","49M/251: Shamshabad → Aramghar (5 stops) | 216/118W: Aramghar X Roads → Hayathnagar Bus Station (4 stops)"
"Shamshabad","Rathifile Bus Station",17.26205,78.38824,17.43457,78.50488,25.1,85,1,"535S → 95M/1Z","535S: Shamshabad → Afzalgunj (16 stops) | 95M/1Z: Cbs → Rathifile Bus Station (13 stops)"
"Shamshabad","Nampally Public Garoaden",17.26205,78.38824,17.39628,78.47082,18.5,63,0,"AA","AA: Shamshabad → Nampally Railway Station (5 stops)"
"Shamshabad","Lakdikapool",17.26205,78.38824,17.40361,78.46497,21.2,71,1,"49M/251 → 5K","49M/251: Shamshabad → Mehdipatnam (14 stops) | 5K: Mehdipatnam → Lakdikapool (4 stops)"
"Shamshabad","Ecil Bus Terminal",17.26205,78.38824,17.47253,78.57006,33.5,113,2,"535S → 2U → 86J","535S: Shamshabad → Afzalgunj (16 stops) | 2U: Cbs → Shankar Matt (7 stops) | 86J: Shankar Matt → Ecil Bus Terminal (17 stops)"
"Shamshabad","Secretariat",17.26205,78.38824,17.40812,78.47182,19.9,68,0,"AA","AA: Shamshabad → Secretariat (7 stops)"
"Shamshabad","Patancheruvu",17.26205,78.38824,17.52903,78.26428,41.4,139,1,"49M/251 → 300A/217","49M/251: Shamshabad → Jyothi Nagar (12 stops) | 300A/217: Jyothi Nagar → Patancheruvu (15 stops)"
"Shamshabad","Darul Shifa",17.26205,78.38824,17.37327,78.48299,17.2,58,0,"535S","535S: Shamshabad → Afzalgunj (16 stops)"
"Shamshabad","Plaza",17.26205,78.38824,17.44330,78.49066,25.6,86,2,"49M/251 → AC → 16A/47W","49M/251: Shamshabad → Aramghar (5 stops) | AC: Aramghar → Prakash Nagar (7 stops) | 16A/47W: Prakash Nagar → Plaza (3 stops)"
"Shamshabad","Bluesea Cafe",17.26205,78.38824,17.43713,78.50515,25.8,87,0,"AA","AA: Shamshabad → Secunderabad Railway Station (10 stops)"
"Shamshabad","Tarnaka",17.26205,78.38824,17.42571,78.53223,25.4,86,2,"535S → 2U → 3","535S: Shamshabad → Afzalgunj (16 stops) | 2U: Cbs → Shankar Matt (7 stops) | 3: Shankar Matt → Tarnaka (6 stops)"
"Shamshabad","Lb Nagar X Road",17.26205,78.38824,17.34699,78.55013,26.3,89,1,"535S → 72H/204P","535S: Shamshabad → Afzalgunj (16 stops) | 72H/204P: Afzalgunj → Lb Nagar X Road (14 stops)"
"Shamshabad","Lingampally Bs",17.26205,78.38824,17.49485,78.31689,34.6,116,1,"49M/251 → 300A/217","49M/251: Shamshabad → Jyothi Nagar (12 stops) | 300A/217: Jyothi Nagar → Lingampally Bs (11 stops)"
"Shamshabad","Kukatpally",17.26205,78.38824,17.48385,78.41242,28.3,95,2,"49M/251 → AC → 223S","49M/251: Shamshabad → Aramghar (5 stops) | AC: Aramghar → Nims Hospital (5 stops) | 223S: Nims Hospital → Kukatpally (11 stops)"
"Shamshabad","Jublee Bus Station",17.26205,78.38824,17.44761,78.49758,26.8,91,1,"AA → AC","AA: Shamshabad → Secunderabad Railway Station (10 stops) | AC: Secunderabad Railway Station → Jublee Bus Station (2 stops)"
"Shamshabad","Ibrahimpatnam Bus Station",17.26205,78.38824,17.19144,78.64766,33,111,3,"92A/251 → 255 → 254K → 461","92A/251: Shamshabad → Rgi Airport (2 stops) | 255: Rgi Airport → Tukkuguda (3 stops) | 254K: Tukkuguda → Kongara Kalan (3 stops) | 461: Kongara Kalan → Ibrahimpatnam Bus Station (9 stops)"
"Shamshabad","Prashanth Nagar",17.26205,78.38824,17.47378,78.42698,26.6,90,2,"49M/251 → AC → 19S","49M/251: Shamshabad → Aramghar (5 stops) | AC: Aramghar → Nims Hospital (5 stops) | 19S: Nims Hospital → Kukatpally Bus Depot (11 stops)"
"Shamshabad","Moosapet",17.26205,78.38824,17.47081,78.42668,26.2,88,2,"49M/251 → AC → 19S","49M/251: Shamshabad → Aramghar (5 stops) | AC: Aramghar → Nims Hospital (5 stops) | 19S: Nims Hospital → Moosapet (10 stops)"
"Shamshabad","Cherlapally Bus Stand",17.26205,78.38824,17.46329,78.61145,37.5,127,2,"535S → 71A/D → 16H/49M","535S: Shamshabad → Afzalgunj (16 stops) | 71A/D: Cbs → Ioc X Roads (27 stops) | 16H/49M: Ioc X Roads → Cherlapally Bus Stand (2 stops)"
"Shamshabad","Koti Medical College",17.26205,78.38824,17.38310,78.48282,17.8,61,1,"535S → 536","535S: Shamshabad → Afzalgunj (16 stops) | 536: Afzalgunj → Koti Medical College (3 stops)"
"Shamshabad","Chadarghat",17.26205,78.38824,17.37722,78.49302,18.8,64,1,"535S → 72H/204P","535S: Shamshabad → Afzalgunj (16 stops) | 72H/204P: Afzalgunj → Chadarghat (4 stops)"
"Shamshabad","Kachiguda X Road",17.26205,78.38824,17.39069,78.48938,20.8,70,1,"535S → 83J/A","535S: Shamshabad → Afzalgunj (16 stops) | 83J/A: Cbs → Kachiguda X Road (5 stops)"
"Shamshabad","Gandimaisamma",17.26205,78.38824,17.57508,78.42319,35.6,120,2,"49M/251 → 216/118W → 524","49M/251: Shamshabad → Aramghar (5 stops) | 216/118W: Aramghar X Roads → Hayathnagar Bus Station (4 stops) | 524: Hayathnagar Bus Station → Gandimaisamma (5 stops)"
"Shamshabad","Mehdipatnam",17.26205,78.38824,17.39527,78.43980,18.5,62,0,"49M/251","49M/251: Shamshabad → Mehdipatnam (14 stops)"
"Shamshabad","Bata",17.26205,78.38824,17.43600,78.49370,23.6,80,1,"AA → 8A/67L","AA: Shamshabad → Nampally Railway Station (5 stops) | 8A/67L: Nampally Railway Station → Bata (8 stops)"
"Shamshabad","Jntu X Rd",17.26205,78.38824,17.49672,78.39445,32.2,108,2,"49M/251 → 300C/216 → 126M","49M/251: Shamshabad → Jyothi Nagar (12 stops) | 300C/216: Jyothi Nagar → Darga (4 stops) | 126M: Darga → Jntu X Rd (12 stops)"
"Shamshabad","Super Bazar",17.26205,78.38824,17.37193,78.50992,20.3,69,1,"535S → 72H/204P","535S: Shamshabad → Afzalgunj (16 stops) | 72H/204P: Afzalgunj → Super Bazar (6 stops)"
"Shamshabad","Race Course",17.26205,78.38824,17.45076,78.48820,25.5,88,1,"AA → 8/26S","AA: Shamshabad → Ranigunj (8 stops) | 8/26S: James Street → Race Course (4 stops)"
"Shamshabad","Punjagutta",17.26205,78.38824,17.42645,78.45141,20.7,70,1,"49M/251 → AC","49M/251: Shamshabad → Aramghar (5 stops) | AC: Aramghar → Nims Hospital (5 stops)"
"Shamshabad","Balanagar",17.26205,78.38824,17.46697,78.44626,28.9,97,2,"49M/251 → AC → 189MQ","49M/251: Shamshabad → Aramghar (5 stops) | AC: Aramghar → Nims Hospital (5 stops) | 189MQ: Nims Hospital → Balanagar (12 stops)"
"Shamshabad","Chintal",17.26205,78.38824,17.49540,78.45210,32.1,107,2,"49M/251 → AC → 189MQ","49M/251: Shamshabad → Aramghar (5 stops) | AC: Aramghar → Nims Hospital (5 stops) | 189MQ: Nims Hospital → Chintal (16 stops)"
"Shamshabad","Nanal Nagar",17.26205,78.38824,17.39620,78.42700,17.6,59,1,"49M/251 → 300C/216","49M/251: Shamshabad → Jyothi Nagar (12 stops) | 300C/216: Jyothi Nagar → Nanal Nagar (2 stops)"
"Shamshabad","Abids Gpo",17.26205,78.38824,17.38757,78.47617,18.2,62,1,"535S → 116G","535S: Shamshabad → Afzalgunj (16 stops) | 116G: Afzalgunj → Abids Gpo (3 stops)"
"Shamshabad","Kachiguda Railway Station",17.26205,78.38824,17.38950,78.49726,20,68,1,"535S → 2U","535S: Shamshabad → Afzalgunj (16 stops) | 2U: Cbs → Kachiguda Railway Station (5 stops)"
"Shamshabad","Ghatkesar Bus Station",17.26205,78.38824,17.45213,78.68231,40.7,137,2,"535S → 71A/D → 500","535S: Shamshabad → Afzalgunj (16 stops) | 71A/D: Cbs → Uppal X Road (15 stops) | 500: Uppal X Road → Ghatkesar Bus Station (2 stops)"
"Shamshabad","Chengicherla",17.26205,78.38824,17.43313,78.60845,34.1,115,1,"535S → 71A/D","535S: Shamshabad → Afzalgunj (16 stops) | 71A/D: Cbs → Chengicherla (26 stops)"
"Shamshabad","Quthbullapur X Rd",17.26205,78.38824,17.49890,78.45176,32.4,109,2,"49M/251 → AC → 189MQ","49M/251: Shamshabad → Aramghar (5 stops) | AC: Aramghar → Nims Hospital (5 stops) | 189MQ: Nims Hospital → Quthbullapur X Rd (17 stops)"
"Shamshabad","Shapur Nagar",17.26205,78.38824,17.51600,78.44690,34.4,115,2,"49M/251 → AC → 217G/189M","49M/251: Shamshabad → Aramghar (5 stops) | AC: Aramghar → Nims Hospital (5 stops) | 217G/189M: Nims Hospital → Shapur Nagar (20 stops)"
"Shamshabad","Panama Godown",17.26205,78.38824,17.33840,78.56864,23.1,82,2,"49M/251 → 216/118W → 1V","49M/251: Shamshabad → Aramghar (5 stops) | 216/118W: Aramghar X Roads → Lb Nagar (District Stop) (2 stops) | 1V: Chintalkunta Check Post → Panama Godown (3 stops)"
"Shamshabad","Gachibowli X Road",17.26205,78.38824,17.43903,78.36295,25.8,86,1,"49M/251 → 300A/217","49M/251: Shamshabad → Jyothi Nagar (12 stops) | 300A/217: Jyothi Nagar → Gachibowli X Road (6 stops)"
"Shamshabad","Abids Grammar School",17.26205,78.38824,17.39333,78.47625,19.3,66,1,"AA → 1M/D","AA: Shamshabad → Nampally Railway Station (5 stops) | 1M/D: Nampally Railway Station → Abids Grammar School (3 stops)"
"Shamshabad","Dilsukhnagar",17.26205,78.38824,17.36862,78.52366,21.9,74,1,"535S → 72H/204P","535S: Shamshabad → Afzalgunj (16 stops) | 72H/204P: Afzalgunj → Dilsukhnagar (8 stops)"
"Shamshabad","Sathamrai",17.26205,78.38824,17.27452,78.40118,2,7,0,"49M/251","49M/251: Shamshabad → Sathamrai (2 stops)"
"Shamshabad","Gajularam X Road",17.26205,78.38824,17.51010,78.44771,33.8,113,2,"49M/251 → AC → 217G/189M","49M/251: Shamshabad → Aramghar (5 stops) | AC: Aramghar → Nims Hospital (5 stops) | 217G/189M: Nims Hospital → Gajularam X Road (19 stops)"
"Shamshabad","Rc Puram",17.26205,78.38824,17.51362,78.28780,38.4,128,1,"49M/251 → 300A/217","49M/251: Shamshabad → Jyothi Nagar (12 stops) | 300A/217: Jyothi Nagar → Rc Puram (13 stops)"
"Shamshabad","Kphb",17.26205,78.38824,17.49456,78.40081,30,101,3,"49M/251 → AC → 223S → 198","49M/251: Shamshabad → Aramghar (5 stops) | AC: Aramghar → Nims Hospital (5 stops) | 223S: Nims Hospital → Kukatpally (11 stops) | 198: Kukatpally → Kphb Metro Station (2 stops)"
"Shamshabad","Pisal Banda",17.26205,78.38824,17.33995,78.50379,16.9,58,3,"49M/251 → 300C/217 → 300/532 → 300/253","49M/251: Shamshabad → Aramghar (5 stops) | 300C/217: Aramghar X Roads → Hashamabad (4 stops) | 300/532: Hashamabad → Phoolbagh (2 stops) | 300/253: Phoolbagh → Pisal Banda (2 stops)"
"Shamshabad","Police Lines",17.26205,78.38824,17.44365,78.47499,23.9,84,1,"49M/251 → AC","49M/251: Shamshabad → Aramghar (5 stops) | AC: Aramghar → Prakash Nagar (7 stops)"
"Shamshabad","Uppal X Road",17.26205,78.38824,17.40126,78.56007,26.4,89,1,"535S → 71A/D","535S: Shamshabad → Afzalgunj (16 stops) | 71A/D: Cbs → Uppal X Road (14 stops)"
"Shamshabad","Boats Club",17.26205,78.38824,17.42644,78.48664,22.6,77,1,"AA → 8A/67L","AA: Shamshabad → Nampally Railway Station (5 stops) | 8A/67L: Nampally Railway Station → Boats Club (6 stops)"
"Shamshabad","Womens College",17.26205,78.38824,17.38481,78.48762,19.1,66,1,"535S → 3","535S: Shamshabad → Afzalgunj (16 stops) | 3: Cbs → Koti Maternity Hospital (3 stops)"
"Shamshabad","Hydernagar",17.26205,78.38824,17.49919,78.38352,31.8,107,3,"49M/251 → AC → 223S → 10MN","49M/251: Shamshabad → Aramghar (5 stops) | AC: Aramghar → Nims Hospital (5 stops) | 223S: Nims Hospital → Kukatpally (11 stops) | 10MN: Kukatpally → Hydernagar (4 stops)"
"Shamshabad","Charminar",17.26205,78.38824,17.35868,78.47403,19.1,65,1,"535S → 253M","535S: Shamshabad → Afzalgunj (16 stops) | 253M: Darul Shifa → Charminar (2 stops)"
"Shamshabad","Hitech City",17.26205,78.38824,17.44995,78.38257,27,91,2,"49M/251 → 300C/216 → 126M","49M/251: Shamshabad → Jyothi Nagar (12 stops) | 300C/216: Jyothi Nagar → Darga (4 stops) | 126M: Darga → Hitech City (7 stops)"
"Shamshabad","Ameerpet",17.26205,78.38824,17.43155,78.44765,14.7,50,0,"252NP","252NP: Shamshabad → Ameerpet (8 stops)"
"Shamshabad","Gandipet X Road",17.26205,78.38824,17.38500,78.33100,26.1,87,1,"49M/251 → 94/220K","49M/251: Shamshabad → Attapur (11 stops) | 94/220K: Attapur → Gandipet X Road (14 stops)"
"Shamshabad","Gachibowli",17.26205,78.38824,17.43966,78.36356,23.2,80,1,"49M/251 → 216/118","49M/251: Shamshabad → Aramghar (5 stops) | 216/118: Aramghar X Roads → Gachibowli Orr (2 stops)"
"Shamshabad","Miyapur",17.26205,78.38824,17.49669,78.36077,34.2,115,3,"49M/251 → 300C/216 → 282K → 222M","49M/251: Shamshabad → Jyothi Nagar (12 stops) | 300C/216: Jyothi Nagar → Darga (4 stops) | 282K: Darga → Kothaguda X Rd (9 stops) | 222M: Kothaguda X Rd → Miyapur (6 stops)"
"Shamshabad","Sr Nagar",17.26205,78.38824,17.44027,78.44260,22.7,76,2,"49M/251 → AC → 19F","49M/251: Shamshabad → Aramghar (5 stops) | AC: Aramghar → Nims Hospital (5 stops) | 19F: Nims Hospital → Sr Nagar (6 stops)"
"Shamshabad","Begumpet",17.26205,78.38824,17.10805,78.55358,30.1,101,2,"92A/251 → 255 → 478","92A/251: Shamshabad → Rgi Airport (2 stops) | 255: Rgi Airport → Tukkuguda (3 stops) | 478: Tukkuguda → Begumpet (8 stops)"
"Shamshabad","Tolichowki",17.26205,78.38824,17.39924,78.41552,18.8,63,1,"49M/251 → 217/300","49M/251: Shamshabad → Jyothi Nagar (12 stops) | 217/300: Jyothi Nagar → Tolichowki (3 stops)"
"Shamshabad","Kondapur",17.26205,78.38824,17.46392,78.36725,29.2,98,2,"49M/251 → 300C/216 → 282K","49M/251: Shamshabad → Jyothi Nagar (12 stops) | 300C/216: Jyothi Nagar → Darga (4 stops) | 282K: Darga → Kothaguda X Rd (9 stops)"
"Shamshabad","Madhapur",17.26205,78.38824,17.63017,78.77482,63.2,212,2,"49M/251 → 300C/217 → 546","49M/251: Shamshabad → Aramghar (5 stops) | 300C/217: Aramghar X Roads → Bandlaguda (3 stops) | 546: Bandlaguda → Madhapur (13 stops)"